[09:01:12][virtualfilesystem_physfs.cpp:460]: Mounted Data: C:/Program Files (x86)/Steam/steamapps/common/Victoria 3/clausewitz
[09:01:12][virtualfilesystem_physfs.cpp:460]: Mounted Data: C:/Program Files (x86)/Steam/steamapps/common/Victoria 3/jomini
[09:01:12][virtualfilesystem_physfs.cpp:460]: Mounted Data: C:/Program Files (x86)/Steam/steamapps/common/Victoria 3/platform_specific_game_data
[09:01:12][virtualfilesystem_physfs.cpp:460]: Mounted Data: C:/Program Files (x86)/Steam/steamapps/common/Victoria 3/game
[09:01:12][jomini_game_setup.cpp:134]: Log system initialized.
[09:01:12][pdx_task.cpp:87]: Spawning 9 normal worker threads
[09:01:12][pdx_task.cpp:88]: Spawning 4 below normal worker threads
[09:01:12][systemsettings.cpp:332]: "default_settings_v1_file" is not defined in path.settings. Default "pdx_default_settings.json" will be used.
[09:01:12][systemsettings.cpp:332]: "settings_v1_file" is not defined in path.settings. Default "pdx_settings.json" will be used.
[09:01:12][pdx_json_settings.cpp:325]: [SPdxJsonSettingsIO] "pdx_settings.json" file lacks "resolution" setting in "Graphics" category.
[09:01:13][defines.cpp:230]: Define 'MIN_COMBAT_UNITS_FOR_MULTIPLE_COMMANDERS_ABSOLUTE' defined in 'common/defines/00_ai.txt' not specified. Maybe a define macro is missing
[09:01:13][defines.cpp:230]: Define 'MIN_COMBAT_UNITS_FOR_MULTIPLE_COMMANDERS_RELATIVE' defined in 'common/defines/00_ai.txt' not specified. Maybe a define macro is missing
[09:01:13][defines.cpp:230]: Define 'RETIRE_COMMANDER_INTERACTION_KEY' defined in 'common/defines/00_ai.txt' not specified. Maybe a define macro is missing
[09:01:13][defines.cpp:230]: Define 'COMMANDER_DESIRED_RANK_DISPARITY_IN_ARMY' defined in 'common/defines/00_ai.txt' not specified. Maybe a define macro is missing
[09:01:13][defines.cpp:230]: Define 'COMMANDER_DESIRED_RANK_DISPARITY_IN_FLEET' defined in 'common/defines/00_ai.txt' not specified. Maybe a define macro is missing
[09:01:13][defines.cpp:230]: Define 'name' defined in 'common/defines/00_audio_persistent_objects.txt' not specified. Maybe a define macro is missing
[09:01:13][defines.cpp:230]: Define 'scope' defined in 'common/defines/00_audio_persistent_objects.txt' not specified. Maybe a define macro is missing
[09:01:13][defines.cpp:230]: Define 'CIVIL_WAR_UPRISING_STATE_EXCESSIVE_ARMY_FRACTION' defined in 'common/defines/00_defines.txt' not specified. Maybe a define macro is missing
[09:01:13][defines.cpp:230]: Define 'BUILDING_MAX_PROFIT_TO_PAUSE_HIRES' defined in 'common/defines/00_defines.txt' not specified. Maybe a define macro is missing
[09:01:13][defines.cpp:230]: Define 'WORLD_MARKET_MONOPOLY_MIN_SHARE' defined in 'common/defines/00_defines.txt' not specified. Maybe a define macro is missing
[09:01:13][defines.cpp:230]: Define 'HIGH_POP_THRESHOLD' defined in 'common/defines/00_defines.txt' not specified. Maybe a define macro is missing
[09:01:13][defines.cpp:230]: Define 'ROLE_RULER' defined in 'common/defines/00_defines.txt' not specified. Maybe a define macro is missing
[09:01:13][defines.cpp:230]: Define 'ROLE_HEIR' defined in 'common/defines/00_defines.txt' not specified. Maybe a define macro is missing
[09:01:13][defines.cpp:230]: Define 'TARGET_NUM_POOL_POLITICIANS_POWERFUL_IG' defined in 'common/defines/00_defines.txt' not specified. Maybe a define macro is missing
[09:01:13][defines.cpp:230]: Define 'TARGET_NUM_POOL_POLITICIANS_INFLUENTIAL_IG' defined in 'common/defines/00_defines.txt' not specified. Maybe a define macro is missing
[09:01:13][defines.cpp:230]: Define 'TARGET_NUM_POOL_POLITICIANS_MARGINAL_IG' defined in 'common/defines/00_defines.txt' not specified. Maybe a define macro is missing
[09:01:13][defines.cpp:230]: Define 'FLAGSHIP_DECORATION_LOCATOR' defined in 'common/defines/00_graphics.txt' not specified. Maybe a define macro is missing
[09:01:13][pdxfilewatcher_windows.cpp:363]: Invalid path passed in Directories: C:/Users/ricar/Documents/Paradox Interactive/Victoria 3/tools_import
[09:01:13][main.cpp:564]: Total startup duration: 0.5279554 seconds
[09:01:13][pdx_account.cpp:600]: Starting up PDX SDK
[09:01:13][gfx_dx11_master_context.cpp:149]: Adapter 0: AMD Radeon RX 6800 XT (16338.22 MB)
[09:01:13][gfx_dx11_master_context.cpp:149]: Adapter 1: Microsoft Basic Render Driver (0.00 MB)
[09:01:13][gfx_dx11_master_context.cpp:149]: Selected adapter: AMD Radeon RX 6800 XT (16338.22 MB)
[09:01:13][gfx_dx11_master_context.cpp:296]: VendorId: 4098
[09:01:13][gfx_dx11_master_context.cpp:297]: DeviceId: 29631
[09:01:13][gfx_dx11_master_context.cpp:298]: SubSysId: 1728126638
[09:01:13][gfx_dx11_master_context.cpp:299]: Revision: 193
[09:01:13][pdx_json_settings.cpp:325]: [SPdxJsonSettingsIO] "pdx_settings.json" file lacks "upscale" setting in "Graphics" category.
[09:01:13][pdx_json_settings.cpp:325]: [SPdxJsonSettingsIO] "pdx_settings.json" file lacks "upscale_quality" setting in "Graphics" category.
[09:01:13][pdx_json_settings.cpp:325]: [SPdxJsonSettingsIO] "pdx_settings.json" file lacks "multi_sampling" setting in "Graphics" category.
[09:01:13][pdx_audio2.cpp:540]: Legacy setting: audio_profile_headphones_path, use audio_profiles setting instead
[09:01:13][pdx_audio2.cpp:547]: Legacy setting: audio_profile_tv_path, use audio_profiles setting instead
[09:01:13][pdx_audio2.cpp:554]: Legacy setting: audio_profile_nightmode_path, use audio_profiles setting instead
[09:01:13][pdx_audio2.cpp:614]: Creating FMOD sound engine
[09:01:13][jominiapplication.cpp:698]: DLC:
Voice of the People Preorder|dlc/dlc006_voice_of_the_people_preorder/dlc006.dlc
Pivot of Empire|dlc/dlc011_ip2/dlc011_ip2.dlc
Victoria 2 Remastered Soundtrack|dlc/dlc001_preorder/dlc001.dlc
National Awakening|dlc/dlc014_ip3/dlc014_ip3.dlc
The Great Wave|dlc/dlc018_ep2/dlc018_ep2.dlc
Songs of the Homeland|dlc/dlc015_songs_of_the_homeland/dlc015.dlc
Region Pack 1|dlc/dlc008_rp1/dlc008_rp1.dlc
Free Trains Pack|dlc/dlc009_trains_pack/dlc009_trains_pack.dlc
Sphere of Influence|dlc/dlc/dlc010_ep1/dlc010_ep1.dlc
Dawn of Wonder|dlc/dlc007_ap1/dlc007_ap1.dlc
Warships Bonus Pack|dlc/dlc017_warships_bonus_pack/dlc017_warships_bonus_pack.dlc
Voice of the People|dlc/dlc004_voice_of_the_people/dlc004.dlc
Trade Ships Bonus Pack|dlc/dlc012_trade_ships_bonus_pack/dlc012_trade_ships_bonus_pack.dlc
Charters of Commerce|dlc/dlc013_mp1/dlc013_mp1.dlc
Melodies for the Masses|dlc/dlc003_melodies_for_the_masses/dlc003.dlc
American Buildings Pack|dlc/dlc002_american_buildings/dlc002.dlc
Iberian Twilight|dlc/dlc016_ip4/dlc016_ip4.dlc
Mod:
Mod Hispano Multijugador de Balance y Detalle|C:\Users\ricar\Documents\Paradox Interactive\Victoria 3\mod\Mod Hispano Multijugador de Balance y Detalle

[09:01:13][virtualfilesystem_physfs.cpp:460]: Mounted Data: C:/Program Files (x86)/Steam/steamapps/common/Victoria 3/game/dlc/dlc017_warships_bonus_pack
[09:01:13][virtualfilesystem_physfs.cpp:460]: Mounted Data: C:/Program Files (x86)/Steam/steamapps/common/Victoria 3/game/dlc/dlc006_voice_of_the_people_preorder
[09:01:13][virtualfilesystem_physfs.cpp:460]: Mounted Data: C:/Program Files (x86)/Steam/steamapps/common/Victoria 3/game/dlc/dlc004_voice_of_the_people
[09:01:13][virtualfilesystem_physfs.cpp:460]: Mounted Data: C:/Program Files (x86)/Steam/steamapps/common/Victoria 3/game/dlc/dlc001_preorder
[09:01:13][virtualfilesystem_physfs.cpp:460]: Mounted Data: C:/Program Files (x86)/Steam/steamapps/common/Victoria 3/game/dlc/dlc012_trade_ships_bonus_pack
[09:01:13][virtualfilesystem_physfs.cpp:460]: Mounted Data: C:/Program Files (x86)/Steam/steamapps/common/Victoria 3/game/dlc/dlc018_ep2
[09:01:13][dlc.cpp:422]: Folder not found for DLC/Mod dlc010: 
[09:01:13][virtualfilesystem_physfs.cpp:460]: Mounted Data: C:/Program Files (x86)/Steam/steamapps/common/Victoria 3/game/dlc/dlc015_songs_of_the_homeland
[09:01:13][virtualfilesystem_physfs.cpp:460]: Mounted Data: C:/Program Files (x86)/Steam/steamapps/common/Victoria 3/game/dlc/dlc008_rp1
[09:01:13][virtualfilesystem_physfs.cpp:460]: Mounted Data: C:/Program Files (x86)/Steam/steamapps/common/Victoria 3/game/dlc/dlc011_ip2
[09:01:13][virtualfilesystem_physfs.cpp:460]: Mounted Data: C:/Program Files (x86)/Steam/steamapps/common/Victoria 3/game/dlc/dlc014_ip3
[09:01:13][virtualfilesystem_physfs.cpp:460]: Mounted Data: C:/Program Files (x86)/Steam/steamapps/common/Victoria 3/game/dlc/dlc003_melodies_for_the_masses
[09:01:13][virtualfilesystem_physfs.cpp:460]: Mounted Data: C:/Program Files (x86)/Steam/steamapps/common/Victoria 3/game/dlc/dlc016_ip4
[09:01:13][virtualfilesystem_physfs.cpp:460]: Mounted Data: C:/Program Files (x86)/Steam/steamapps/common/Victoria 3/game/dlc/dlc009_trains_pack
[09:01:13][virtualfilesystem_physfs.cpp:460]: Mounted Data: C:/Program Files (x86)/Steam/steamapps/common/Victoria 3/game/dlc/dlc007_ap1
[09:01:13][virtualfilesystem_physfs.cpp:460]: Mounted Data: C:/Program Files (x86)/Steam/steamapps/common/Victoria 3/game/dlc/dlc013_mp1
[09:01:13][virtualfilesystem_physfs.cpp:460]: Mounted Data: C:/Program Files (x86)/Steam/steamapps/common/Victoria 3/game/dlc/dlc002_american_buildings
[09:01:13][virtualfilesystem_physfs.cpp:460]: Mounted Data: C:/Users/ricar/Documents/Paradox Interactive/Victoria 3/mod/Mod Hispano Multijugador de Balance y Detalle
[09:01:13][dlc.cpp:748]: Mod Mod Hispano Multijugador de Balance y Detalle (3575706432) version  successfully matched game version 1.14.2.
[09:01:13][pdx_matchmaking.cpp:62]: Matchmaking Interface: Steam
[09:01:13][defines.cpp:230]: Define 'MIN_COMBAT_UNITS_FOR_MULTIPLE_COMMANDERS_ABSOLUTE' defined in 'common/defines/00_ai.txt' not specified. Maybe a define macro is missing
[09:01:13][defines.cpp:230]: Define 'MIN_COMBAT_UNITS_FOR_MULTIPLE_COMMANDERS_RELATIVE' defined in 'common/defines/00_ai.txt' not specified. Maybe a define macro is missing
[09:01:13][defines.cpp:230]: Define 'RETIRE_COMMANDER_INTERACTION_KEY' defined in 'common/defines/00_ai.txt' not specified. Maybe a define macro is missing
[09:01:13][defines.cpp:230]: Define 'COMMANDER_DESIRED_RANK_DISPARITY_IN_ARMY' defined in 'common/defines/00_ai.txt' not specified. Maybe a define macro is missing
[09:01:13][defines.cpp:230]: Define 'COMMANDER_DESIRED_RANK_DISPARITY_IN_FLEET' defined in 'common/defines/00_ai.txt' not specified. Maybe a define macro is missing
[09:01:13][defines.cpp:230]: Define 'DISBAND_OBSOLETE_SHIP_DAYS' defined in 'common/defines/00_ai.txt' not specified. Maybe a define macro is missing
[09:01:13][defines.cpp:230]: Define 'FLEET_MISSION_INTERCEPT_WEIGHT' defined in 'common/defines/00_ai.txt' not specified. Maybe a define macro is missing
[09:01:13][defines.cpp:230]: Define 'FLEET_MISSION_PROJECT_POWER_WEIGHT' defined in 'common/defines/00_ai.txt' not specified. Maybe a define macro is missing
[09:01:13][defines.cpp:230]: Define 'FLEET_MISSION_BLOCKADE_WEIGHT' defined in 'common/defines/00_ai.txt' not specified. Maybe a define macro is missing
[09:01:13][defines.cpp:230]: Define 'FLEET_MISSION_RAID_SUPPLY_WEIGHT' defined in 'common/defines/00_ai.txt' not specified. Maybe a define macro is missing
[09:01:13][defines.cpp:230]: Define 'FLEET_MISSION_PROTECT_SUPPLY_WEIGHT' defined in 'common/defines/00_ai.txt' not specified. Maybe a define macro is missing
[09:01:13][defines.cpp:230]: Define 'FLEET_MISSION_PORT_BOMBARDMENT_WEIGHT' defined in 'common/defines/00_ai.txt' not specified. Maybe a define macro is missing
[09:01:13][defines.cpp:230]: Define 'FLEET_MISSION_PIRACY_WEIGHT' defined in 'common/defines/00_ai.txt' not specified. Maybe a define macro is missing
[09:01:13][defines.cpp:230]: Define 'FLEET_MISSION_PRIVATEER_WEIGHT' defined in 'common/defines/00_ai.txt' not specified. Maybe a define macro is missing
[09:01:13][defines.cpp:230]: Define 'FLEET_MISSION_HUNT_PIRATES_WEIGHT' defined in 'common/defines/00_ai.txt' not specified. Maybe a define macro is missing
[09:01:13][defines.cpp:230]: Define 'FLEET_MISSION_DEFEND_COAST_WEIGHT' defined in 'common/defines/00_ai.txt' not specified. Maybe a define macro is missing
[09:01:13][defines.cpp:230]: Define 'ADMIRAL_ORDERS_RANDOM_FACTOR' defined in 'common/defines/00_ai.txt' not specified. Maybe a define macro is missing
[09:01:13][defines.cpp:230]: Define 'ADMIRAL_ORDERS_MIN_OFFENSIVE_FRACTION' defined in 'common/defines/00_ai.txt' not specified. Maybe a define macro is missing
[09:01:13][defines.cpp:230]: Define 'ADMIRAL_ORDERS_MAX_OFFENSIVE_FRACTION' defined in 'common/defines/00_ai.txt' not specified. Maybe a define macro is missing
[09:01:13][defines.cpp:230]: Define 'ADMIRAL_ORDERS_BASE_OFFENSIVE_FRACTION' defined in 'common/defines/00_ai.txt' not specified. Maybe a define macro is missing
[09:01:13][defines.cpp:230]: Define 'ADMIRAL_ORDERS_OFFENSIVE_FRACTION_SCALING' defined in 'common/defines/00_ai.txt' not specified. Maybe a define macro is missing
[09:01:13][defines.cpp:230]: Define 'ADMIRAL_ORDERS_BASE_INTEREST_FRACTION' defined in 'common/defines/00_ai.txt' not specified. Maybe a define macro is missing
[09:01:13][defines.cpp:230]: Define 'ADMIRAL_ORDERS_PROJECT_INTEREST_FACTOR' defined in 'common/defines/00_ai.txt' not specified. Maybe a define macro is missing
[09:01:13][defines.cpp:230]: Define 'ADMIRAL_ORDERS_STANCE_CHANGE_CHANCE' defined in 'common/defines/00_ai.txt' not specified. Maybe a define macro is missing
[09:01:13][defines.cpp:230]: Define 'ADMIRAL_ORDERS_RAID_CONVOYS_LANE_SIZE_FACTOR' defined in 'common/defines/00_ai.txt' not specified. Maybe a define macro is missing
[09:01:13][defines.cpp:230]: Define 'ADMIRAL_ORDERS_RAID_CONVOYS_ARMY_SUPPLY_ROUTE_MULT' defined in 'common/defines/00_ai.txt' not specified. Maybe a define macro is missing
[09:01:13][defines.cpp:230]: Define 'ADMIRAL_ORDERS_RAID_CONVOYS_ARMY_OWN_TERRITORY_SUPPLY_ROUTE_MULT' defined in 'common/defines/00_ai.txt' not specified. Maybe a define macro is missing
[09:01:13][defines.cpp:230]: Define 'ADMIRAL_ORDERS_ESCORT_CONVOYS_ABSOLUTE_LANE_SIZE_FACTOR' defined in 'common/defines/00_ai.txt' not specified. Maybe a define macro is missing
[09:01:13][defines.cpp:230]: Define 'ADMIRAL_ORDERS_ESCORT_CONVOYS_LANE_SIZE_FACTOR_MAX' defined in 'common/defines/00_ai.txt' not specified. Maybe a define macro is missing
[09:01:13][defines.cpp:230]: Define 'ADMIRAL_ORDERS_ESCORT_CONVOYS_PORT_CONNECTION_WAR_MULT' defined in 'common/defines/00_ai.txt' not specified. Maybe a define macro is missing
[09:01:13][defines.cpp:230]: Define 'ADMIRAL_ORDERS_ESCORT_CONVOYS_PORT_CONNECTION_PEACE_MULT' defined in 'common/defines/00_ai.txt' not specified. Maybe a define macro is missing
[09:01:13][defines.cpp:230]: Define 'ADMIRAL_ORDERS_ESCORT_CONVOYS_ARMY_SUPPLY_ROUTE_MULT' defined in 'common/defines/00_ai.txt' not specified. Maybe a define macro is missing
[09:01:13][defines.cpp:230]: Define 'ADMIRAL_ORDERS_ESCORT_CONVOYS_ACTIVE_RAIDERS_MULT' defined in 'common/defines/00_ai.txt' not specified. Maybe a define macro is missing
[09:01:13][defines.cpp:230]: Define 'ADMIRAL_ORDERS_ESCORT_CONVOYS_PROTECTED_CONVOYS_MULT' defined in 'common/defines/00_ai.txt' not specified. Maybe a define macro is missing
[09:01:13][defines.cpp:230]: Define 'ADMIRAL_ORDERS_INTERCEPTION_PEACE_NEGOTIATOR_CAPITAL_FACTOR' defined in 'common/defines/00_ai.txt' not specified. Maybe a define macro is missing
[09:01:13][defines.cpp:230]: Define 'ADMIRAL_ORDERS_INTERCEPTION_OWN_CAPITAL_FACTOR' defined in 'common/defines/00_ai.txt' not specified. Maybe a define macro is missing
[09:01:13][defines.cpp:230]: Define 'ADMIRAL_ORDERS_INTERCEPTION_WARGOAL_FACTOR' defined in 'common/defines/00_ai.txt' not specified. Maybe a define macro is missing
[09:01:13][defines.cpp:230]: Define 'ADMIRAL_ORDERS_INTERCEPTION_WARGOAL_OWN_TERRITORY_FACTOR' defined in 'common/defines/00_ai.txt' not specified. Maybe a define macro is missing
[09:01:13][defines.cpp:230]: Define 'ADMIRAL_ORDERS_INTERCEPTION_HOSTILE_NAVAL_INVASION_MULT' defined in 'common/defines/00_ai.txt' not specified. Maybe a define macro is missing
[09:01:13][defines.cpp:230]: Define 'ADMIRAL_ORDERS_INTERCEPTION_HOSTILE_BLOCKADE_MULT' defined in 'common/defines/00_ai.txt' not specified. Maybe a define macro is missing
[09:01:13][defines.cpp:230]: Define 'AI_PEACE_AGREEMENT_WHITE_PEACE_WAR_DURATION' defined in 'common/defines/00_ai.txt' not specified. Maybe a define macro is missing
[09:01:13][defines.cpp:230]: Define 'AI_PEACE_AGREEMENT_WAR_SUPPORT_FACTOR' defined in 'common/defines/00_ai.txt' not specified. Maybe a define macro is missing
[09:01:13][defines.cpp:230]: Define 'AI_CAPITULATE_WAR_SUPPORT_FACTOR' defined in 'common/defines/00_ai.txt' not specified. Maybe a define macro is missing
[09:01:13][defines.cpp:230]: Define 'AI_CAPITULATE_ENEMY_WARGOAL_FACTOR' defined in 'common/defines/00_ai.txt' not specified. Maybe a define macro is missing
[09:01:13][defines.cpp:230]: Define 'AI_MONTHS_OF_REDUCED_PEACE_DESIRE' defined in 'common/defines/00_ai.txt' not specified. Maybe a define macro is missing
[09:01:13][defines.cpp:230]: Define 'AI_PEACE_DESIRE_FROM_SHORT_WAR' defined in 'common/defines/00_ai.txt' not specified. Maybe a define macro is missing
[09:01:13][defines.cpp:230]: Define 'AI_PEACE_DESIRE_FROM_TURMOIL' defined in 'common/defines/00_ai.txt' not specified. Maybe a define macro is missing
[09:01:13][defines.cpp:230]: Define 'AI_PEACE_DESIRE_FROM_DEVASTATION' defined in 'common/defines/00_ai.txt' not specified. Maybe a define macro is missing
[09:01:13][defines.cpp:230]: Define 'AI_PEACE_DESIRE_FROM_LOYALISTS' defined in 'common/defines/00_ai.txt' not specified. Maybe a define macro is missing
[09:01:13][defines.cpp:230]: Define 'AI_PEACE_DESIRE_FROM_DEBT_LEVEL' defined in 'common/defines/00_ai.txt' not specified. Maybe a define macro is missing
[09:01:13][defines.cpp:230]: Define 'AI_PEACE_DESIRE_FROM_BANKRUPTCY' defined in 'common/defines/00_ai.txt' not specified. Maybe a define macro is missing
[09:01:13][defines.cpp:230]: Define 'AI_PEACE_DESIRE_FROM_GOLD_RESERVES' defined in 'common/defines/00_ai.txt' not specified. Maybe a define macro is missing
[09:01:13][defines.cpp:230]: Define 'PIRACY_HEAT_GAIN_PER_GOODS' defined in 'common/defines/00_ai.txt' not specified. Maybe a define macro is missing
[09:01:13][defines.cpp:230]: Define 'PIRACY_HEAT_DECAY' defined in 'common/defines/00_ai.txt' not specified. Maybe a define macro is missing
[09:01:13][defines.cpp:230]: Define 'HUNT_PIRATES_SCORING_FLEET_PIRACY_HEAT_MULT' defined in 'common/defines/00_ai.txt' not specified. Maybe a define macro is missing
[09:01:13][defines.cpp:230]: Define 'INTERCEPT_OUTCLASSED_MULT' defined in 'common/defines/00_ai.txt' not specified. Maybe a define macro is missing
[09:01:13][defines.cpp:230]: Define 'POWER_PROJECTION_OUTCLASSED_MULT' defined in 'common/defines/00_ai.txt' not specified. Maybe a define macro is missing
[09:01:13][defines.cpp:230]: Define 'DEFEND_COAST_ACCEPTABLE_DISTANCE' defined in 'common/defines/00_ai.txt' not specified. Maybe a define macro is missing
[09:01:13][defines.cpp:230]: Define 'RAID_SUPPLY_OUTCLASSED_MULT' defined in 'common/defines/00_ai.txt' not specified. Maybe a define macro is missing
[09:01:13][defines.cpp:230]: Define 'PROTECT_SUPPLY_OUTCLASSED_MULT' defined in 'common/defines/00_ai.txt' not specified. Maybe a define macro is missing
[09:01:13][defines.cpp:230]: Define 'DEFEND_COAST_OUTCLASSED_MULT' defined in 'common/defines/00_ai.txt' not specified. Maybe a define macro is missing
[09:01:13][defines.cpp:230]: Define 'BLOCKADE_OUTCLASSED_MULT' defined in 'common/defines/00_ai.txt' not specified. Maybe a define macro is missing
[09:01:13][defines.cpp:230]: Define 'PORT_BOMBARDMENT_OUTCLASSED_MULT' defined in 'common/defines/00_ai.txt' not specified. Maybe a define macro is missing
[09:01:13][defines.cpp:230]: Define 'name' defined in 'common/defines/00_audio_persistent_objects.txt' not specified. Maybe a define macro is missing
[09:01:13][defines.cpp:230]: Define 'scope' defined in 'common/defines/00_audio_persistent_objects.txt' not specified. Maybe a define macro is missing
[09:01:13][defines.cpp:230]: Define 'CIVIL_WAR_UPRISING_STATE_EXCESSIVE_ARMY_FRACTION' defined in 'common/defines/00_defines.txt' not specified. Maybe a define macro is missing
[09:01:13][defines.cpp:230]: Define 'BUILDING_MAX_PROFIT_TO_PAUSE_HIRES' defined in 'common/defines/00_defines.txt' not specified. Maybe a define macro is missing
[09:01:13][defines.cpp:230]: Define 'WORLD_MARKET_MONOPOLY_MIN_SHARE' defined in 'common/defines/00_defines.txt' not specified. Maybe a define macro is missing
[09:01:13][defines.cpp:230]: Define 'DEFAULT_WAR_GOAL_IS_HUMILIATION' defined in 'common/defines/00_defines.txt' not specified. Maybe a define macro is missing
[09:01:13][defines.cpp:230]: Define 'RIVALRY_SCALING_PER_INTEREST' defined in 'common/defines/00_defines.txt' not specified. Maybe a define macro is missing
[09:01:13][defines.cpp:230]: Define 'WAR_GOAL_MAKE_PROTECTORATE_SUBJECT_TYPE' defined in 'common/defines/00_defines.txt' not specified. Maybe a define macro is missing
[09:01:13][defines.cpp:230]: Define 'WAR_GOAL_MAKE_TRIBUTARY_SUBJECT_TYPE' defined in 'common/defines/00_defines.txt' not specified. Maybe a define macro is missing
[09:01:13][defines.cpp:230]: Define 'WAR_GOAL_MAKE_DOMINION_SUBJECT_TYPE' defined in 'common/defines/00_defines.txt' not specified. Maybe a define macro is missing
[09:01:13][defines.cpp:230]: Define 'HIGH_POP_THRESHOLD' defined in 'common/defines/00_defines.txt' not specified. Maybe a define macro is missing
[09:01:13][defines.cpp:230]: Define 'ROLE_RULER' defined in 'common/defines/00_defines.txt' not specified. Maybe a define macro is missing
[09:01:13][defines.cpp:230]: Define 'ROLE_HEIR' defined in 'common/defines/00_defines.txt' not specified. Maybe a define macro is missing
[09:01:13][defines.cpp:230]: Define 'TARGET_NUM_POOL_POLITICIANS_POWERFUL_IG' defined in 'common/defines/00_defines.txt' not specified. Maybe a define macro is missing
[09:01:13][defines.cpp:230]: Define 'TARGET_NUM_POOL_POLITICIANS_INFLUENTIAL_IG' defined in 'common/defines/00_defines.txt' not specified. Maybe a define macro is missing
[09:01:13][defines.cpp:230]: Define 'TARGET_NUM_POOL_POLITICIANS_MARGINAL_IG' defined in 'common/defines/00_defines.txt' not specified. Maybe a define macro is missing
[09:01:13][defines.cpp:230]: Define 'AUTO_CAPITULATE_WAR_SUPPORT' defined in 'common/defines/00_defines.txt' not specified. Maybe a define macro is missing
[09:01:13][defines.cpp:230]: Define 'DAYS_BETWEEN_WAR_EXHAUSTION' defined in 'common/defines/00_defines.txt' not specified. Maybe a define macro is missing
[09:01:13][defines.cpp:230]: Define 'WAR_EXHAUSTION_BASE' defined in 'common/defines/00_defines.txt' not specified. Maybe a define macro is missing
[09:01:13][defines.cpp:230]: Define 'WAR_EXHAUSTION_KIA_FACTOR' defined in 'common/defines/00_defines.txt' not specified. Maybe a define macro is missing
[09:01:13][defines.cpp:230]: Define 'WAR_EXHAUSTION_KIA_BASE_MULTIPLIER' defined in 'common/defines/00_defines.txt' not specified. Maybe a define macro is missing
[09:01:13][defines.cpp:230]: Define 'WAR_EXHAUSTION_KIA_BATTLES_LOST_MULTIPLIER' defined in 'common/defines/00_defines.txt' not specified. Maybe a define macro is missing
[09:01:13][defines.cpp:230]: Define 'WAR_EXHAUSTION_TURMOIL_FACTOR' defined in 'common/defines/00_defines.txt' not specified. Maybe a define macro is missing
[09:01:13][defines.cpp:230]: Define 'WAR_EXHAUSTION_CONTESTED_ENEMY_WARGOALS' defined in 'common/defines/00_defines.txt' not specified. Maybe a define macro is missing
[09:01:13][defines.cpp:230]: Define 'WAR_EXHAUSTION_ANTI_WAR_LOBBY_CLOUT_FACTOR' defined in 'common/defines/00_defines.txt' not specified. Maybe a define macro is missing
[09:01:13][defines.cpp:230]: Define 'WAR_EXHAUSTION_PRO_WAR_LOBBY_CLOUT_FACTOR' defined in 'common/defines/00_defines.txt' not specified. Maybe a define macro is missing
[09:01:13][defines.cpp:230]: Define 'WAR_EXHAUSTION_MAX' defined in 'common/defines/00_defines.txt' not specified. Maybe a define macro is missing
[09:01:13][defines.cpp:230]: Define 'WAR_EXHAUSTION_MIN' defined in 'common/defines/00_defines.txt' not specified. Maybe a define macro is missing
[09:01:13][defines.cpp:230]: Define 'ARMY_CONNECTION_UNDEVELOPED_COST_MULT' defined in 'common/defines/00_defines.txt' not specified. Maybe a define macro is missing
[09:01:13][defines.cpp:230]: Define 'ARMY_CONNECTION_UNDEVELOPED_HARSH_COST_MULT' defined in 'common/defines/00_defines.txt' not specified. Maybe a define macro is missing
[09:01:13][defines.cpp:230]: Define 'ARMY_CONNECTION_DIRT_ROAD_COST_MULT' defined in 'common/defines/00_defines.txt' not specified. Maybe a define macro is missing
[09:01:13][defines.cpp:230]: Define 'ARMY_CONNECTION_HARDENED_ROAD_COST_MULT' defined in 'common/defines/00_defines.txt' not specified. Maybe a define macro is missing
[09:01:13][defines.cpp:230]: Define 'ARMY_CONNECTION_RAILWAY_COST_MULT' defined in 'common/defines/00_defines.txt' not specified. Maybe a define macro is missing
[09:01:13][defines.cpp:230]: Define 'ARMY_CONNECTION_CHARTED_COST_MULT' defined in 'common/defines/00_defines.txt' not specified. Maybe a define macro is missing
[09:01:13][defines.cpp:230]: Define 'ARMY_CONNECTION_CANAL_COST_MULT' defined in 'common/defines/00_defines.txt' not specified. Maybe a define macro is missing
[09:01:13][defines.cpp:230]: Define 'ARMY_CONNECTION_STRAIT_CROSSING_COST_MULT' defined in 'common/defines/00_defines.txt' not specified. Maybe a define macro is missing
[09:01:13][defines.cpp:230]: Define 'ARMY_DIRECT_CONNECTION_COST_MULT' defined in 'common/defines/00_defines.txt' not specified. Maybe a define macro is missing
[09:01:13][defines.cpp:230]: Define 'ARMY_CONNECTION_DOCKING_COST' defined in 'common/defines/00_defines.txt' not specified. Maybe a define macro is missing
[09:01:13][defines.cpp:230]: Define 'ARMY_CONNECTION_STRAIT_CROSSING_COST' defined in 'common/defines/00_defines.txt' not specified. Maybe a define macro is missing
[09:01:13][defines.cpp:230]: Define 'FLEET_CONNECTION_UNDEVELOPED_COST_MULT' defined in 'common/defines/00_defines.txt' not specified. Maybe a define macro is missing
[09:01:13][defines.cpp:230]: Define 'FLEET_CONNECTION_UNDEVELOPED_HARSH_COST_MULT' defined in 'common/defines/00_defines.txt' not specified. Maybe a define macro is missing
[09:01:13][defines.cpp:230]: Define 'FLEET_CONNECTION_DIRT_ROAD_COST_MULT' defined in 'common/defines/00_defines.txt' not specified. Maybe a define macro is missing
[09:01:13][defines.cpp:230]: Define 'FLEET_CONNECTION_HARDENED_ROAD_COST_MULT' defined in 'common/defines/00_defines.txt' not specified. Maybe a define macro is missing
[09:01:13][defines.cpp:230]: Define 'FLEET_CONNECTION_RAILWAY_COST_MULT' defined in 'common/defines/00_defines.txt' not specified. Maybe a define macro is missing
[09:01:13][defines.cpp:230]: Define 'FLEET_CONNECTION_CHARTED_COST_MULT' defined in 'common/defines/00_defines.txt' not specified. Maybe a define macro is missing
[09:01:13][defines.cpp:230]: Define 'FLEET_CONNECTION_CANAL_COST_MULT' defined in 'common/defines/00_defines.txt' not specified. Maybe a define macro is missing
[09:01:13][defines.cpp:230]: Define 'FLEET_CONNECTION_STRAIT_CROSSING_COST_MULT' defined in 'common/defines/00_defines.txt' not specified. Maybe a define macro is missing
[09:01:13][defines.cpp:230]: Define 'FLEET_DIRECT_CONNECTION_COST_MULT' defined in 'common/defines/00_defines.txt' not specified. Maybe a define macro is missing
[09:01:13][defines.cpp:230]: Define 'FLEET_CONNECTION_DOCKING_COST' defined in 'common/defines/00_defines.txt' not specified. Maybe a define macro is missing
[09:01:13][defines.cpp:230]: Define 'FLEET_CONNECTION_STRAIT_CROSSING_COST' defined in 'common/defines/00_defines.txt' not specified. Maybe a define macro is missing
[09:01:13][defines.cpp:230]: Define 'DIRECT_CONNECTION_NODE_MAX_NODES' defined in 'common/defines/00_defines.txt' not specified. Maybe a define macro is missing
[09:01:13][defines.cpp:230]: Define 'DIRECT_CONNECTION_NODE_SEARCH_DISTANCE' defined in 'common/defines/00_defines.txt' not specified. Maybe a define macro is missing
[09:01:13][defines.cpp:230]: Define 'DIRECT_CONNECTION_MAP_MAX_DISTANCE' defined in 'common/defines/00_defines.txt' not specified. Maybe a define macro is missing
[09:01:13][defines.cpp:230]: Define 'STRAIT_CROSSING_NODE_CREATION_DISTANCE' defined in 'common/defines/00_defines.txt' not specified. Maybe a define macro is missing
[09:01:13][defines.cpp:230]: Define 'FLAGSHIP_DECORATION_LOCATOR' defined in 'common/defines/00_graphics.txt' not specified. Maybe a define macro is missing
[09:01:13][virtualfilesystem.cpp:420]: Starting pre-enumerating 'gfx/models'(.asset, , -1)
[09:01:13][virtualfilesystem.cpp:420]: Starting pre-enumerating 'fonts'(.font, , -1)
[09:01:13][virtualfilesystem.cpp:420]: Starting pre-enumerating 'gui'(.gui, , -1)
[09:01:13][application.cpp:925]: Starting checksum calculation
[09:01:13][application.cpp:975]: Feeding into checksum: BLOCK_MP_AND_IRONMAN
[09:01:13][application.cpp:983]: Feeding game version into checksum: 1.14.2
[09:01:13][virtualfilesystem.cpp:420]: Starting pre-enumerating 'gfx/loadingscreens'(.dds, , 0)
[09:01:13][virtualfilesystem.cpp:420]: Starting pre-enumerating 'gfx/frontend/interface/frontend/startscreen.dds'(.dds, , 0)
[09:01:13][virtualfilesystem.cpp:420]: Starting pre-enumerating 'common/script_values'(.txt, , 0)
[09:01:13][virtualfilesystem.cpp:420]: Starting pre-enumerating 'common/scripted_effects'(.txt, , 0)
[09:01:13][virtualfilesystem.cpp:420]: Starting pre-enumerating 'common/scripted_triggers'(.txt, , 0)
[09:01:13][virtualfilesystem.cpp:420]: Starting pre-enumerating 'common/scripted_modifiers'(.txt, , 0)
[09:01:13][virtualfilesystem.cpp:420]: Starting pre-enumerating 'common/scripted_lists'(.txt, , 0)
[09:01:13][virtualfilesystem.cpp:420]: Starting pre-enumerating 'common/scripted_guis'(.txt, , 0)
[09:01:13][virtualfilesystem.cpp:420]: Starting pre-enumerating 'common/scripted_rules'(.txt, , 0)
[09:01:13][virtualfilesystem.cpp:420]: Starting pre-enumerating 'common/customizable_localization'(.txt, , 0)
[09:01:13][virtualfilesystem.cpp:420]: Starting pre-enumerating 'common/named_colors'(.txt, , 0)
[09:01:13][virtualfilesystem.cpp:420]: Starting pre-enumerating 'common/coat_of_arms/coat_of_arms'(.txt, , 0)
[09:01:13][virtualfilesystem.cpp:420]: Starting pre-enumerating 'common/coat_of_arms/template_lists'(.txt, , 0)
[09:01:13][virtualfilesystem.cpp:420]: Starting pre-enumerating 'common/ethnicities'(.txt, , 0)
[09:01:13][virtualfilesystem.cpp:420]: Starting pre-enumerating 'common/genes'(.txt, , 0)
[09:01:13][virtualfilesystem.cpp:420]: Starting pre-enumerating 'gfx/portraits/accessory_variations'(.txt, , 0)
[09:01:13][virtualfilesystem.cpp:420]: Starting pre-enumerating 'gfx/portraits/accessories'(.txt, , 0)
[09:01:13][virtualfilesystem.cpp:420]: Starting pre-enumerating 'gfx/portraits/portrait_animations'(.txt, , 0)
[09:01:13][virtualfilesystem.cpp:420]: Starting pre-enumerating 'gfx/portraits/cameras/'(.txt, , 0)
[09:01:13][virtualfilesystem.cpp:420]: Starting pre-enumerating 'gfx/portraits/environments/'(.txt, , 0)
[09:01:13][virtualfilesystem.cpp:420]: Starting pre-enumerating 'gfx/portraits/portrait_modifiers'(.txt, , 0)
[09:01:13][virtualfilesystem.cpp:420]: Starting pre-enumerating 'common/game_concepts'(.txt, , 0)
[09:01:13][virtualfilesystem.cpp:420]: Starting pre-enumerating 'common/ai_strategies'(.txt, , 0)
[09:01:13][virtualfilesystem.cpp:420]: Starting pre-enumerating 'common/alert_types'(.txt, , 0)
[09:01:13][virtualfilesystem.cpp:388]: Done enumerating 'fonts'(.font, , -1) in 0.009 seconds
[09:01:13][virtualfilesystem.cpp:420]: Starting pre-enumerating 'common/buildings'(.txt, , 0)
[09:01:13][virtualfilesystem.cpp:420]: Starting pre-enumerating 'common/building_groups'(.txt, , 0)
[09:01:13][virtualfilesystem.cpp:420]: Starting pre-enumerating 'common/buy_packages'(.txt, , 0)
[09:01:13][virtualfilesystem.cpp:420]: Starting pre-enumerating 'common/pop_needs'(.txt, , 0)
[09:01:13][virtualfilesystem.cpp:420]: Starting pre-enumerating 'common/cultures'(.txt, , 0)
[09:01:13][virtualfilesystem.cpp:420]: Starting pre-enumerating 'common/country_types'(.txt, , 0)
[09:01:13][virtualfilesystem.cpp:420]: Starting pre-enumerating 'common/country_ranks'(.txt, , 0)
[09:01:13][virtualfilesystem.cpp:388]: Done enumerating 'gfx/loadingscreens'(.dds, , 0) in 0.001 seconds
[09:01:13][virtualfilesystem.cpp:420]: Starting pre-enumerating 'common/diplomatic_actions'(.txt, , 0)
[09:01:13][virtualfilesystem.cpp:420]: Starting pre-enumerating 'common/diplomatic_plays'(.txt, , 0)
[09:01:13][virtualfilesystem.cpp:420]: Starting pre-enumerating 'common/dynamic_country_names'(.txt, , 0)
[09:01:13][virtualfilesystem.cpp:388]: Done enumerating 'gfx/frontend/interface/frontend/startscreen.dds'(.dds, , 0) in 0.001 seconds
[09:01:13][virtualfilesystem.cpp:420]: Starting pre-enumerating 'common/game_rules'(.txt, , 0)
[09:01:13][virtualfilesystem.cpp:388]: Done enumerating 'common/script_values'(.txt, , 0) in 0.001 seconds
[09:01:13][virtualfilesystem.cpp:420]: Starting pre-enumerating 'common/goods'(.txt, , 0)
[09:01:13][virtualfilesystem.cpp:420]: Starting pre-enumerating 'common/ideologies'(.txt, , 0)
[09:01:13][virtualfilesystem.cpp:420]: Starting pre-enumerating 'common/interest_groups'(.txt, , 0)
[09:01:13][virtualfilesystem.cpp:420]: Starting pre-enumerating 'common/interest_group_traits'(.txt, , 0)
[09:01:13][virtualfilesystem.cpp:420]: Starting pre-enumerating 'common/government_types'(.txt, , 0)
[09:01:13][virtualfilesystem.cpp:388]: Done enumerating 'common/scripted_effects'(.txt, , 0) in 0.001 seconds
[09:01:13][virtualfilesystem.cpp:420]: Starting pre-enumerating 'common/on_actions'(.txt, , 0)
[09:01:13][virtualfilesystem.cpp:388]: Done enumerating 'common/scripted_triggers'(.txt, , 0) in 0.001 seconds
[09:01:13][virtualfilesystem.cpp:420]: Starting pre-enumerating 'common/objectives'(.txt, , 0)
[09:01:13][virtualfilesystem.cpp:388]: Done enumerating 'common/scripted_modifiers'(.txt, , 0) in 0.001 seconds
[09:01:13][virtualfilesystem.cpp:420]: Starting pre-enumerating 'common/objective_subgoals'(.txt, , 0)
[09:01:13][virtualfilesystem.cpp:420]: Starting pre-enumerating 'common/objective_subgoal_categories'(.txt, , 0)
[09:01:13][virtualfilesystem.cpp:388]: Done enumerating 'common/scripted_lists'(.txt, , 0) in 0.001 seconds
[09:01:13][virtualfilesystem.cpp:388]: Done enumerating 'common/scripted_guis'(.txt, , 0) in 0.001 seconds
[09:01:13][virtualfilesystem.cpp:420]: Starting pre-enumerating 'common/proposal_types'(.txt, , 0)
[09:01:13][virtualfilesystem.cpp:388]: Done enumerating 'common/scripted_rules'(.txt, , 0) in 0.001 seconds
[09:01:13][virtualfilesystem.cpp:420]: Starting pre-enumerating 'common/laws'(.txt, , 0)
[09:01:13][virtualfilesystem.cpp:420]: Starting pre-enumerating 'common/institutions'(.txt, , 0)
[09:01:13][virtualfilesystem.cpp:420]: Starting pre-enumerating 'common/journal_entries'(.txt, , 0)
[09:01:13][virtualfilesystem.cpp:388]: Done enumerating 'common/customizable_localization'(.txt, , 0) in 0.001 seconds
[09:01:13][virtualfilesystem.cpp:420]: Starting pre-enumerating 'common/law_groups'(.txt, , 0)
[09:01:13][virtualfilesystem.cpp:420]: Starting pre-enumerating 'common/pop_types'(.txt, , 0)
[09:01:13][virtualfilesystem.cpp:388]: Done enumerating 'common/named_colors'(.txt, , 0) in 0.001 seconds
[09:01:13][virtualfilesystem.cpp:388]: Done enumerating 'common/coat_of_arms/coat_of_arms'(.txt, , 0) in 0.001 seconds
[09:01:13][virtualfilesystem.cpp:388]: Done enumerating 'common/coat_of_arms/template_lists'(.txt, , 0) in 0.001 seconds
[09:01:13][virtualfilesystem.cpp:420]: Starting pre-enumerating 'common/religions'(.txt, , 0)
[09:01:13][virtualfilesystem.cpp:388]: Done enumerating 'common/ethnicities'(.txt, , 0) in 0.001 seconds
[09:01:13][virtualfilesystem.cpp:388]: Done enumerating 'common/genes'(.txt, , 0) in 0.000 seconds
[09:01:13][virtualfilesystem.cpp:420]: Starting pre-enumerating 'common/subject_types'(.txt, , 0)
[09:01:13][virtualfilesystem.cpp:420]: Starting pre-enumerating 'common/state_traits'(.txt, , 0)
[09:01:13][virtualfilesystem.cpp:388]: Done enumerating 'gfx/portraits/accessory_variations'(.txt, , 0) in 0.001 seconds
[09:01:13][virtualfilesystem.cpp:420]: Starting pre-enumerating 'common/strategic_regions'(.txt, , 0)
[09:01:13][virtualfilesystem.cpp:420]: Starting pre-enumerating 'common/technology/eras'(.txt, , 0)
[09:01:13][virtualfilesystem.cpp:388]: Done enumerating 'gui'(.gui, , -1) in 0.019 seconds
[09:01:13][virtualfilesystem.cpp:388]: Done enumerating 'gfx/portraits/accessories'(.txt, , 0) in 0.000 seconds
[09:01:13][virtualfilesystem.cpp:420]: Starting pre-enumerating 'common/character_traits'(.txt, , 0)
[09:01:13][virtualfilesystem.cpp:420]: Starting pre-enumerating 'common/character_templates'(.txt, , 0)
[09:01:13][virtualfilesystem.cpp:388]: Done enumerating 'gfx/portraits/portrait_animations'(.txt, , 0) in 0.001 seconds
[09:01:13][virtualfilesystem.cpp:388]: Done enumerating 'gfx/portraits/cameras/'(.txt, , 0) in 0.001 seconds
[09:01:13][virtualfilesystem.cpp:388]: Done enumerating 'gfx/portraits/environments/'(.txt, , 0) in 0.001 seconds
[09:01:13][virtualfilesystem.cpp:388]: Done enumerating 'gfx/portraits/portrait_modifiers'(.txt, , 0) in 0.000 seconds
[09:01:13][virtualfilesystem.cpp:420]: Starting pre-enumerating 'common/country_definitions'(.txt, , 0)
[09:01:13][virtualfilesystem.cpp:420]: Starting pre-enumerating 'common/country_formation'(.txt, , 0)
[09:01:13][virtualfilesystem.cpp:420]: Starting pre-enumerating 'common/country_creation'(.txt, , 0)
[09:01:13][virtualfilesystem.cpp:388]: Done enumerating 'common/game_concepts'(.txt, , 0) in 0.001 seconds
[09:01:13][virtualfilesystem.cpp:388]: Done enumerating 'common/ai_strategies'(.txt, , 0) in 0.001 seconds
[09:01:13][virtualfilesystem.cpp:420]: Starting pre-enumerating 'common/terrain'(.txt, , 0)
[09:01:13][virtualfilesystem.cpp:420]: Starting pre-enumerating 'events'(.txt, , 0)
[09:01:13][virtualfilesystem.cpp:420]: Starting pre-enumerating 'map_data/state_regions'(.txt, , 0)
[09:01:13][virtualfilesystem.cpp:388]: Done enumerating 'common/alert_types'(.txt, , 0) in 0.001 seconds
[09:01:13][virtualfilesystem.cpp:388]: Done enumerating 'common/buildings'(.txt, , 0) in 0.001 seconds
[09:01:13][virtualfilesystem.cpp:420]: Starting pre-enumerating 'gfx/map/city_data/city_types'(.txt, , 0)
[09:01:13][virtualfilesystem.cpp:420]: Starting pre-enumerating 'gfx/map/spline_network/route_graphics'(.txt, , 0)
[09:01:13][virtualfilesystem.cpp:388]: Done enumerating 'common/building_groups'(.txt, , 0) in 0.001 seconds
[09:01:13][virtualfilesystem.cpp:388]: Done enumerating 'common/buy_packages'(.txt, , 0) in 0.001 seconds
[09:01:13][virtualfilesystem.cpp:420]: Starting pre-enumerating 'gfx/map/spline_network/military_route_graphics'(.txt, , 0)
[09:01:13][virtualfilesystem.cpp:420]: Starting pre-enumerating 'common/achievements'(.txt, , 0)
[09:01:13][virtualfilesystem.cpp:388]: Done enumerating 'common/pop_needs'(.txt, , 0) in 0.001 seconds
[09:01:13][virtualfilesystem.cpp:388]: Done enumerating 'common/cultures'(.txt, , 0) in 0.001 seconds
[09:01:13][virtualfilesystem.cpp:420]: Starting pre-enumerating 'gfx/map/gradient_border_settings'(.txt, , 0)
[09:01:13][virtualfilesystem.cpp:388]: Done enumerating 'common/country_types'(.txt, , 0) in 0.001 seconds
[09:01:13][virtualfilesystem.cpp:420]: Starting pre-enumerating 'gfx/map/map_modes'(.txt, , 0)
[09:01:13][virtualfilesystem.cpp:388]: Done enumerating 'common/country_ranks'(.txt, , 0) in 0.001 seconds
[09:01:13][virtualfilesystem.cpp:420]: Starting pre-enumerating 'common/map_interaction_types'(.txt, , 0)
[09:01:13][virtualfilesystem.cpp:388]: Done enumerating 'common/diplomatic_actions'(.txt, , 0) in 0.001 seconds
[09:01:13][virtualfilesystem.cpp:388]: Done enumerating 'common/diplomatic_plays'(.txt, , 0) in 0.001 seconds
[09:01:13][virtualfilesystem.cpp:420]: Starting pre-enumerating 'common/company_charter_types'(.txt, , 0)
[09:01:13][virtualfilesystem.cpp:388]: Done enumerating 'common/dynamic_country_names'(.txt, , 0) in 0.001 seconds
[09:01:13][virtualfilesystem.cpp:388]: Done enumerating 'common/game_rules'(.txt, , 0) in 0.001 seconds
[09:01:13][virtualfilesystem.cpp:388]: Done enumerating 'common/goods'(.txt, , 0) in 0.001 seconds
[09:01:13][virtualfilesystem.cpp:388]: Done enumerating 'common/ideologies'(.txt, , 0) in 0.001 seconds
[09:01:13][virtualfilesystem.cpp:388]: Done enumerating 'common/interest_groups'(.txt, , 0) in 0.001 seconds
[09:01:13][virtualfilesystem.cpp:388]: Done enumerating 'common/interest_group_traits'(.txt, , 0) in 0.001 seconds
[09:01:13][virtualfilesystem.cpp:388]: Done enumerating 'common/government_types'(.txt, , 0) in 0.000 seconds
[09:01:13][virtualfilesystem.cpp:388]: Done enumerating 'common/on_actions'(.txt, , 0) in 0.001 seconds
[09:01:13][virtualfilesystem.cpp:388]: Done enumerating 'common/objectives'(.txt, , 0) in 0.001 seconds
[09:01:13][virtualfilesystem.cpp:388]: Done enumerating 'common/objective_subgoals'(.txt, , 0) in 0.001 seconds
[09:01:13][virtualfilesystem.cpp:388]: Done enumerating 'common/objective_subgoal_categories'(.txt, , 0) in 0.000 seconds
[09:01:13][virtualfilesystem.cpp:388]: Done enumerating 'common/proposal_types'(.txt, , 0) in 0.001 seconds
[09:01:13][virtualfilesystem.cpp:388]: Done enumerating 'common/laws'(.txt, , 0) in 0.001 seconds
[09:01:13][virtualfilesystem.cpp:388]: Done enumerating 'common/institutions'(.txt, , 0) in 0.001 seconds
[09:01:13][virtualfilesystem.cpp:388]: Done enumerating 'common/journal_entries'(.txt, , 0) in 0.001 seconds
[09:01:13][virtualfilesystem.cpp:388]: Done enumerating 'common/law_groups'(.txt, , 0) in 0.001 seconds
[09:01:13][virtualfilesystem.cpp:388]: Done enumerating 'common/pop_types'(.txt, , 0) in 0.001 seconds
[09:01:13][virtualfilesystem.cpp:388]: Done enumerating 'common/religions'(.txt, , 0) in 0.001 seconds
[09:01:13][virtualfilesystem.cpp:388]: Done enumerating 'common/subject_types'(.txt, , 0) in 0.000 seconds
[09:01:13][virtualfilesystem.cpp:388]: Done enumerating 'common/state_traits'(.txt, , 0) in 0.001 seconds
[09:01:13][virtualfilesystem.cpp:388]: Done enumerating 'common/strategic_regions'(.txt, , 0) in 0.001 seconds
[09:01:13][virtualfilesystem.cpp:388]: Done enumerating 'common/technology/eras'(.txt, , 0) in 0.001 seconds
[09:01:13][virtualfilesystem.cpp:388]: Done enumerating 'common/character_traits'(.txt, , 0) in 0.001 seconds
[09:01:13][virtualfilesystem.cpp:388]: Done enumerating 'common/character_templates'(.txt, , 0) in 0.001 seconds
[09:01:13][virtualfilesystem.cpp:388]: Done enumerating 'common/country_definitions'(.txt, , 0) in 0.001 seconds
[09:01:13][virtualfilesystem.cpp:388]: Done enumerating 'common/country_formation'(.txt, , 0) in 0.001 seconds
[09:01:13][virtualfilesystem.cpp:388]: Done enumerating 'common/country_creation'(.txt, , 0) in 0.001 seconds
[09:01:13][virtualfilesystem.cpp:388]: Done enumerating 'common/terrain'(.txt, , 0) in 0.001 seconds
[09:01:13][virtualfilesystem.cpp:388]: Done enumerating 'events'(.txt, , 0) in 0.001 seconds
[09:01:13][virtualfilesystem.cpp:388]: Done enumerating 'map_data/state_regions'(.txt, , 0) in 0.001 seconds
[09:01:13][virtualfilesystem.cpp:388]: Done enumerating 'gfx/map/city_data/city_types'(.txt, , 0) in 0.001 seconds
[09:01:13][virtualfilesystem.cpp:388]: Done enumerating 'gfx/map/spline_network/route_graphics'(.txt, , 0) in 0.001 seconds
[09:01:13][virtualfilesystem.cpp:388]: Done enumerating 'gfx/map/spline_network/military_route_graphics'(.txt, , 0) in 0.001 seconds
[09:01:13][virtualfilesystem.cpp:388]: Done enumerating 'common/achievements'(.txt, , 0) in 0.001 seconds
[09:01:13][virtualfilesystem.cpp:388]: Done enumerating 'gfx/map/gradient_border_settings'(.txt, , 0) in 0.001 seconds
[09:01:13][virtualfilesystem.cpp:388]: Done enumerating 'gfx/map/map_modes'(.txt, , 0) in 0.001 seconds
[09:01:13][virtualfilesystem.cpp:388]: Done enumerating 'common/map_interaction_types'(.txt, , 0) in 0.001 seconds
[09:01:13][virtualfilesystem.cpp:388]: Done enumerating 'common/company_charter_types'(.txt, , 0) in 0.001 seconds
[09:01:14][localization_reader.cpp:451]: Missing colon (:) separator at line 38 and column 10 in localization/english/1.13_mhmbd_l_english.yml
[09:01:14][localization_reader.cpp:451]: Missing colon (:) separator at line 49 and column 11 in localization/english/1.13_mhmbd_l_english.yml
[09:01:14][localization_reader.cpp:451]: Missing colon (:) separator at line 60 and column 17 in localization/english/1.13_mhmbd_l_english.yml
[09:01:14][localization_reader.cpp:451]: Missing colon (:) separator at line 71 and column 9 in localization/english/1.13_mhmbd_l_english.yml
[09:01:14][localization_reader.cpp:451]: Missing colon (:) separator at line 82 and column 10 in localization/english/1.13_mhmbd_l_english.yml
[09:01:14][pdx_localize.cpp:199]: Duplicate localization key. Key 'ADD_CONSUMPTION_TAX_ENTRY_COST' is defined in both 'localization/english/CTE_interfaces_l_english.yml' and 'localization/english/interfaces_l_english.yml'.
[09:01:14][pdx_localize.cpp:199]: Duplicate localization key. Key 'malaria_prevention' is defined in both 'localization/english/1.9_mbd_l_english.yml' and 'localization/english/inventions_l_english.yml'.
[09:01:14][pdx_localize.cpp:199]: Duplicate localization key. Key 'Iesada' is defined in both 'localization/english/1.12_mhmbd_l_english.yml' and 'localization/english/names_l_english.yml'.
[09:01:14][pdx_localize.cpp:199]: Duplicate localization key. Key 'Iemochi' is defined in both 'localization/english/1.12_mhmbd_l_english.yml' and 'localization/english/names_l_english.yml'.
[09:01:14][pdx_localize.cpp:199]: Duplicate localization key. Key 'Sanetomi' is defined in both 'localization/english/1.12_mhmbd_l_english.yml' and 'localization/english/names_l_english.yml'.
[09:01:14][pdx_localize.cpp:199]: Duplicate localization key. Key 'Saionji' is defined in both 'localization/english/1.12_mhmbd_l_english.yml' and 'localization/english/names_l_english.yml'.
[09:01:14][pdx_localize.cpp:199]: Duplicate localization key. Key 'Kinmochi' is defined in both 'localization/english/1.12_mhmbd_l_english.yml' and 'localization/english/names_l_english.yml'.
[09:01:14][pdx_localize.cpp:199]: Duplicate localization key. Key 'Kaoru' is defined in both 'localization/english/1.12_mhmbd_l_english.yml' and 'localization/english/names_l_english.yml'.
[09:01:14][pdx_localize.cpp:199]: Duplicate localization key. Key 'ATTITUDE_DETAILS' is defined in both 'localization/english/ai_strategies_l_english.yml' and 'localization/english/zz_daui_on_l_english.yml'.
[09:01:14][pdx_localize.cpp:199]: Duplicate localization key. Key 'ai_attitude_human_tooltip' is defined in both 'localization/english/ai_strategies_l_english.yml' and 'localization/english/zz_daui_on_l_english.yml'.
[09:01:14][pdxassetutil.cpp:304]: ThreadedInitTextureLookup: gfx/models
[09:01:15][virtualfilesystem.cpp:388]: Done enumerating 'gfx/models'(.asset, , -1) in 1.312 seconds
[09:01:15][pdxassetutil.cpp:313]: ThreadedInitTextureLookup found 5564 files
[09:01:16][pdx_json_settings.cpp:325]: [SPdxJsonSettingsIO] "pdx_settings.json" file lacks "volume.vca:/Master" setting in "Audio" category.
[09:01:16][pdx_json_settings.cpp:425]: [SPdxJsonSettingsIO] Category:"System" Setting:"common" won't be written 
[09:01:16][jomini_social.cpp:20]: Created Jomini Social
[09:01:16][pdx_data_factory.cpp:1466]: Could not find data system function 'SortCompanies' in 'AccessPlayer.SortCompanies('name')'.
[09:01:16][pdx_data_factory.cpp:1092]: Failed converting statement for 'AccessPlayer.SortCompanies('name')'
[09:01:16][pdx_data_factory.cpp:1466]: Could not find data system function 'SortCompanies' in 'AccessPlayer.SortCompanies('building_database_order')'.
[09:01:16][pdx_data_factory.cpp:1092]: Failed converting statement for 'AccessPlayer.SortCompanies('building_database_order')'
[09:01:16][pdx_data_factory.cpp:1466]: Could not find data system function 'SortCompanies' in 'AccessPlayer.SortCompanies('productivity')'.
[09:01:16][pdx_data_factory.cpp:1092]: Failed converting statement for 'AccessPlayer.SortCompanies('productivity')'
[09:01:16][pdx_data_factory.cpp:1466]: Could not find data system function 'SortCompanies' in 'AccessPlayer.SortCompanies('levels')'.
[09:01:16][pdx_data_factory.cpp:1092]: Failed converting statement for 'AccessPlayer.SortCompanies('levels')'
[09:01:17][pdx_gui_localize.cpp:182]: Unlocalized text 'NUM_CONVOYS_TOOLTIP_EXTENDED' at gui/panel_military.gui:180, either localize it or use the raw_text property instead of text
[09:01:17][pdx_gui_localize.cpp:182]: Unlocalized text 'USED_AVAILABE_CONVOYS_TEXT' at gui/panel_military.gui:185, either localize it or use the raw_text property instead of text
[09:01:17][pdx_gui_localize.cpp:182]: Unlocalized text 'USED_AVAILABE_CONVOYS_VALUE' at gui/panel_military.gui:191, either localize it or use the raw_text property instead of text
[09:01:17][pdx_gui_localize.cpp:182]: Unlocalized text 'PANEL_MILITARY_NAVY_CURRENT_FLOTILLAS' at gui/panel_military.gui:206, either localize it or use the raw_text property instead of text
[09:01:17][pdx_gui_localize.cpp:182]: Unlocalized text 'PANEL_MILITARY_NAVY_CURRENT_FLOTILLAS_TOOLTIP' at gui/panel_military.gui:207, either localize it or use the raw_text property instead of text
[09:01:17][virtualfilesystem.cpp:569]: Could not find texture due to 'VFSOpen Error: gfx/interface/icons/alert_icons/repairing.dds not found'
[09:01:30][pdx_3dtypes.cpp:217]: Total time "powerbloc_pedestal_04_mesh" in 519 ms
[09:01:30][pdx_3dtypes.cpp:217]: Total time "powerbloc_pedestal_05_mesh" in 496 ms
[09:01:30][pdx_3dtypes.cpp:217]: Total time "monument_observatorygreenwich_mesh" in 405 ms
[09:01:30][pdx_3dtypes.cpp:217]: Total time "diorama_battle_squad_ground_01_mesh" in 320 ms
[09:01:30][pdx_3dtypes.cpp:217]: Total time "female_head_mesh" in 251 ms
[09:01:30][pdx_3dtypes.cpp:217]: Total time "wonder_atocha_railway_station_mesh" in 248 ms
[09:01:30][pdx_3dtypes.cpp:217]: Total time "predreadnought_base_mesh" in 228 ms
[09:01:30][pdx_3dtypes.cpp:217]: Total time "ship_marmara_01_mesh" in 224 ms
[09:01:30][pdx_3dtypes.cpp:217]: Total time "european_train_locomotive_01_mesh" in 222 ms
[09:01:30][pdx_3dtypes.cpp:217]: Total time "japan_port_centerpiece_02_mesh" in 222 ms
[09:01:30][pdx_3dtypes.cpp:217]: Total time "asian_urban_residential_rich_03_mesh" in 218 ms
[09:01:30][pdx_3dtypes.cpp:217]: Total time "arabic_forestry_loggingcamp_02_mesh" in 217 ms
[09:01:30][pdx_3dtypes.cpp:217]: Total time "wonder_pena_palace_post_restored_mesh" in 211 ms
[09:01:30][pdx_3dtypes.cpp:217]: Total time "wonder_taj_mahal_01_mesh" in 204 ms
[09:01:30][pdx_3dtypes.cpp:217]: Total time "indian_port_centerpiece_02_mesh" in 202 ms
[09:01:30][pdx_3dtypes.cpp:217]: Total time "military_navy_destroyer_generic_mesh" in 183 ms
[09:01:30][pdx_3dtypes.cpp:217]: Total time "tree_savanna_001_mesh" in 181 ms
[09:01:30][pdx_3dtypes.cpp:217]: Total time "military_infantry_european_t2_mesh" in 180 ms
[09:01:30][pdx_3dtypes.cpp:217]: Total time "french_city_factory_textilemill_01_mesh" in 179 ms
[09:01:30][pdx_3dtypes.cpp:217]: Total time "male_head_mesh" in 179 ms
[09:01:30][pdx_3dtypes.cpp:217]: Total time "military_navy_skin_mikasa_mesh" in 177 ms
[09:01:30][pdx_3dtypes.cpp:217]: Total time "wonder_hagia_sophia_02_mesh" in 175 ms
[09:01:30][pdx_3dtypes.cpp:217]: Total time "balkan_port_navaladmin_01_mesh" in 169 ms
[09:01:30][pdx_3dtypes.cpp:217]: Total time "asian_urban_port_fishingwharf_01_mesh" in 167 ms
[09:01:30][pdx_3dtypes.cpp:217]: Total time "wonder_chhatrapati_shivaji_terminus_mesh" in 166 ms
[09:01:30][pdx_3dtypes.cpp:217]: Total time "hull_protectedcruiser_light_mesh" in 165 ms
[09:01:30][pdx_3dtypes.cpp:217]: Total time "balkan_port_centerpiece_02_mesh" in 165 ms
[09:01:30][pdx_3dtypes.cpp:217]: Total time "canal_kiel_mesh" in 163 ms
[09:01:30][pdx_3dtypes.cpp:217]: Total time "revolution_barricade_large_trade_unions_mesh" in 158 ms
[09:01:30][pdx_3dtypes.cpp:217]: Total time "military_navy_dreadnought_generic_mesh" in 154 ms
[09:01:30][pdx_3dtypes.cpp:217]: Total time "female_body_mesh" in 149 ms
[09:01:30][pdx_3dtypes.cpp:217]: Total time "latin_city_financialdistrict_01_mesh" in 148 ms
[09:01:30][pdx_3dtypes.cpp:217]: Total time "troopship_sails_mesh" in 147 ms
[09:01:30][pdx_3dtypes.cpp:217]: Total time "latin_port_navalbase_01_mesh" in 146 ms
[09:01:30][pdx_3dtypes.cpp:217]: Total time "military_infantry_arabic_t3_mesh" in 145 ms
[09:01:30][pdx_3dtypes.cpp:217]: Total time "latin_lighthouse_01_mesh" in 145 ms
[09:01:30][pdx_3dtypes.cpp:217]: Total time "multi_test_object_mesh" in 145 ms
[09:01:30][pdx_3dtypes.cpp:217]: Total time "military_transport_railroad_infantrycart_generic_mesh" in 141 ms
[09:01:30][pdx_3dtypes.cpp:217]: Total time "latin_urban_city_residential_mid_03_mesh" in 141 ms
[09:01:30][pdx_3dtypes.cpp:217]: Total time "military_infantry_carlists_mesh" in 137 ms
[09:01:30][pdx_3dtypes.cpp:217]: Total time "european_port_fishingwharf_01_mesh" in 135 ms
[09:01:30][pdx_3dtypes.cpp:217]: Total time "generic_trench_infantry_mesh" in 133 ms
[09:01:30][pdx_3dtypes.cpp:217]: Total time "male_body_mesh" in 132 ms
[09:01:30][pdx_3dtypes.cpp:217]: Total time "indian_port_docks_01_mesh" in 131 ms
[09:01:30][pdx_3dtypes.cpp:217]: Total time "balkan_port_fishingwharf_02_mesh" in 128 ms
[09:01:30][pdx_3dtypes.cpp:217]: Total time "french_port_docks_01_mesh" in 119 ms
[09:01:30][pdx_3dtypes.cpp:217]: Total time "french_port_centerpiece_01_mesh" in 114 ms
[09:01:30][pdx_3dtypes.cpp:217]: Total time "wonder_the_kaiserforum_stage2_mesh" in 113 ms
[09:01:30][pdx_3dtypes.cpp:217]: Total time "military_navy_skin_borodino_mesh" in 112 ms
[09:01:30][pdx_3dtypes.cpp:217]: Total time "european_rural_manorhouse_01_mesh" in 111 ms
[09:01:30][pdx_3dtypes.cpp:217]: Total time "shader_test_mesh" in 110 ms
[09:01:30][pdx_3dtypes.cpp:217]: Total time "generic_forestry_loggingcamp_mixwoodpiles_02_mesh" in 109 ms
[09:01:30][pdx_3dtypes.cpp:217]: Total time "french_port_shipyard_01_mesh" in 109 ms
[09:01:30][pdx_3dtypes.cpp:217]: Total time "military_navy_frigate_generic_mesh" in 107 ms
[09:01:30][pdx_3dtypes.cpp:217]: Total time "african_city_centerpiece_01_mesh" in 105 ms
[09:01:30][pdx_3dtypes.cpp:217]: Total time "wonder_white_house_01_mesh" in 104 ms
[09:01:30][pdx_3dtypes.cpp:217]: Total time "latin_rural_manorhouse_01_mesh" in 102 ms
[09:01:30][pdx_3dtypes.cpp:217]: Total time "french_mining_coaldepot_01_mesh" in 101 ms
[09:01:30][pdx_3dtypes.cpp:217]: Total time "indian_mining_oil_01_mesh" in 100 ms
[09:01:30][pdx_3dtypes.cpp:217]: Total time "generic_worldmarket_01_mesh" in 97 ms
[09:01:30][pdx_3dtypes.cpp:217]: Total time "japan_farm_ranch_01_mesh" in 96 ms
[09:01:30][pdx_3dtypes.cpp:217]: Total time "ship_dhow_01_mesh" in 96 ms
[09:01:30][pdx_3dtypes.cpp:217]: Total time "arabic_city_financialdistrict_01_mesh" in 95 ms
[09:01:30][pdx_3dtypes.cpp:217]: Total time "dango_mesh" in 94 ms
[09:01:30][pdx_3dtypes.cpp:217]: Total time "male_coat_european_military_01_soldier_mesh" in 93 ms
[09:01:30][pdx_3dtypes.cpp:217]: Total time "japan_rural_residential_mid_02_mesh" in 93 ms
[09:01:30][pdx_3dtypes.cpp:217]: Total time "french_companyhq_01_mesh" in 93 ms
[09:01:30][pdx_3dtypes.cpp:217]: Total time "male_top_layer_greek_01_bs_thick_mesh" in 92 ms
[09:01:30][pdx_3dtypes.cpp:217]: Total time "male_outfit_ethiopian_common_01_mesh" in 92 ms
[09:01:30][pdx_3dtypes.cpp:217]: Total time "male_headgear_tatya_tope_mesh" in 92 ms
[09:01:30][pdx_3dtypes.cpp:217]: Total time "military_medical_firstaid_mesh" in 92 ms
[09:01:30][pdx_3dtypes.cpp:217]: Total time "revolution_barricade_small_landowners_mesh" in 92 ms
[09:01:30][pdx_3dtypes.cpp:217]: Total time "military_artillery_siege_generic_mesh" in 91 ms
[09:01:30][pdx_3dtypes.cpp:217]: Total time "papermap_pipe_mesh" in 91 ms
[09:01:30][pdx_3dtypes.cpp:217]: Total time "aircraftcarrier_base_mesh" in 91 ms
[09:01:30][pdx_3dtypes.cpp:217]: Total time "balkan_factory_construction_01_mesh" in 90 ms
[09:01:30][pdx_3dtypes.cpp:217]: Total time "military_infantry_eastasian_general_mesh" in 90 ms
[09:01:30][pdx_3dtypes.cpp:217]: Total time "african_city_tradecenter_01_mesh" in 89 ms
[09:01:30][pdx_3dtypes.cpp:217]: Total time "balkan_farm_centerpiece_01_mesh" in 89 ms
[09:01:30][pdx_3dtypes.cpp:217]: Total time "revolution_barricade_small_armed_forces_mesh" in 88 ms
[09:01:30][pdx_3dtypes.cpp:217]: Total time "gun_sidecannon_medium_01_mesh" in 87 ms
[09:01:30][pdx_3dtypes.cpp:217]: Total time "wonder_big_ben_01_mesh" in 87 ms
[09:01:30][pdx_3dtypes.cpp:217]: Total time "european_port_01_0s_0d_1f_mesh" in 86 ms
[09:01:30][pdx_3dtypes.cpp:217]: Total time "indian_logisticscenter_01_mesh" in 86 ms
[09:01:30][pdx_3dtypes.cpp:217]: Total time "african_farm_centerpiece_01_mesh" in 86 ms
[09:01:30][pdx_3dtypes.cpp:217]: Total time "balkan_rural_manorhouse_01_mesh" in 85 ms
[09:01:30][pdx_3dtypes.cpp:217]: Total time "european_forestry_centerpiece_01_mesh" in 85 ms
[09:01:30][pdx_3dtypes.cpp:217]: Total time "french_mining_centerpiece_01_mesh" in 85 ms
[09:01:30][pdx_3dtypes.cpp:217]: Total time "papermap_table_top_ap1_mesh" in 84 ms
[09:01:30][pdx_3dtypes.cpp:217]: Total time "revolution_barricade_large_rural_folk_mesh" in 84 ms
[09:01:30][pdx_3dtypes.cpp:217]: Total time "military_tank_heavy_generic_mesh" in 84 ms
[09:01:30][pdx_3dtypes.cpp:217]: Total time "french_farm_farmstead_02_mesh" in 83 ms
[09:01:30][pdx_3dtypes.cpp:217]: Total time "generic_forestry_lumberpile_02_mesh" in 83 ms
[09:01:30][pdx_3dtypes.cpp:217]: Total time "tree_palm_01_mesh" in 83 ms
[09:01:30][pdx_3dtypes.cpp:217]: Total time "military_infantry_southasian_t1_mesh" in 83 ms
[09:01:30][pdx_3dtypes.cpp:217]: Total time "military_infantry_african_general_mesh" in 83 ms
[09:01:30][pdx_3dtypes.cpp:217]: Total time "arabic_port_centerpiece_02_mesh" in 82 ms
[09:01:30][pdx_3dtypes.cpp:217]: Total time "monument_martandsuntemple_mesh" in 82 ms
[09:01:30][pdx_3dtypes.cpp:217]: Total time "hull_frigate_light_mesh" in 81 ms
[09:01:30][pdx_3dtypes.cpp:217]: Total time "revolution_barricade_mid_devout_mesh" in 81 ms
[09:01:30][pdx_3dtypes.cpp:217]: Total time "rock_granite_01_mesh" in 81 ms
[09:01:30][pdx_3dtypes.cpp:217]: Total time "military_basecamp_generic_mesh" in 81 ms
[09:01:30][pdx_3dtypes.cpp:217]: Total time "powerbloc_statue_hero_armillary_mesh" in 80 ms
[09:01:30][pdx_3dtypes.cpp:217]: Total time "japan_urban_residential_mid_02_mesh" in 80 ms
[09:01:30][pdx_3dtypes.cpp:217]: Total time "strait_fortification_tower_european_mesh" in 80 ms
[09:01:30][pdx_3dtypes.cpp:217]: Total time "japan_forestry_transportation_02_mesh" in 79 ms
[09:01:30][pdx_3dtypes.cpp:217]: Total time "latin_mining_coaldepo_01_mesh" in 79 ms
[09:01:30][pdx_3dtypes.cpp:217]: Total time "iceberg_03_mesh" in 79 ms
[09:01:30][pdx_3dtypes.cpp:217]: Total time "african_port_docks_01_mesh" in 79 ms
[09:01:30][pdx_3dtypes.cpp:217]: Total time "military_props_artillery_siege_01_mesh" in 78 ms
[09:01:30][pdx_3dtypes.cpp:217]: Total time "wonder_wallofchina_01_mesh" in 78 ms
[09:01:30][pdx_3dtypes.cpp:217]: Total time "wild_west_town_mesh" in 78 ms
[09:01:30][pdx_3dtypes.cpp:217]: Total time "revolution_barricade_large_armed_forces_mesh" in 78 ms
[09:01:30][pdx_3dtypes.cpp:217]: Total time "military_infantry_arabic_general_mesh" in 78 ms
[09:01:30][pdx_3dtypes.cpp:217]: Total time "tree_rainforest_004_mesh" in 77 ms
[09:01:30][pdx_3dtypes.cpp:217]: Total time "wind_trail_02_mesh" in 77 ms
[09:01:30][pdx_3dtypes.cpp:217]: Total time "military_infantry_arabic_t2_mesh" in 77 ms
[09:01:30][pdx_3dtypes.cpp:217]: Total time "monitor_funnel_smokebox_mesh" in 76 ms
[09:01:30][pdx_3dtypes.cpp:217]: Total time "female_headgear_european_royal_01_mesh" in 76 ms
[09:01:30][pdx_3dtypes.cpp:217]: Total time "male_belt_greatcoat_02_mesh" in 76 ms
[09:01:30][pdx_3dtypes.cpp:217]: Total time "japan_farm_manorhouse_01_mesh" in 76 ms
[09:01:30][pdx_3dtypes.cpp:217]: Total time "indian_urban_residential_rich_02_mesh" in 76 ms
[09:01:30][pdx_3dtypes.cpp:217]: Total time "revolution_barricade_large_petty_bourgeoisie_mesh" in 76 ms
[09:01:30][pdx_3dtypes.cpp:217]: Total time "male_hair_european_08_mesh" in 75 ms
[09:01:30][pdx_3dtypes.cpp:217]: Total time "military_infantry_european_general_mesh" in 75 ms
[09:01:30][pdx_3dtypes.cpp:217]: Total time "european_province_farm_02_nobillboards_mesh" in 75 ms
[09:01:30][pdx_3dtypes.cpp:217]: Total time "european_port_01_mesh" in 75 ms
[09:01:30][pdx_3dtypes.cpp:217]: Total time "canyon_01_mesh" in 74 ms
[09:01:30][pdx_3dtypes.cpp:217]: Total time "military_infantry_southasian_general_mesh" in 74 ms
[09:01:30][pdx_3dtypes.cpp:217]: Total time "military_infantry_carlists_general_mesh" in 74 ms
[09:01:30][pdx_3dtypes.cpp:217]: Total time "military_infantry_arabic_t1_mesh" in 74 ms
[09:01:30][pdx_3dtypes.cpp:217]: Total time "military_infantry_eastasian_t1_mesh" in 74 ms
[09:01:30][pdx_3dtypes.cpp:217]: Total time "funnel_tiny_none_01_mesh" in 73 ms
[09:01:30][pdx_3dtypes.cpp:217]: Total time "military_infantry_african_t3_mesh" in 73 ms
[09:01:30][pdx_3dtypes.cpp:217]: Total time "military_infantry_southasian_t3_mesh" in 73 ms
[09:01:30][pdx_3dtypes.cpp:217]: Total time "military_infantry_european_t1_mesh" in 73 ms
[09:01:30][pdx_3dtypes.cpp:217]: Total time "military_infantry_african_t2_mesh" in 73 ms
[09:01:30][pdx_3dtypes.cpp:217]: Total time "horse_cart_01_mesh" in 72 ms
[09:01:30][pdx_3dtypes.cpp:217]: Total time "generic_battleship_mesh" in 72 ms
[09:01:30][pdx_3dtypes.cpp:217]: Total time "military_infantry_eastasian_t2_mesh" in 72 ms
[09:01:30][pdx_3dtypes.cpp:217]: Total time "military_infantry_southasian_t2_mesh" in 71 ms
[09:01:30][pdx_3dtypes.cpp:217]: Total time "generic_forestry_lumberdepo_02_mesh" in 71 ms
[09:01:30][pdx_3dtypes.cpp:217]: Total time "railroad_bridge_01_large_mesh" in 71 ms
[09:01:30][pdx_3dtypes.cpp:217]: Total time "generic_rural_forestry_camp_02_mesh" in 71 ms
[09:01:30][pdx_3dtypes.cpp:217]: Total time "japan_urban_residential_poor_02_mesh" in 71 ms
[09:01:30][pdx_3dtypes.cpp:217]: Total time "horse_cart_ap1_03_mesh" in 70 ms
[09:01:30][pdx_3dtypes.cpp:217]: Total time "revolution_barricade_large_intelligentsia_mesh" in 70 ms
[09:01:30][pdx_3dtypes.cpp:217]: Total time "balkan_city_centerpiece_01_mesh" in 70 ms
[09:01:30][pdx_3dtypes.cpp:217]: Total time "military_infantry_eastasian_t3_mesh" in 70 ms
[09:01:30][pdx_3dtypes.cpp:217]: Total time "military_occupation_flag_mesh" in 70 ms
[09:01:30][pdx_3dtypes.cpp:217]: Total time "revolution_barricade_mid_petty_bourgeoisie_mesh" in 70 ms
[09:01:30][pdx_3dtypes.cpp:217]: Total time "military_infantry_african_t1_mesh" in 70 ms
[09:01:30][pdx_3dtypes.cpp:217]: Total time "tree_bush_01_mesh" in 70 ms
[09:01:30][pdx_3dtypes.cpp:217]: Total time "male_belt_greek_01_bs_fat_mesh" in 69 ms
[09:01:30][pdx_3dtypes.cpp:217]: Total time "female_hair_european_01_headgear_mesh" in 69 ms
[09:01:30][pdx_3dtypes.cpp:217]: Total time "revolution_barricade_small_mesh" in 69 ms
[09:01:30][pdx_3dtypes.cpp:217]: Total time "japan_port_docks_02_mesh" in 69 ms
[09:01:30][pdx_3dtypes.cpp:217]: Total time "test_lake_mesh" in 69 ms
[09:01:30][pdx_3dtypes.cpp:217]: Total time "revolution_barricade_mid_intelligentsia_mesh" in 69 ms
[09:01:30][pdx_3dtypes.cpp:217]: Total time "prop_parasol_mesh" in 68 ms
[09:01:30][pdx_3dtypes.cpp:217]: Total time "revolution_barricade_large_devout_mesh" in 68 ms
[09:01:30][pdx_3dtypes.cpp:217]: Total time "revolution_barricade_mid_trade_unions_mesh" in 68 ms
[09:01:30][pdx_3dtypes.cpp:217]: Total time "prop_bundleofflowers_mesh" in 68 ms
[09:01:30][pdx_3dtypes.cpp:217]: Total time "japan_rural_residential_mid_01_mesh" in 67 ms
[09:01:30][pdx_3dtypes.cpp:217]: Total time "french_farm_ranch_01_mesh" in 67 ms
[09:01:30][pdx_3dtypes.cpp:217]: Total time "oak_tree_dense_01_mesh" in 67 ms
[09:01:30][pdx_3dtypes.cpp:217]: Total time "male_hair_european_04_pope_cap1_mesh" in 67 ms
[09:01:30][pdx_3dtypes.cpp:217]: Total time "scaffolding_02_mesh" in 67 ms
[09:01:30][pdx_3dtypes.cpp:217]: Total time "arabic_forestry_scatter_01_mesh" in 67 ms
[09:01:30][pdx_3dtypes.cpp:217]: Total time "military_infantry_european_t3_mesh" in 67 ms
[09:01:30][pdx_3dtypes.cpp:217]: Total time "naval_order_base_mesh" in 66 ms
[09:01:30][pdx_3dtypes.cpp:217]: Total time "african_mining_coaldepo_01_mesh" in 66 ms
[09:01:30][pdx_3dtypes.cpp:217]: Total time "tree_bush_04_mesh" in 66 ms
[09:01:30][pdx_3dtypes.cpp:217]: Total time "revolution_barricade_mid_rural_folk_mesh" in 65 ms
[09:01:30][pdx_3dtypes.cpp:217]: Total time "military_infantry_nativeamerican_t1_mesh" in 65 ms
[09:01:30][pdx_3dtypes.cpp:217]: Total time "revolution_barricade_small_industrialists_mesh" in 64 ms
[09:01:30][pdx_3dtypes.cpp:217]: Total time "balkan_port_docks_01_mesh" in 64 ms
[09:01:30][pdx_3dtypes.cpp:217]: Total time "revolution_barricade_large_industrialists_mesh" in 64 ms
[09:01:30][pdx_3dtypes.cpp:217]: Total time "seagull_port_frame_mesh" in 63 ms
[09:01:30][pdx_3dtypes.cpp:217]: Total time "powerbloc_pedestal_02_mesh" in 63 ms
[09:01:30][pdx_3dtypes.cpp:217]: Total time "japan_port_fishingwharf_03_mesh" in 61 ms
[09:01:30][pdx_3dtypes.cpp:217]: Total time "european_port_02_mesh" in 61 ms
[09:01:30][pdx_3dtypes.cpp:217]: Total time "female_teeth_mesh" in 59 ms
[09:01:30][pdx_3dtypes.cpp:217]: Total time "shader_test_simple_mesh" in 59 ms
[09:01:30][pdx_3dtypes.cpp:217]: Total time "simple_plane_mesh" in 58 ms
[09:01:30][pdx_3dtypes.cpp:217]: Total time "canal_panamacanal_01_mesh" in 58 ms
[09:01:30][pdx_3dtypes.cpp:217]: Total time "edgeofworld_papermap_mesh" in 57 ms
[09:01:30][pdx_3dtypes.cpp:217]: Total time "ui_flag_01_mesh" in 56 ms
[09:01:30][pdx_3dtypes.cpp:217]: Total time "papermap_candle_mesh" in 56 ms
[09:01:30][pdx_3dtypes.cpp:217]: Total time "naval_order_raiding_mesh" in 53 ms
[09:01:30][pdx_3dtypes.cpp:217]: Total time "edgeofworld_mesh" in 51 ms
[09:01:30][pdx_3dtypes.cpp:217]: Total time "military_navy_skin_dingyuan_mesh" in 50 ms
[09:01:30][pdx_3dtypes.cpp:217]: Total time "male_necklace_chinese_01_high_mesh" in 49 ms
[09:01:30][pdx_3dtypes.cpp:217]: Total time "male_necklace_african_zulu_dingane_01_mesh" in 49 ms
[09:01:30][pdx_3dtypes.cpp:217]: Total time "military_transport_naval_rowboat_generic_mesh" in 49 ms
[09:01:30][pdx_3dtypes.cpp:217]: Total time "seaplanetender_signalflags_01_mesh" in 48 ms
[09:01:30][pdx_3dtypes.cpp:217]: Total time "wonder_the_kaiserforum_alt_mesh" in 48 ms
[09:01:30][pdx_3dtypes.cpp:217]: Total time "generic_ship_of_the_line_mesh" in 47 ms
[09:01:30][pdx_3dtypes.cpp:217]: Total time "prop_holyscripture_mesh" in 46 ms
[09:01:30][pdx_3dtypes.cpp:217]: Total time "revolution_barricade_large_landowners_mesh" in 45 ms
[09:01:30][pdx_3dtypes.cpp:217]: Total time "french_urban_residential_rich_02_mesh" in 44 ms
[09:01:30][pdx_3dtypes.cpp:217]: Total time "revolution_barricade_mid_industrialists_mesh" in 43 ms
[09:01:30][pdx_3dtypes.cpp:217]: Total time "wonder_wallofchinatower_01_mesh" in 41 ms
[09:01:30][pdx_3dtypes.cpp:217]: Total time "prop_monocle_mesh" in 41 ms
[09:01:30][pdx_3dtypes.cpp:217]: Total time "ship_viewer_water_mesh" in 41 ms
[09:01:30][pdx_3dtypes.cpp:217]: Total time "halloween_castledracula_mesh" in 41 ms
[09:01:30][pdx_3dtypes.cpp:217]: Total time "generic_ship_cargo_01_mesh" in 39 ms
[09:01:30][pdx_3dtypes.cpp:217]: Total time "vfx_ui_plane_battle_progressbar_mesh" in 39 ms
[09:01:30][pdx_3dtypes.cpp:217]: Total time "french_rural_manorhouse_01_mesh" in 39 ms
[09:01:30][pdx_3dtypes.cpp:217]: Total time "female_eyes_mesh" in 38 ms
[09:01:30][pdx_3dtypes.cpp:217]: Total time "military_battle_sword_mesh" in 38 ms
[09:01:30][pdx_3dtypes.cpp:217]: Total time "french_city_barracks_01_mesh" in 38 ms
[09:01:30][pdx_3dtypes.cpp:217]: Total time "generic_siege_artillery_mesh" in 37 ms
[09:01:30][pdx_3dtypes.cpp:217]: Total time "latin_farm_scatter_02_mesh" in 37 ms
[09:01:30][pdx_3dtypes.cpp:217]: Total time "wonders_central_park_mesh" in 37 ms
[09:01:30][pdx_3dtypes.cpp:217]: Total time "latin_rural_residential_poor_02_mesh" in 36 ms
[09:01:30][pdx_3dtypes.cpp:217]: Total time "male_mustache_rudolf_prince_of_austria_mesh" in 36 ms
[09:01:30][pdx_3dtypes.cpp:217]: Total time "latin_rural_farm_centerpiece_01_mesh" in 36 ms
[09:01:30][pdx_3dtypes.cpp:217]: Total time "female_necklace_power_bloc_cape_01_mesh" in 36 ms
[09:01:30][pdx_3dtypes.cpp:217]: Total time "asian_irregular_infantry_mesh" in 35 ms
[09:01:30][pdx_3dtypes.cpp:217]: Total time "protectedcruiser_base_mesh" in 35 ms
[09:01:30][pdx_3dtypes.cpp:217]: Total time "arabic_urban_city_townsquare_01_mesh" in 35 ms
[09:01:30][pdx_3dtypes.cpp:217]: Total time "european_irregular_infantry_mesh" in 35 ms
[09:01:30][pdx_3dtypes.cpp:217]: Total time "shipoftheline_base_mesh" in 35 ms
[09:01:30][pdx_3dtypes.cpp:217]: Total time "arabic_urban_city_residential_poor_02_mesh" in 34 ms
[09:01:30][pdx_3dtypes.cpp:217]: Total time "japan_city_university_01_mesh" in 34 ms
[09:01:30][pdx_3dtypes.cpp:217]: Total time "african_mobile_artillery_mesh" in 33 ms
[09:01:30][pdx_3dtypes.cpp:217]: Total time "balkan_city_university_01_mesh" in 33 ms
[09:01:30][pdx_3dtypes.cpp:217]: Total time "wonder_sagradafamilia_02_mesh" in 33 ms
[09:01:30][pdx_3dtypes.cpp:217]: Total time "military_navy_scoutcruiser_generic_mesh" in 33 ms
[09:01:30][pdx_3dtypes.cpp:217]: Total time "asian_city_centerpiece_skyscraper_01_mesh" in 32 ms
[09:01:30][pdx_3dtypes.cpp:217]: Total time "french_regionalcompanyhq_01_mesh" in 32 ms
[09:01:30][pdx_3dtypes.cpp:217]: Total time "military_cavalry_horse_brown_01_mesh" in 32 ms
[09:01:30][pdx_3dtypes.cpp:217]: Total time "japan_farm_centerpiece_01_mesh" in 32 ms
[09:01:30][pdx_3dtypes.cpp:217]: Total time "vfx_ui_plane_gameover_mesh" in 32 ms
[09:01:30][pdx_3dtypes.cpp:217]: Total time "asian_city_university_01_mesh" in 32 ms
[09:01:30][pdx_3dtypes.cpp:217]: Total time "papermap_letter_mesh" in 32 ms
[09:01:30][pdx_3dtypes.cpp:217]: Total time "japan_factory_steel_01_mesh" in 31 ms
[09:01:30][pdx_3dtypes.cpp:217]: Total time "balkan_urban_residential_rich_01_mesh" in 31 ms
[09:01:30][pdx_3dtypes.cpp:217]: Total time "arabic_rural_residential_rich_02_mesh" in 31 ms
[09:01:30][pdx_3dtypes.cpp:217]: Total time "coastaldefense_base_mesh" in 31 ms
[09:01:30][pdx_3dtypes.cpp:217]: Total time "wonder_sagradafamilia_03_mesh" in 31 ms
[09:01:30][pdx_3dtypes.cpp:217]: Total time "indian_farm_cotton_01_mesh" in 31 ms
[09:01:30][pdx_3dtypes.cpp:217]: Total time "wonder_angkorwat_01_mesh" in 31 ms
[09:01:30][pdx_3dtypes.cpp:217]: Total time "generic_aerial_bleriotxi_01_mesh" in 30 ms
[09:01:30][pdx_3dtypes.cpp:217]: Total time "generic_mining_oil_01_mesh" in 30 ms
[09:01:30][pdx_3dtypes.cpp:217]: Total time "asian_rural_manorhouse_01_mesh" in 30 ms
[09:01:30][pdx_3dtypes.cpp:217]: Total time "french_city_financialdistrict_01_mesh" in 30 ms
[09:01:30][pdx_3dtypes.cpp:217]: Total time "french_rural_residential_rich_01_mesh" in 30 ms
[09:01:30][pdx_3dtypes.cpp:217]: Total time "european_urban_residential_mid_02_mesh" in 29 ms
[09:01:30][pdx_3dtypes.cpp:217]: Total time "arabic_city_barracks_01_mesh" in 29 ms
[09:01:30][pdx_3dtypes.cpp:217]: Total time "french_city_factory_steel_01_mesh" in 29 ms
[09:01:30][pdx_3dtypes.cpp:217]: Total time "male_headgear_european_common_02_mesh" in 29 ms
[09:01:30][pdx_3dtypes.cpp:217]: Total time "french_forestry_camp_01_mesh" in 29 ms
[09:01:30][pdx_3dtypes.cpp:217]: Total time "arabic_rural_farm_centerpiece_01_mesh" in 29 ms
[09:01:30][pdx_3dtypes.cpp:217]: Total time "african_city_govadmin_01_mesh" in 29 ms
[09:01:30][pdx_3dtypes.cpp:217]: Total time "powerbloc_pedestal_06_mesh" in 29 ms
[09:01:30][pdx_3dtypes.cpp:217]: Total time "japan_rural_residential_poor_04_mesh" in 29 ms
[09:01:30][pdx_3dtypes.cpp:217]: Total time "ironfrigate_base_mesh" in 29 ms
[09:01:30][pdx_3dtypes.cpp:217]: Total time "male_mustache_alexander_karadordevic_mesh" in 28 ms
[09:01:30][pdx_3dtypes.cpp:217]: Total time "latin_urban_city_residential_poor_02_mesh" in 28 ms
[09:01:30][pdx_3dtypes.cpp:217]: Total time "indian_urban_residential_poor_03_mesh" in 28 ms
[09:01:30][pdx_3dtypes.cpp:217]: Total time "military_navy_torpedo_generic_mesh" in 28 ms
[09:01:30][pdx_3dtypes.cpp:217]: Total time "horses_01_mesh" in 28 ms
[09:01:30][pdx_3dtypes.cpp:217]: Total time "japan_urban_residential_rich_03_mesh" in 28 ms
[09:01:30][pdx_3dtypes.cpp:217]: Total time "balkan_rural_residential_mid_02_mesh" in 28 ms
[09:01:30][pdx_3dtypes.cpp:217]: Total time "french_city_university_01_mesh" in 28 ms
[09:01:30][pdx_3dtypes.cpp:217]: Total time "generic_irregular_infantry_mesh" in 28 ms
[09:01:30][pdx_3dtypes.cpp:217]: Total time "steam_transport_ship_01_mesh" in 27 ms
[09:01:30][pdx_3dtypes.cpp:217]: Total time "european_city_centerpiece_01_mesh" in 27 ms
[09:01:30][pdx_3dtypes.cpp:217]: Total time "arabic_rural_residential_poor_01_mesh" in 27 ms
[09:01:30][pdx_3dtypes.cpp:217]: Total time "military_cavalry_horse_white_01_mesh" in 27 ms
[09:01:30][pdx_3dtypes.cpp:217]: Total time "wonder_vatican_city_01_mesh" in 27 ms
[09:01:30][pdx_3dtypes.cpp:217]: Total time "military_cavalry_horse_black_01_mesh" in 27 ms
[09:01:30][pdx_3dtypes.cpp:217]: Total time "generic_armored_division_mesh" in 27 ms
[09:01:30][pdx_3dtypes.cpp:217]: Total time "arabic_city_academy_01_mesh" in 27 ms
[09:01:30][pdx_3dtypes.cpp:217]: Total time "wonder_saint_basils_cathedral_01_mesh" in 27 ms
[09:01:30][pdx_3dtypes.cpp:217]: Total time "destroyer_base_mesh" in 27 ms
[09:01:30][pdx_3dtypes.cpp:217]: Total time "southern_plantation_mesh" in 27 ms
[09:01:30][pdx_3dtypes.cpp:217]: Total time "powerbloc_pedestal_01_mesh" in 27 ms
[09:01:30][pdx_3dtypes.cpp:217]: Total time "european_line_infantry_mesh" in 26 ms
[09:01:30][pdx_3dtypes.cpp:217]: Total time "female_hair_korean_emperess_01_mesh" in 26 ms
[09:01:30][pdx_3dtypes.cpp:217]: Total time "arabic_irregular_infantry_mesh" in 26 ms
[09:01:30][pdx_3dtypes.cpp:217]: Total time "latin_urban_city_residential_rich_03_mesh" in 26 ms
[09:01:30][pdx_3dtypes.cpp:217]: Total time "african_rural_manorhouse_01_mesh" in 26 ms
[09:01:30][pdx_3dtypes.cpp:217]: Total time "male_necklace_reza_shah_pahlavi_mesh" in 26 ms
[09:01:30][pdx_3dtypes.cpp:217]: Total time "european_port_naval_base_01_mesh" in 26 ms
[09:01:30][pdx_3dtypes.cpp:217]: Total time "frigate_base_mesh" in 26 ms
[09:01:30][pdx_3dtypes.cpp:217]: Total time "french_revolutioncamp_placeholder_mesh" in 25 ms
[09:01:30][pdx_3dtypes.cpp:217]: Total time "papermap_cloth_01_mesh" in 25 ms
[09:01:30][pdx_3dtypes.cpp:217]: Total time "arabic_line_infantry_mesh" in 25 ms
[09:01:30][pdx_3dtypes.cpp:217]: Total time "wonder_forbidden_city_01_mesh" in 25 ms
[09:01:30][pdx_3dtypes.cpp:217]: Total time "european_city_barracks_01_mesh" in 25 ms
[09:01:30][pdx_3dtypes.cpp:217]: Total time "latin_urban_city_townsquare_01_mesh" in 25 ms
[09:01:30][pdx_3dtypes.cpp:217]: Total time "ship_chinesejunk_01_mesh" in 25 ms
[09:01:30][pdx_3dtypes.cpp:217]: Total time "african_city_academy_01_mesh" in 25 ms
[09:01:30][pdx_3dtypes.cpp:217]: Total time "asian_rural_farm_centerpiece_01_mesh" in 25 ms
[09:01:30][pdx_3dtypes.cpp:217]: Total time "canal_suezcanal_under_construction_01_mesh" in 25 ms
[09:01:30][pdx_3dtypes.cpp:217]: Total time "wonder_hagia_sophia_01_mesh" in 25 ms
[09:01:30][pdx_3dtypes.cpp:217]: Total time "balkan_farm_vineyard_01_mesh" in 25 ms
[09:01:30][pdx_3dtypes.cpp:217]: Total time "latin_city_university_01_mesh" in 25 ms
[09:01:30][pdx_3dtypes.cpp:217]: Total time "arabic_city_tradecenter_01_mesh" in 25 ms
[09:01:30][pdx_3dtypes.cpp:217]: Total time "indian_factory_warmachine_01_mesh" in 24 ms
[09:01:30][pdx_3dtypes.cpp:217]: Total time "indian_factory_powerplant_01_mesh" in 24 ms
[09:01:30][pdx_3dtypes.cpp:217]: Total time "female_outfit_native_american_01_mid_mesh" in 24 ms
[09:01:30][pdx_3dtypes.cpp:217]: Total time "indian_city_financialdistrict_mesh" in 24 ms
[09:01:30][pdx_3dtypes.cpp:217]: Total time "balkan_rural_residential_poor_02_mesh" in 24 ms
[09:01:30][pdx_3dtypes.cpp:217]: Total time "french_urban_residential_mid_01_mesh" in 24 ms
[09:01:30][pdx_3dtypes.cpp:217]: Total time "male_headgear_indian_royal_01_mesh" in 24 ms
[09:01:30][pdx_3dtypes.cpp:217]: Total time "african_farm_plantation_01_mesh" in 24 ms
[09:01:30][pdx_3dtypes.cpp:217]: Total time "asian_line_infantry_mesh" in 24 ms
[09:01:30][pdx_3dtypes.cpp:217]: Total time "asian_urban_residential_rich_02_mesh" in 24 ms
[09:01:30][pdx_3dtypes.cpp:217]: Total time "latin_urban_city_centerpiece_01_mesh" in 24 ms
[09:01:30][pdx_3dtypes.cpp:217]: Total time "european_city_tradecenter_01_mesh" in 24 ms
[09:01:30][pdx_3dtypes.cpp:217]: Total time "asian_port_navalbase_01_mesh" in 24 ms
[09:01:30][pdx_3dtypes.cpp:217]: Total time "papermap_coffeecup_mesh" in 24 ms
[09:01:30][pdx_3dtypes.cpp:217]: Total time "japan_farm_silkplantation_01_mesh" in 24 ms
[09:01:30][pdx_3dtypes.cpp:217]: Total time "armouredcruiser_base_mesh" in 24 ms
[09:01:30][pdx_3dtypes.cpp:217]: Total time "wonder_capitol_building_mesh" in 24 ms
[09:01:30][pdx_3dtypes.cpp:217]: Total time "multi_test_object_roughness_mesh" in 24 ms
[09:01:30][pdx_3dtypes.cpp:217]: Total time "military_cavalry_horse_beige_01_mesh" in 24 ms
[09:01:30][pdx_3dtypes.cpp:217]: Total time "latin_city_academy_01_mesh" in 23 ms
[09:01:30][pdx_3dtypes.cpp:217]: Total time "arabic_mobile_artillery_mesh" in 23 ms
[09:01:30][pdx_3dtypes.cpp:217]: Total time "wonder_great_mosque_of_djenne_01_mesh" in 23 ms
[09:01:30][pdx_3dtypes.cpp:217]: Total time "carlist_beret_mesh" in 23 ms
[09:01:30][pdx_3dtypes.cpp:217]: Total time "asian_city_academy_01_mesh" in 23 ms
[09:01:30][pdx_3dtypes.cpp:217]: Total time "wonder_the_kaiserforum_mesh" in 23 ms
[09:01:30][pdx_3dtypes.cpp:217]: Total time "asian_city_barracks_01_mesh" in 23 ms
[09:01:30][pdx_3dtypes.cpp:217]: Total time "female_hair_japanese_01_mesh" in 23 ms
[09:01:30][pdx_3dtypes.cpp:217]: Total time "french_mining_processing_lead_01_mesh" in 23 ms
[09:01:30][pdx_3dtypes.cpp:217]: Total time "wonder_eiffel_tower_01_mesh" in 23 ms
[09:01:30][pdx_3dtypes.cpp:217]: Total time "asian_city_tradecenter_01_mesh" in 23 ms
[09:01:30][pdx_3dtypes.cpp:217]: Total time "latin_rural_residential_rich_03_mesh" in 22 ms
[09:01:30][pdx_3dtypes.cpp:217]: Total time "african_city_university_01_mesh" in 22 ms
[09:01:30][pdx_3dtypes.cpp:217]: Total time "french_city_govadmin_01_mesh" in 22 ms
[09:01:30][pdx_3dtypes.cpp:217]: Total time "european_city_government_administration_01_mesh" in 22 ms
[09:01:30][pdx_3dtypes.cpp:217]: Total time "african_city_financialdistrict_01_mesh" in 22 ms
[09:01:30][pdx_3dtypes.cpp:217]: Total time "generic_oil_drill_01_mesh" in 22 ms
[09:01:30][pdx_3dtypes.cpp:217]: Total time "indian_city_skyscraper_mesh" in 22 ms
[09:01:30][pdx_3dtypes.cpp:217]: Total time "diorama_battle_trench_ground_01_mesh" in 22 ms
[09:01:30][pdx_3dtypes.cpp:217]: Total time "japan_mining_iron_01_mesh" in 22 ms
[09:01:30][pdx_3dtypes.cpp:217]: Total time "hull_aircraftcarrier_medium_mesh" in 22 ms
[09:01:30][pdx_3dtypes.cpp:217]: Total time "asian_city_govadmin_01_mesh" in 22 ms
[09:01:30][pdx_3dtypes.cpp:217]: Total time "powerbloc_pedestal_07_mesh" in 22 ms
[09:01:30][pdx_3dtypes.cpp:217]: Total time "male_outfit_greek_fustanella_01_mesh" in 22 ms
[09:01:30][pdx_3dtypes.cpp:217]: Total time "french_farm_farmhouse_02_mesh" in 22 ms
[09:01:30][pdx_3dtypes.cpp:217]: Total time "african_line_infantry_mesh" in 22 ms
[09:01:30][pdx_3dtypes.cpp:217]: Total time "female_necklace_power_bloc_trade_01_mesh" in 22 ms
[09:01:30][pdx_3dtypes.cpp:217]: Total time "latin_city_barracks_01_mesh" in 21 ms
[09:01:30][pdx_3dtypes.cpp:217]: Total time "naval_dagger_mesh" in 21 ms
[09:01:30][pdx_3dtypes.cpp:217]: Total time "generic_factory_chemical_01_mesh" in 21 ms
[09:01:30][pdx_3dtypes.cpp:217]: Total time "generic_ironclad_ship_mesh" in 21 ms
[09:01:30][pdx_3dtypes.cpp:217]: Total time "generic_flatmap_unit_mesh" in 21 ms
[09:01:30][pdx_3dtypes.cpp:217]: Total time "military_transport_naval_landingcraft_generic_mesh" in 21 ms
[09:01:30][pdx_3dtypes.cpp:217]: Total time "arabic_rural_manorhouse_01_mesh" in 21 ms
[09:01:30][pdx_3dtypes.cpp:217]: Total time "african_urban_city_residential_mid_02_mesh" in 21 ms
[09:01:30][pdx_3dtypes.cpp:217]: Total time "hull_ironfrigate_medium_mesh" in 21 ms
[09:01:30][pdx_3dtypes.cpp:217]: Total time "earlyironclad_base_mesh" in 21 ms
[09:01:30][pdx_3dtypes.cpp:217]: Total time "powerbloc_pedestal_03_mesh" in 21 ms
[09:01:30][pdx_3dtypes.cpp:217]: Total time "latin_port_centerpiece_02_mesh" in 21 ms
[09:01:30][pdx_3dtypes.cpp:217]: Total time "japan_factory_tech_01_mesh" in 21 ms
[09:01:30][pdx_3dtypes.cpp:217]: Total time "japan_farm_rice_01_mesh" in 21 ms
[09:01:30][pdx_3dtypes.cpp:217]: Total time "african_rural_residential_rich_01_mesh" in 21 ms
[09:01:30][pdx_3dtypes.cpp:217]: Total time "indian_city_govadmin_mesh" in 21 ms
[09:01:30][pdx_3dtypes.cpp:217]: Total time "hull_lightcruiser_heavy_mesh" in 21 ms
[09:01:30][pdx_3dtypes.cpp:217]: Total time "european_city_university_01_mesh" in 21 ms
[09:01:30][pdx_3dtypes.cpp:217]: Total time "hull_seaplanetender_medium_mesh" in 21 ms
[09:01:30][pdx_3dtypes.cpp:217]: Total time "diorama_battle_mechanized_ground_01_mesh" in 21 ms
[09:01:30][pdx_3dtypes.cpp:217]: Total time "japan_urban_residential_poor_01_mesh" in 21 ms
[09:01:30][pdx_3dtypes.cpp:217]: Total time "diorama_battle_skirmish_ground_01_mesh" in 21 ms
[09:01:30][pdx_3dtypes.cpp:217]: Total time "latin_urban_city_townsquare_skyscraper_01_mesh" in 21 ms
[09:01:30][pdx_3dtypes.cpp:217]: Total time "french_farm_plantation_01_mesh" in 21 ms
[09:01:30][pdx_3dtypes.cpp:217]: Total time "hull_protectedcruiser_heavy_mesh" in 20 ms
[09:01:30][pdx_3dtypes.cpp:217]: Total time "african_rural_residential_poor_03_mesh" in 20 ms
[09:01:30][pdx_3dtypes.cpp:217]: Total time "french_urban_residential_rich_03_mesh" in 20 ms
[09:01:30][pdx_3dtypes.cpp:217]: Total time "french_city_centerpiece_skyscraper_01_mesh" in 20 ms
[09:01:30][pdx_3dtypes.cpp:217]: Total time "african_irregular_infantry_mesh" in 20 ms
[09:01:30][pdx_3dtypes.cpp:217]: Total time "japan_city_tradecenter_01_mesh" in 20 ms
[09:01:30][pdx_3dtypes.cpp:217]: Total time "prop_walkingcane_mesh" in 20 ms
[09:01:30][pdx_3dtypes.cpp:217]: Total time "indian_factory_tools_01_mesh" in 20 ms
[09:01:30][pdx_3dtypes.cpp:217]: Total time "hull_armouredcruiser_light_mesh" in 20 ms
[09:01:30][pdx_3dtypes.cpp:217]: Total time "lightcruiser_base_mesh" in 20 ms
[09:01:30][pdx_3dtypes.cpp:217]: Total time "african_farm_scatter_02_mesh" in 20 ms
[09:01:30][pdx_3dtypes.cpp:217]: Total time "asian_rural_plantation_01_mesh" in 20 ms
[09:01:30][pdx_3dtypes.cpp:217]: Total time "japan_urban_residential_poor_04_mesh" in 20 ms
[09:01:30][pdx_3dtypes.cpp:217]: Total time "japan_city_barracks_01_mesh" in 20 ms
[09:01:30][pdx_3dtypes.cpp:217]: Total time "war_machines_manufactory_01_mesh" in 20 ms
[09:01:30][pdx_3dtypes.cpp:217]: Total time "asian_farm_farmstead_02_mesh" in 20 ms
[09:01:30][pdx_3dtypes.cpp:217]: Total time "french_farm_farmhouse_01_mesh" in 20 ms
[09:01:30][pdx_3dtypes.cpp:217]: Total time "hull_aircraftcarrier_light_mesh" in 20 ms
[09:01:30][pdx_3dtypes.cpp:217]: Total time "military_navy_blockade_generic_mesh" in 20 ms
[09:01:30][pdx_3dtypes.cpp:217]: Total time "arabic_city_govadmin_01_mesh" in 20 ms
[09:01:30][pdx_3dtypes.cpp:217]: Total time "french_city_factory_chemical_01_mesh" in 20 ms
[09:01:30][pdx_3dtypes.cpp:217]: Total time "balkan_farm_ranch_01_mesh" in 20 ms
[09:01:30][pdx_3dtypes.cpp:217]: Total time "arabic_urban_city_residential_mid_03_mesh" in 20 ms
[09:01:30][pdx_3dtypes.cpp:217]: Total time "male_outfit_arabic_royal_02_mesh" in 19 ms
[09:01:30][pdx_3dtypes.cpp:217]: Total time "military_artillery_mobile_generic_mesh" in 19 ms
[09:01:30][pdx_3dtypes.cpp:217]: Total time "arabic_urban_city_residential_mid_02_mesh" in 19 ms
[09:01:30][pdx_3dtypes.cpp:217]: Total time "asian_urban_residential_poor_02_mesh" in 19 ms
[09:01:30][pdx_3dtypes.cpp:217]: Total time "indian_rural_residential_mid_03_mesh" in 19 ms
[09:01:30][pdx_3dtypes.cpp:217]: Total time "male_headgear_balkan_fur_01_mesh" in 19 ms
[09:01:30][pdx_3dtypes.cpp:217]: Total time "japan_city_navaladmin_01_mesh" in 19 ms
[09:01:30][pdx_3dtypes.cpp:217]: Total time "female_hair_african_01_mesh" in 19 ms
[09:01:30][pdx_3dtypes.cpp:217]: Total time "female_headgear_japanese_common_04_mesh" in 19 ms
[09:01:30][pdx_3dtypes.cpp:217]: Total time "military_navy_carrier_generic_mesh" in 19 ms
[09:01:30][pdx_3dtypes.cpp:217]: Total time "indian_mining_centerpiece_01_mesh" in 19 ms
[09:01:30][pdx_3dtypes.cpp:217]: Total time "japan_city_centerpiece_01_mesh" in 19 ms
[09:01:30][pdx_3dtypes.cpp:217]: Total time "japan_logisticscenter_01_mesh" in 19 ms
[09:01:30][pdx_3dtypes.cpp:217]: Total time "french_rural_residential_mid_03_mesh" in 19 ms
[09:01:30][pdx_3dtypes.cpp:217]: Total time "latin_city_tradecenter_01_mesh" in 19 ms
[09:01:30][pdx_3dtypes.cpp:217]: Total time "wonder_sagradafamilia_01_mesh" in 19 ms
[09:01:30][pdx_3dtypes.cpp:217]: Total time "wonder_statue_of_liberty_01_mesh" in 19 ms
[09:01:30][pdx_3dtypes.cpp:217]: Total time "japan_rural_residential_poor_03_mesh" in 19 ms
[09:01:30][pdx_3dtypes.cpp:217]: Total time "hull_ironfrigate_heavy_mesh" in 19 ms
[09:01:30][pdx_3dtypes.cpp:217]: Total time "dreadnought_base_mesh" in 19 ms
[09:01:30][pdx_3dtypes.cpp:217]: Total time "balkan_city_tradecenter_01_mesh" in 19 ms
[09:01:30][pdx_3dtypes.cpp:217]: Total time "male_top_layer_historical_napoleon_03_mesh" in 19 ms
[09:01:30][pdx_3dtypes.cpp:217]: Total time "hull_troopship_medium_mesh" in 19 ms
[09:01:30][pdx_3dtypes.cpp:217]: Total time "generic_forestry_centerpiece_01_mesh" in 19 ms
[09:01:30][pdx_3dtypes.cpp:217]: Total time "arabic_urban_city_townsquare_skyscraper_01_mesh" in 19 ms
[09:01:30][pdx_3dtypes.cpp:217]: Total time "diorama_battle_irregular_ground_01_mesh" in 19 ms
[09:01:30][pdx_3dtypes.cpp:217]: Total time "latin_farm_scatter_01_mesh" in 19 ms
[09:01:30][pdx_3dtypes.cpp:217]: Total time "asian_rural_residential_mid_01_mesh" in 19 ms
[09:01:30][pdx_3dtypes.cpp:217]: Total time "wonder_argebam_01_mesh" in 19 ms
[09:01:30][pdx_3dtypes.cpp:217]: Total time "male_top_layer_south_american_gaucho_01_mesh" in 18 ms
[09:01:30][pdx_3dtypes.cpp:217]: Total time "french_urban_residential_rich_01_mesh" in 18 ms
[09:01:30][pdx_3dtypes.cpp:217]: Total time "latin_colonial_manufactory_03_mesh" in 18 ms
[09:01:30][pdx_3dtypes.cpp:217]: Total time "african_urban_city_residential_poor_02_mesh" in 18 ms
[09:01:30][pdx_3dtypes.cpp:217]: Total time "asian_rural_residential_rich_01_mesh" in 18 ms
[09:01:30][pdx_3dtypes.cpp:217]: Total time "asian_urban_residential_mid_01_mesh" in 18 ms
[09:01:30][pdx_3dtypes.cpp:217]: Total time "french_rural_residential_poor_03_mesh" in 18 ms
[09:01:30][pdx_3dtypes.cpp:217]: Total time "african_urban_city_residential_poor_01_mesh" in 18 ms
[09:01:30][pdx_3dtypes.cpp:217]: Total time "arabic_farm_ranch_01_mesh" in 18 ms
[09:01:30][pdx_3dtypes.cpp:217]: Total time "latin_farm_plantation_01_mesh" in 18 ms
[09:01:30][pdx_3dtypes.cpp:217]: Total time "asian_port_centerpiece_01_mesh" in 18 ms
[09:01:30][pdx_3dtypes.cpp:217]: Total time "balkan_mining_coal_01_mesh" in 18 ms
[09:01:30][pdx_3dtypes.cpp:217]: Total time "indian_urban_residential_poor_01_mesh" in 18 ms
[09:01:30][pdx_3dtypes.cpp:217]: Total time "wonder_khaju_bridge_01_mesh" in 18 ms
[09:01:30][pdx_3dtypes.cpp:217]: Total time "african_rural_residential_mid_01_mesh" in 18 ms
[09:01:30][pdx_3dtypes.cpp:217]: Total time "female_hair_queen_victoria_mesh" in 18 ms
[09:01:30][pdx_3dtypes.cpp:217]: Total time "military_artillery_cannon_generic_mesh" in 18 ms
[09:01:30][pdx_3dtypes.cpp:217]: Total time "bonsai_tree_mesh" in 18 ms
[09:01:30][pdx_3dtypes.cpp:217]: Total time "wonder_giza_necropolis_01_mesh" in 18 ms
[09:01:30][pdx_3dtypes.cpp:217]: Total time "military_artillery_shrapnel_generic_mesh" in 18 ms
[09:01:30][pdx_3dtypes.cpp:217]: Total time "french_urban_residential_mid_03_mesh" in 18 ms
[09:01:30][pdx_3dtypes.cpp:217]: Total time "female_outfit_slavic_01_low_mesh" in 18 ms
[09:01:30][pdx_3dtypes.cpp:217]: Total time "hull_lightcruiser_medium_mesh" in 18 ms
[09:01:30][pdx_3dtypes.cpp:217]: Total time "powerbloc_statue_hero_lion_mesh" in 18 ms
[09:01:30][pdx_3dtypes.cpp:217]: Total time "arabic_rural_residential_mid_03_mesh" in 18 ms
[09:01:30][pdx_3dtypes.cpp:217]: Total time "wonder_petra_01_mesh" in 18 ms
[09:01:30][pdx_3dtypes.cpp:217]: Total time "balkan_city_barracks_01_mesh" in 18 ms
[09:01:30][pdx_3dtypes.cpp:217]: Total time "hull_seaplanetender_light_mesh" in 18 ms
[09:01:30][pdx_3dtypes.cpp:217]: Total time "arabic_city_university_01_mesh" in 18 ms
[09:01:30][pdx_3dtypes.cpp:217]: Total time "african_city_centerpiece_skyscraper_01_mesh" in 18 ms
[09:01:30][pdx_3dtypes.cpp:217]: Total time "japan_urban_residential_poor_03_mesh" in 18 ms
[09:01:30][pdx_3dtypes.cpp:217]: Total time "french_mining_processing_iron_01_mesh" in 18 ms
[09:01:30][pdx_3dtypes.cpp:217]: Total time "papermap_homemade_bomb_mesh" in 18 ms
[09:01:30][pdx_3dtypes.cpp:217]: Total time "hull_seaplanetender_heavy_mesh" in 18 ms
[09:01:30][pdx_3dtypes.cpp:217]: Total time "french_city_centerpiece_01_mesh" in 18 ms
[09:01:30][pdx_3dtypes.cpp:217]: Total time "japan_forestry_centerpiece_mixwoodpiles_02_mesh" in 17 ms
[09:01:30][pdx_3dtypes.cpp:217]: Total time "military_props_artillery_cannon_02_mesh" in 17 ms
[09:01:30][pdx_3dtypes.cpp:217]: Total time "african_colonial_manufactory_02_mesh" in 17 ms
[09:01:30][pdx_3dtypes.cpp:217]: Total time "african_port_centerpiece_01_mesh" in 17 ms
[09:01:30][pdx_3dtypes.cpp:217]: Total time "male_hair_indian_02_mesh" in 17 ms
[09:01:30][pdx_3dtypes.cpp:217]: Total time "male_shirt_indian_maharaja_singh_01_mesh" in 17 ms
[09:01:30][pdx_3dtypes.cpp:217]: Total time "military_transport_road_truck_generic_mesh" in 17 ms
[09:01:30][pdx_3dtypes.cpp:217]: Total time "indian_factory_chemical_01_mesh" in 17 ms
[09:01:30][pdx_3dtypes.cpp:217]: Total time "african_rural_residential_mid_03_mesh" in 17 ms
[09:01:30][pdx_3dtypes.cpp:217]: Total time "wonder_christ_the_redeemer_01_mesh" in 17 ms
[09:01:30][pdx_3dtypes.cpp:217]: Total time "european_train_passenger_wagon_03_mesh" in 17 ms
[09:01:30][pdx_3dtypes.cpp:217]: Total time "cliff_canyon_16_mesh" in 17 ms
[09:01:30][pdx_3dtypes.cpp:217]: Total time "male_coat_vested_tailcoat_03_mesh" in 17 ms
[09:01:30][pdx_3dtypes.cpp:217]: Total time "european_urban_residential_poor_01_mesh" in 17 ms
[09:01:30][pdx_3dtypes.cpp:217]: Total time "military_tank_light_generic_mesh" in 17 ms
[09:01:30][pdx_3dtypes.cpp:217]: Total time "latin_urban_city_residential_mid_02_mesh" in 17 ms
[09:01:30][pdx_3dtypes.cpp:217]: Total time "torpedoboatdestroyer_base_mesh" in 17 ms
[09:01:30][pdx_3dtypes.cpp:217]: Total time "balkan_forestry_transportation_03_mesh" in 17 ms
[09:01:30][pdx_3dtypes.cpp:217]: Total time "hull_modernironclad_light_mesh" in 17 ms
[09:01:30][pdx_3dtypes.cpp:217]: Total time "hull_earlyironclad_light_mesh" in 17 ms
[09:01:30][pdx_3dtypes.cpp:217]: Total time "male_hair_african_02_mesh" in 17 ms
[09:01:30][pdx_3dtypes.cpp:217]: Total time "rockformation_08_mesh" in 17 ms
[09:01:30][pdx_3dtypes.cpp:217]: Total time "french_city_factory_powerplant_01_mesh" in 17 ms
[09:01:30][pdx_3dtypes.cpp:217]: Total time "japan_urban_residential_mid_01_mesh" in 17 ms
[09:01:30][pdx_3dtypes.cpp:217]: Total time "balkan_factory_chemical_01_mesh" in 17 ms
[09:01:30][pdx_3dtypes.cpp:217]: Total time "hull_predreadnought_heavy_mesh" in 17 ms
[09:01:30][pdx_3dtypes.cpp:217]: Total time "female_hair_chinese_01_mesh" in 17 ms
[09:01:30][pdx_3dtypes.cpp:217]: Total time "male_legwear_polynesian_01_high_mesh" in 17 ms
[09:01:30][pdx_3dtypes.cpp:217]: Total time "male_prop_apron_mesh" in 17 ms
[09:01:30][pdx_3dtypes.cpp:217]: Total time "hull_protectedcruiser_medium_mesh" in 17 ms
[09:01:30][pdx_3dtypes.cpp:217]: Total time "japan_city_financialdistrict_01_mesh" in 17 ms
[09:01:30][pdx_3dtypes.cpp:217]: Total time "hull_troopship_heavy_mesh" in 17 ms
[09:01:30][pdx_3dtypes.cpp:217]: Total time "military_navy_monitor_generic_mesh" in 17 ms
[09:01:30][pdx_3dtypes.cpp:217]: Total time "ui_flag_01_aimated_mesh" in 17 ms
[09:01:30][pdx_3dtypes.cpp:217]: Total time "african_rural_residential_rich_02_mesh" in 17 ms
[09:01:30][pdx_3dtypes.cpp:217]: Total time "balkan_forestry_centerpiece_03_mesh" in 17 ms
[09:01:30][pdx_3dtypes.cpp:217]: Total time "arabic_urban_city_residential_poor_03_mesh" in 17 ms
[09:01:30][pdx_3dtypes.cpp:217]: Total time "female_outfit_working_class_01_mesh" in 17 ms
[09:01:30][pdx_3dtypes.cpp:217]: Total time "balkan_urban_residential_mid_03_mesh" in 17 ms
[09:01:30][pdx_3dtypes.cpp:217]: Total time "french_forestry_centerpiece_01_mesh" in 17 ms
[09:01:30][pdx_3dtypes.cpp:217]: Total time "french_logisticscenter_01_mesh" in 17 ms
[09:01:30][pdx_3dtypes.cpp:217]: Total time "generic_mobile_artillery_mesh" in 17 ms
[09:01:30][pdx_3dtypes.cpp:217]: Total time "japan_city_govadmin_01_mesh" in 17 ms
[09:01:30][pdx_3dtypes.cpp:217]: Total time "japan_urban_residential_mid_03_mesh" in 17 ms
[09:01:30][pdx_3dtypes.cpp:217]: Total time "arabic_farm_scatter_01_mesh" in 16 ms
[09:01:30][pdx_3dtypes.cpp:217]: Total time "japan_mining_lead_01_mesh" in 16 ms
[09:01:30][pdx_3dtypes.cpp:217]: Total time "french_urban_residential_poor_01_mesh" in 16 ms
[09:01:30][pdx_3dtypes.cpp:217]: Total time "african_port_navalbase_01_mesh" in 16 ms
[09:01:30][pdx_3dtypes.cpp:217]: Total time "indian_forestry_loggingcamp_02_mesh" in 16 ms
[09:01:30][pdx_3dtypes.cpp:217]: Total time "french_city_academy_01_mesh" in 16 ms
[09:01:30][pdx_3dtypes.cpp:217]: Total time "asian_rural_ranch_01_mesh" in 16 ms
[09:01:30][pdx_3dtypes.cpp:217]: Total time "tree_cypress_002_mesh" in 16 ms
[09:01:30][pdx_3dtypes.cpp:217]: Total time "papermap_object_compass_mesh" in 16 ms
[09:01:30][pdx_3dtypes.cpp:217]: Total time "french_city_factory_papermill_01_mesh" in 16 ms
[09:01:30][pdx_3dtypes.cpp:217]: Total time "male_mustache_historical_clemenceau_mesh" in 16 ms
[09:01:30][pdx_3dtypes.cpp:217]: Total time "hull_lightcruiser_light_mesh" in 16 ms
[09:01:30][pdx_3dtypes.cpp:217]: Total time "hull_armouredcruiser_heavy_mesh" in 16 ms
[09:01:30][pdx_3dtypes.cpp:217]: Total time "male_outfits_naval_01_mesh" in 16 ms
[09:01:30][pdx_3dtypes.cpp:217]: Total time "japan_rural_residential_rich_02_mesh" in 16 ms
[09:01:30][pdx_3dtypes.cpp:217]: Total time "female_headgear_central_asian_01_high_mesh" in 16 ms
[09:01:30][pdx_3dtypes.cpp:217]: Total time "asian_city_financialdistrict_01_mesh" in 16 ms
[09:01:30][pdx_3dtypes.cpp:217]: Total time "european_urban_residential_mid_03_mesh" in 16 ms
[09:01:30][pdx_3dtypes.cpp:217]: Total time "arabic_port_navalbase_01_mesh" in 16 ms
[09:01:30][pdx_3dtypes.cpp:217]: Total time "japan_factory_food_01_mesh" in 16 ms
[09:01:30][pdx_3dtypes.cpp:217]: Total time "french_city_factory_tech_01_mesh" in 16 ms
[09:01:30][pdx_3dtypes.cpp:217]: Total time "male_beard_victor_emmanuel_mesh" in 16 ms
[09:01:30][pdx_3dtypes.cpp:217]: Total time "japan_urban_residential_mid_04_mesh" in 16 ms
[09:01:30][pdx_3dtypes.cpp:217]: Total time "balkan_rural_residential_poor_03_mesh" in 16 ms
[09:01:30][pdx_3dtypes.cpp:217]: Total time "french_urban_residential_poor_04_mesh" in 16 ms
[09:01:30][pdx_3dtypes.cpp:217]: Total time "balkan_urban_residential_mid_02_mesh" in 16 ms
[09:01:30][pdx_3dtypes.cpp:217]: Total time "male_outfit_arabic_common_02_mesh" in 16 ms
[09:01:30][pdx_3dtypes.cpp:217]: Total time "generic_factory_powerplant_01_mesh" in 16 ms
[09:01:30][pdx_3dtypes.cpp:217]: Total time "male_headgear_japanese_jingasa_mesh" in 16 ms
[09:01:30][pdx_3dtypes.cpp:217]: Total time "french_mining_sulfurdepot_01_mesh" in 16 ms
[09:01:30][pdx_3dtypes.cpp:217]: Total time "asian_province_subfarm_02_mesh" in 16 ms
[09:01:30][pdx_3dtypes.cpp:217]: Total time "male_sashes_austrian_01_mesh" in 16 ms
[09:01:30][pdx_3dtypes.cpp:217]: Total time "french_rural_residential_poor_01_mesh" in 16 ms
[09:01:30][pdx_3dtypes.cpp:217]: Total time "male_headgear_japanese_imperial_01_mesh" in 16 ms
[09:01:30][pdx_3dtypes.cpp:217]: Total time "female_coat_vivandiere_02_mesh" in 16 ms
[09:01:30][pdx_3dtypes.cpp:217]: Total time "generic_factory_munition_01_mesh" in 16 ms
[09:01:30][pdx_3dtypes.cpp:217]: Total time "french_farm_farmstead_01_mesh" in 16 ms
[09:01:30][pdx_3dtypes.cpp:217]: Total time "hammer_anvil_animations_mesh" in 16 ms
[09:01:30][pdx_3dtypes.cpp:217]: Total time "wonder_machu_picchu_mesh" in 16 ms
[09:01:30][pdx_3dtypes.cpp:217]: Total time "asian_rural_residential_mid_03_mesh" in 16 ms
[09:01:30][pdx_3dtypes.cpp:217]: Total time "indian_rural_residential_rich_03_mesh" in 16 ms
[09:01:30][pdx_3dtypes.cpp:217]: Total time "hull_shipoftheline_heavy_mesh" in 16 ms
[09:01:30][pdx_3dtypes.cpp:217]: Total time "african_forestry_scatter_01_mesh" in 16 ms
[09:01:30][pdx_3dtypes.cpp:217]: Total time "diorama_battle_line_ground_01_mesh" in 16 ms
[09:01:30][pdx_3dtypes.cpp:217]: Total time "female_hair_european_04_mesh" in 16 ms
[09:01:30][pdx_3dtypes.cpp:217]: Total time "rubber_lodge_01_mesh" in 16 ms
[09:01:30][pdx_3dtypes.cpp:217]: Total time "latin_rural_residential_mid_03_mesh" in 16 ms
[09:01:30][pdx_3dtypes.cpp:217]: Total time "hull_ironfrigate_light_mesh" in 16 ms
[09:01:30][pdx_3dtypes.cpp:217]: Total time "prop_rifle_mesh" in 16 ms
[09:01:30][pdx_3dtypes.cpp:217]: Total time "male_outfit_japanese_imperial_01_mesh" in 16 ms
[09:01:30][pdx_3dtypes.cpp:217]: Total time "european_city_financialdistrict_01_mesh" in 16 ms
[09:01:30][pdx_3dtypes.cpp:217]: Total time "french_rural_residential_rich_02_mesh" in 16 ms
[09:01:30][pdx_3dtypes.cpp:217]: Total time "tractor_01_mesh" in 16 ms
[09:01:30][pdx_3dtypes.cpp:217]: Total time "african_rural_residential_poor_02_mesh" in 16 ms
[09:01:30][pdx_3dtypes.cpp:217]: Total time "balkan_rural_residential_mid_01_mesh" in 16 ms
[09:01:30][pdx_3dtypes.cpp:217]: Total time "hull_submarine_heavy_mesh" in 16 ms
[09:01:30][pdx_3dtypes.cpp:217]: Total time "african_farm_ranch_01_mesh" in 16 ms
[09:01:30][pdx_3dtypes.cpp:217]: Total time "balkan_city_govadmin_01_mesh" in 16 ms
[09:01:30][pdx_3dtypes.cpp:217]: Total time "japan_rural_residential_mid_03_mesh" in 16 ms
[09:01:30][pdx_3dtypes.cpp:217]: Total time "generic_forestry_centerpiece_03_mesh" in 16 ms
[09:01:30][pdx_3dtypes.cpp:217]: Total time "asian_rural_residential_mid_02_mesh" in 16 ms
[09:01:30][pdx_3dtypes.cpp:217]: Total time "asian_rural_residential_poor_03_mesh" in 15 ms
[09:01:30][pdx_3dtypes.cpp:217]: Total time "male_coat_ceo_02_bs_old_mesh" in 15 ms
[09:01:30][pdx_3dtypes.cpp:217]: Total time "french_city_tradecenter_01_mesh" in 15 ms
[09:01:30][pdx_3dtypes.cpp:217]: Total time "arabic_rural_residential_rich_03_mesh" in 15 ms
[09:01:30][pdx_3dtypes.cpp:217]: Total time "female_top_layer_japanese_common_01_mesh" in 15 ms
[09:01:30][pdx_3dtypes.cpp:217]: Total time "male_headgear_indian_royalty_02_mesh" in 15 ms
[09:01:30][pdx_3dtypes.cpp:217]: Total time "wonder_gran_teatro_de_la_habana_mesh" in 15 ms
[09:01:30][pdx_3dtypes.cpp:217]: Total time "male_coat_historical_blanqui_01_mesh" in 15 ms
[09:01:30][pdx_3dtypes.cpp:217]: Total time "male_outfit_native_american_01_high_mesh" in 15 ms
[09:01:30][pdx_3dtypes.cpp:217]: Total time "hull_armouredcruiser_medium_mesh" in 15 ms
[09:01:30][pdx_3dtypes.cpp:217]: Total time "arabic_urban_city_residential_poor_01_mesh" in 15 ms
[09:01:30][pdx_3dtypes.cpp:217]: Total time "generic_forestry_equipment_03_mesh" in 15 ms
[09:01:30][pdx_3dtypes.cpp:217]: Total time "male_outfit_chinese_agitator_01_mesh" in 15 ms
[09:01:30][pdx_3dtypes.cpp:217]: Total time "hull_destroyer_heavy_mesh" in 15 ms
[09:01:30][pdx_3dtypes.cpp:217]: Total time "male_headgear_native_american_01_high_mesh" in 15 ms
[09:01:30][pdx_3dtypes.cpp:217]: Total time "seaplanetender_base_mesh" in 15 ms
[09:01:30][pdx_3dtypes.cpp:217]: Total time "japan_factory_furniture_01_mesh" in 15 ms
[09:01:30][pdx_3dtypes.cpp:217]: Total time "european_rural_ranch_01_mesh" in 15 ms
[09:01:30][pdx_3dtypes.cpp:217]: Total time "male_coat_late_military_greatcoat_01_mesh" in 15 ms
[09:01:30][pdx_3dtypes.cpp:217]: Total time "generic_mining_sulfur_01_mesh" in 15 ms
[09:01:30][pdx_3dtypes.cpp:217]: Total time "male_top_layer_greek_01_mesh" in 15 ms
[09:01:30][pdx_3dtypes.cpp:217]: Total time "modernironclad_base_mesh" in 15 ms
[09:01:30][pdx_3dtypes.cpp:217]: Total time "hull_destroyer_medium_mesh" in 15 ms
[09:01:30][pdx_3dtypes.cpp:217]: Total time "male_legwear_african_zulu_dingane_01_mesh" in 15 ms
[09:01:30][pdx_3dtypes.cpp:217]: Total time "french_forestry_scatter_01_mesh" in 15 ms
[09:01:30][pdx_3dtypes.cpp:217]: Total time "european_city_academy_01_mesh" in 15 ms
[09:01:30][pdx_3dtypes.cpp:217]: Total time "generic_line_infantry_mesh" in 15 ms
[09:01:30][pdx_3dtypes.cpp:217]: Total time "wonder_the_kaiserforum_stage1_mesh" in 15 ms
[09:01:30][pdx_3dtypes.cpp:217]: Total time "hull_troopship_light_mesh" in 15 ms
[09:01:30][pdx_3dtypes.cpp:217]: Total time "arabic_rural_residential_mid_02_mesh" in 15 ms
[09:01:30][pdx_3dtypes.cpp:217]: Total time "indian_factory_glass_01_mesh" in 15 ms
[09:01:30][pdx_3dtypes.cpp:217]: Total time "male_top_layer_european_royal_01_mesh" in 15 ms
[09:01:30][pdx_3dtypes.cpp:217]: Total time "male_headgear_european_common_01_mesh" in 15 ms
[09:01:30][pdx_3dtypes.cpp:217]: Total time "balkan_city_academy_01_mesh" in 15 ms
[09:01:30][pdx_3dtypes.cpp:217]: Total time "latin_urban_city_residential_rich_01_mesh" in 15 ms
[09:01:30][pdx_3dtypes.cpp:217]: Total time "male_beard_european_05_mesh" in 15 ms
[09:01:30][pdx_3dtypes.cpp:217]: Total time "female_coat_european_greatcoat_01_mesh" in 15 ms
[09:01:30][pdx_3dtypes.cpp:217]: Total time "male_waistcoat_european_03_mesh" in 15 ms
[09:01:30][pdx_3dtypes.cpp:217]: Total time "latin_rural_residential_mid_02_mesh" in 15 ms
[09:01:30][pdx_3dtypes.cpp:217]: Total time "indian_urban_residential_rich_01_mesh" in 15 ms
[09:01:30][pdx_3dtypes.cpp:217]: Total time "asian_province_subfarm_01_mesh" in 15 ms
[09:01:30][pdx_3dtypes.cpp:217]: Total time "hull_predreadnought_light_mesh" in 15 ms
[09:01:30][pdx_3dtypes.cpp:217]: Total time "male_legwear_japanese_common_01_mesh" in 15 ms
[09:01:30][pdx_3dtypes.cpp:217]: Total time "superdreadnought_base_mesh" in 15 ms
[09:01:30][pdx_3dtypes.cpp:217]: Total time "female_necklace_polynesian_01_low_mesh" in 15 ms
[09:01:30][pdx_3dtypes.cpp:217]: Total time "male_headgear_indian_common_01_mesh" in 15 ms
[09:01:30][pdx_3dtypes.cpp:217]: Total time "african_rural_residential_rich_03_mesh" in 15 ms
[09:01:30][pdx_3dtypes.cpp:217]: Total time "arabic_urban_city_residential_mid_01_mesh" in 15 ms
[09:01:30][pdx_3dtypes.cpp:217]: Total time "indian_rural_residential_poor_02_mesh" in 15 ms
[09:01:30][pdx_3dtypes.cpp:217]: Total time "male_belt_greatcoat_01_mesh" in 15 ms
[09:01:30][pdx_3dtypes.cpp:217]: Total time "male_headgear_arabic_military_01_mesh" in 15 ms
[09:01:30][pdx_3dtypes.cpp:217]: Total time "indian_rural_residential_rich_01_mesh" in 15 ms
[09:01:30][pdx_3dtypes.cpp:217]: Total time "balkan_urban_residential_rich_03_mesh" in 15 ms
[09:01:30][pdx_3dtypes.cpp:217]: Total time "japan_forestry_centerpiece_02_mesh" in 15 ms
[09:01:30][pdx_3dtypes.cpp:217]: Total time "hull_aircraftcarrier_heavy_mesh" in 15 ms
[09:01:30][pdx_3dtypes.cpp:217]: Total time "male_top_layers_indian_scarf_01_mesh" in 14 ms
[09:01:30][pdx_3dtypes.cpp:217]: Total time "french_city_factory_glass_01_mesh" in 14 ms
[09:01:30][pdx_3dtypes.cpp:217]: Total time "balkan_city_financialdistrict_01_mesh" in 14 ms
[09:01:30][pdx_3dtypes.cpp:217]: Total time "male_waistcoat_european_02_mesh" in 14 ms
[09:01:30][pdx_3dtypes.cpp:217]: Total time "female_outfit_european_agitator_01_mesh" in 14 ms
[09:01:30][pdx_3dtypes.cpp:217]: Total time "japan_city_academy_01_mesh" in 14 ms
[09:01:30][pdx_3dtypes.cpp:217]: Total time "indian_city_barracks_mesh" in 14 ms
[09:01:30][pdx_3dtypes.cpp:217]: Total time "male_coat_european_fancy_single_breasted_01_mesh" in 14 ms
[09:01:30][pdx_3dtypes.cpp:217]: Total time "male_coat_vested_tailcoat_01_mesh" in 14 ms
[09:01:30][pdx_3dtypes.cpp:217]: Total time "flatbed_truck_01_mesh" in 14 ms
[09:01:30][pdx_3dtypes.cpp:217]: Total time "asian_urban_residential_mid_02_mesh" in 14 ms
[09:01:30][pdx_3dtypes.cpp:217]: Total time "female_coat_vivandiere_01_mesh" in 14 ms
[09:01:30][pdx_3dtypes.cpp:217]: Total time "arabic_rural_residential_poor_02_mesh" in 14 ms
[09:01:30][pdx_3dtypes.cpp:217]: Total time "african_city_barracks_01_mesh" in 14 ms
[09:01:30][pdx_3dtypes.cpp:217]: Total time "hull_shipoftheline_light_mesh" in 14 ms
[09:01:30][pdx_3dtypes.cpp:217]: Total time "french_urban_residential_poor_03_mesh" in 14 ms
[09:01:30][pdx_3dtypes.cpp:217]: Total time "arabic_lighthouse_01_mesh" in 14 ms
[09:01:30][pdx_3dtypes.cpp:217]: Total time "male_legwear_slavic_01_high_mesh" in 14 ms
[09:01:30][pdx_3dtypes.cpp:217]: Total time "female_hair_lakshmibai_01_mesh" in 14 ms
[09:01:30][pdx_3dtypes.cpp:217]: Total time "male_coat_european_civil_dress_uniform_01_mesh" in 14 ms
[09:01:30][pdx_3dtypes.cpp:217]: Total time "powerbloc_statue_hero_sittingman_mesh" in 14 ms
[09:01:30][pdx_3dtypes.cpp:217]: Total time "arabic_urban_port_dockyard_01_mesh" in 14 ms
[09:01:30][pdx_3dtypes.cpp:217]: Total time "french_mining_quarry_01_mesh" in 14 ms
[09:01:30][pdx_3dtypes.cpp:217]: Total time "female_headgear_european_common_01_mesh" in 14 ms
[09:01:30][pdx_3dtypes.cpp:217]: Total time "balkan_rural_residential_rich_01_mesh" in 14 ms
[09:01:30][pdx_3dtypes.cpp:217]: Total time "hull_earlyironclad_medium_mesh" in 14 ms
[09:01:30][pdx_3dtypes.cpp:217]: Total time "hull_superdreadnought_heavy_mesh" in 14 ms
[09:01:30][pdx_3dtypes.cpp:217]: Total time "balkan_rural_residential_mid_03_mesh" in 14 ms
[09:01:30][pdx_3dtypes.cpp:217]: Total time "hull_frigate_medium_mesh" in 14 ms
[09:01:30][pdx_3dtypes.cpp:217]: Total time "arabic_farm_plantation_01_mesh" in 14 ms
[09:01:30][pdx_3dtypes.cpp:217]: Total time "male_coat_historical_dracula_mesh" in 14 ms
[09:01:30][pdx_3dtypes.cpp:217]: Total time "japan_mining_oil_01_mesh" in 14 ms
[09:01:30][pdx_3dtypes.cpp:217]: Total time "french_city_factory_arms_01_mesh" in 14 ms
[09:01:30][pdx_3dtypes.cpp:217]: Total time "asian_lighthouse_01_mesh" in 14 ms
[09:01:30][pdx_3dtypes.cpp:217]: Total time "female_sash_african_agitator_01_mesh" in 14 ms
[09:01:30][pdx_3dtypes.cpp:217]: Total time "male_legwear_european_01_mesh" in 14 ms
[09:01:30][pdx_3dtypes.cpp:217]: Total time "french_farm_centerpiece_01_mesh" in 14 ms
[09:01:30][pdx_3dtypes.cpp:217]: Total time "french_port_navalbase_01_mesh" in 14 ms
[09:01:30][pdx_3dtypes.cpp:217]: Total time "monument_templeofposeidon_mesh" in 14 ms
[09:01:30][pdx_3dtypes.cpp:217]: Total time "male_hair_european_16_mesh" in 14 ms
[09:01:30][pdx_3dtypes.cpp:217]: Total time "european_urban_residential_mid_01_mesh" in 14 ms
[09:01:30][pdx_3dtypes.cpp:217]: Total time "male_coat_historical_lenin_01_mesh" in 14 ms
[09:01:30][pdx_3dtypes.cpp:217]: Total time "powerbloc_statue_hero_globe_mesh" in 14 ms
[09:01:30][pdx_3dtypes.cpp:217]: Total time "indian_urban_residential_mid_03_mesh" in 14 ms
[09:01:30][pdx_3dtypes.cpp:217]: Total time "generic_mining_gold_01_mesh" in 14 ms
[09:01:30][pdx_3dtypes.cpp:217]: Total time "female_headgear_european_common_02_mesh" in 14 ms
[09:01:30][pdx_3dtypes.cpp:217]: Total time "male_headgear_south_american_agitator_01_mesh" in 14 ms
[09:01:30][pdx_3dtypes.cpp:217]: Total time "male_outfit_arabic_royal_01_mesh" in 14 ms
[09:01:30][pdx_3dtypes.cpp:217]: Total time "arabic_urban_city_residential_rich_02_mesh" in 14 ms
[09:01:30][pdx_3dtypes.cpp:217]: Total time "indian_city_academy_mesh" in 14 ms
[09:01:30][pdx_3dtypes.cpp:217]: Total time "male_outfit_indian_tatya_tope_mesh" in 14 ms
[09:01:30][pdx_3dtypes.cpp:217]: Total time "male_outfit_polynesian_01_low_mesh" in 14 ms
[09:01:30][pdx_3dtypes.cpp:217]: Total time "asian_city_centerpiece_01_mesh" in 14 ms
[09:01:30][pdx_3dtypes.cpp:217]: Total time "arabic_forestry_centerpiece_01_mesh" in 14 ms
[09:01:30][pdx_3dtypes.cpp:217]: Total time "african_farm_farmstead_01_mesh" in 14 ms
[09:01:30][pdx_3dtypes.cpp:217]: Total time "female_outfit_native_american_01_high_mesh" in 14 ms
[09:01:30][pdx_3dtypes.cpp:217]: Total time "male_outfit_korean_common_01_mesh" in 14 ms
[09:01:30][pdx_3dtypes.cpp:217]: Total time "male_headgear_beret_hat_01_mesh" in 14 ms
[09:01:30][pdx_3dtypes.cpp:217]: Total time "arabic_rural_residential_mid_01_mesh" in 14 ms
[09:01:30][pdx_3dtypes.cpp:217]: Total time "hull_superdreadnought_medium_mesh" in 14 ms
[09:01:30][pdx_3dtypes.cpp:217]: Total time "hull_torpedoboat_light_mesh" in 14 ms
[09:01:30][pdx_3dtypes.cpp:217]: Total time "latin_rural_residential_mid_01_mesh" in 14 ms
[09:01:30][pdx_3dtypes.cpp:217]: Total time "female_headgear_portuguese_01_mesh" in 13 ms
[09:01:30][pdx_3dtypes.cpp:217]: Total time "european_farm_farmhouse_02_mesh" in 13 ms
[09:01:30][pdx_3dtypes.cpp:217]: Total time "hull_submarine_medium_mesh" in 13 ms
[09:01:30][pdx_3dtypes.cpp:217]: Total time "hull_dreadnought_medium_mesh" in 13 ms
[09:01:30][pdx_3dtypes.cpp:217]: Total time "male_mustache_bal_gangadhar_tilak_mesh" in 13 ms
[09:01:30][pdx_3dtypes.cpp:217]: Total time "african_manufactory_01_mesh" in 13 ms
[09:01:30][pdx_3dtypes.cpp:217]: Total time "latin_urban_city_residential_mid_01_mesh" in 13 ms
[09:01:30][pdx_3dtypes.cpp:217]: Total time "european_rural_building_poor_02_mesh" in 13 ms
[09:01:30][pdx_3dtypes.cpp:217]: Total time "french_mining_quarry_03_mesh" in 13 ms
[09:01:30][pdx_3dtypes.cpp:217]: Total time "male_beard_european_07_mesh" in 13 ms
[09:01:30][pdx_3dtypes.cpp:217]: Total time "torpedoboat_base_mesh" in 13 ms
[09:01:30][pdx_3dtypes.cpp:217]: Total time "generic_forestry_trees_03_mesh" in 13 ms
[09:01:30][pdx_3dtypes.cpp:217]: Total time "african_urban_city_residential_rich_01_mesh" in 13 ms
[09:01:30][pdx_3dtypes.cpp:217]: Total time "balkan_rural_residential_poor_01_mesh" in 13 ms
[09:01:30][pdx_3dtypes.cpp:217]: Total time "european_car_01_mesh" in 13 ms
[09:01:30][pdx_3dtypes.cpp:217]: Total time "male_hair_european_04_cap1_mesh" in 13 ms
[09:01:30][pdx_3dtypes.cpp:217]: Total time "male_necklace_power_bloc_sovereign_01_mesh" in 13 ms
[09:01:30][pdx_3dtypes.cpp:217]: Total time "female_outfit_native_american_01_low_mesh" in 13 ms
[09:01:30][pdx_3dtypes.cpp:217]: Total time "indian_companyhq_01_mesh" in 13 ms
[09:01:30][pdx_3dtypes.cpp:217]: Total time "male_mustache_john_maynard_keynes_mesh" in 13 ms
[09:01:30][pdx_3dtypes.cpp:217]: Total time "european_urban_residential_rich_02_mesh" in 13 ms
[09:01:30][pdx_3dtypes.cpp:217]: Total time "female_outfit_arabic_low_tier_01_mesh" in 13 ms
[09:01:30][pdx_3dtypes.cpp:217]: Total time "male_civilian_coat_european_02_mesh" in 13 ms
[09:01:30][pdx_3dtypes.cpp:217]: Total time "male_necklace_power_bloc_ideological_01_mesh" in 13 ms
[09:01:30][pdx_3dtypes.cpp:217]: Total time "male_outfit_siamese_royal_01_mesh" in 13 ms
[09:01:30][pdx_3dtypes.cpp:217]: Total time "indian_city_university_mesh" in 13 ms
[09:01:30][pdx_3dtypes.cpp:217]: Total time "male_epaulettes_01_mesh" in 13 ms
[09:01:30][pdx_3dtypes.cpp:217]: Total time "military_tank_mechinfantry_generic_mesh" in 13 ms
[09:01:30][pdx_3dtypes.cpp:217]: Total time "female_prop_vivandiere_01_mesh" in 13 ms
[09:01:30][pdx_3dtypes.cpp:217]: Total time "european_mobile_artillery_mesh" in 13 ms
[09:01:30][pdx_3dtypes.cpp:217]: Total time "indian_farm_centerpiece_01_mesh" in 13 ms
[09:01:30][pdx_3dtypes.cpp:217]: Total time "male_headgear_late_military_cap_navy_straps_mesh" in 13 ms
[09:01:30][pdx_3dtypes.cpp:217]: Total time "hull_dreadnought_heavy_mesh" in 13 ms
[09:01:30][pdx_3dtypes.cpp:217]: Total time "indian_urban_residential_mid_01_mesh" in 13 ms
[09:01:30][pdx_3dtypes.cpp:217]: Total time "female_outfit_chinese_01_low_mesh" in 13 ms
[09:01:30][pdx_3dtypes.cpp:217]: Total time "european_rural_center_piece_01_mesh" in 13 ms
[09:01:30][pdx_3dtypes.cpp:217]: Total time "male_necklace_power_bloc_trade_01_mesh" in 13 ms
[09:01:30][pdx_3dtypes.cpp:217]: Total time "french_rural_residential_mid_02_mesh" in 13 ms
[09:01:30][pdx_3dtypes.cpp:217]: Total time "male_sashes_cuirass_01_mesh" in 13 ms
[09:01:30][pdx_3dtypes.cpp:217]: Total time "male_necklace_power_bloc_cape_01_mesh" in 13 ms
[09:01:30][pdx_3dtypes.cpp:217]: Total time "balkan_urban_residential_rich_02_mesh" in 13 ms
[09:01:30][pdx_3dtypes.cpp:217]: Total time "french_urban_residential_mid_02_mesh" in 13 ms
[09:01:30][pdx_3dtypes.cpp:217]: Total time "balkan_mining_oil_01_mesh" in 13 ms
[09:01:30][pdx_3dtypes.cpp:217]: Total time "male_belt_aggressive_expansion_01_mesh" in 13 ms
[09:01:30][pdx_3dtypes.cpp:217]: Total time "french_forestry_camp_02_mesh" in 13 ms
[09:01:30][pdx_3dtypes.cpp:217]: Total time "female_headgear_arabic_common_02_mesh" in 13 ms
[09:01:30][pdx_3dtypes.cpp:217]: Total time "arabic_urban_city_residential_rich_01_mesh" in 13 ms
[09:01:30][pdx_3dtypes.cpp:217]: Total time "japan_forestry_centerpiece_03_mesh" in 13 ms
[09:01:30][pdx_3dtypes.cpp:217]: Total time "male_belts_gandhi_watch_01_mesh" in 13 ms
[09:01:30][pdx_3dtypes.cpp:217]: Total time "japan_mining_gold_01_mesh" in 13 ms
[09:01:30][pdx_3dtypes.cpp:217]: Total time "male_sash_slavic_agitator_01_mesh" in 13 ms
[09:01:30][pdx_3dtypes.cpp:217]: Total time "japan_rural_residential_rich_03_mesh" in 13 ms
[09:01:30][pdx_3dtypes.cpp:217]: Total time "french_city_factory_warmachine_01_mesh" in 13 ms
[09:01:30][pdx_3dtypes.cpp:217]: Total time "male_aiguillettes_01_mesh" in 13 ms
[09:01:30][pdx_3dtypes.cpp:217]: Total time "european_rural_building_rich_02_mesh" in 13 ms
[09:01:30][pdx_3dtypes.cpp:217]: Total time "female_necklace_south_american_01_low_mesh" in 13 ms
[09:01:30][pdx_3dtypes.cpp:217]: Total time "male_coat_ceo_02_mesh" in 13 ms
[09:01:30][pdx_3dtypes.cpp:217]: Total time "hull_dreadnought_light_mesh" in 13 ms
[09:01:30][pdx_3dtypes.cpp:217]: Total time "male_outfit_native_american_01_low_mesh" in 13 ms
[09:01:30][pdx_3dtypes.cpp:217]: Total time "sandstone_monument_01_mesh" in 13 ms
[09:01:30][pdx_3dtypes.cpp:217]: Total time "female_hair_european_03_mesh" in 13 ms
[09:01:30][pdx_3dtypes.cpp:217]: Total time "male_coat_european_09_mesh" in 13 ms
[09:01:30][pdx_3dtypes.cpp:217]: Total time "male_headgear_european_agitator_01_mesh" in 13 ms
[09:01:30][pdx_3dtypes.cpp:217]: Total time "papermap_cigarbox_01_mesh" in 13 ms
[09:01:30][pdx_3dtypes.cpp:217]: Total time "female_top_layers_power_bloc_01_mesh" in 13 ms
[09:01:30][pdx_3dtypes.cpp:217]: Total time "hull_submarine_light_mesh" in 13 ms
[09:01:30][pdx_3dtypes.cpp:217]: Total time "arabic_urban_city_residential_rich_03_mesh" in 13 ms
[09:01:30][pdx_3dtypes.cpp:217]: Total time "male_outfit_chinese_imperial_01_mesh" in 13 ms
[09:01:30][pdx_3dtypes.cpp:217]: Total time "japan_rural_residential_poor_02_mesh" in 13 ms
[09:01:30][pdx_3dtypes.cpp:217]: Total time "japan_urban_residential_rich_02_mesh" in 13 ms
[09:01:30][pdx_3dtypes.cpp:217]: Total time "monument_watarun_mesh" in 13 ms
[09:01:30][pdx_3dtypes.cpp:217]: Total time "japan_rural_residential_mid_04_mesh" in 13 ms
[09:01:30][pdx_3dtypes.cpp:217]: Total time "hull_torpedoboatdestroyer_medium_mesh" in 13 ms
[09:01:30][pdx_3dtypes.cpp:217]: Total time "male_headgear_european_common_03_mesh" in 13 ms
[09:01:30][pdx_3dtypes.cpp:217]: Total time "generic_forestry_centerpiece_02_mesh" in 13 ms
[09:01:30][pdx_3dtypes.cpp:217]: Total time "asian_rural_residential_poor_01_mesh" in 13 ms
[09:01:30][pdx_3dtypes.cpp:217]: Total time "male_coat_european_08_mesh" in 12 ms
[09:01:30][pdx_3dtypes.cpp:217]: Total time "balkan_urban_residential_poor_01_mesh" in 12 ms
[09:01:30][pdx_3dtypes.cpp:217]: Total time "male_coat_vested_tailcoat_02_mesh" in 12 ms
[09:01:30][pdx_3dtypes.cpp:217]: Total time "male_legwear_austrian_01_mesh" in 12 ms
[09:01:30][pdx_3dtypes.cpp:217]: Total time "french_city_factory_munition_01_mesh" in 12 ms
[09:01:30][pdx_3dtypes.cpp:217]: Total time "arabic_factory_02_mesh" in 12 ms
[09:01:30][pdx_3dtypes.cpp:217]: Total time "male_shirt_european_01_mesh" in 12 ms
[09:01:30][pdx_3dtypes.cpp:217]: Total time "cliff_canyon_03_mesh" in 12 ms
[09:01:30][pdx_3dtypes.cpp:217]: Total time "asian_urban_residential_rich_01_mesh" in 12 ms
[09:01:30][pdx_3dtypes.cpp:217]: Total time "european_rural_building_rich_03_mesh" in 12 ms
[09:01:30][pdx_3dtypes.cpp:217]: Total time "prop_pitchfork_mesh" in 12 ms
[09:01:30][pdx_3dtypes.cpp:217]: Total time "female_outfit_chinese_01_mid_mesh" in 12 ms
[09:01:30][pdx_3dtypes.cpp:217]: Total time "male_beard_african_02_mesh" in 12 ms
[09:01:30][pdx_3dtypes.cpp:217]: Total time "male_headgear_maharaja_singh_01_mesh" in 12 ms
[09:01:30][pdx_3dtypes.cpp:217]: Total time "french_urban_residential_poor_02_mesh" in 12 ms
[09:01:30][pdx_3dtypes.cpp:217]: Total time "hull_modernironclad_medium_mesh" in 12 ms
[09:01:30][pdx_3dtypes.cpp:217]: Total time "male_sashes_tricolor_mesh" in 12 ms
[09:01:30][pdx_3dtypes.cpp:217]: Total time "male_coat_gilded_tailcoat_mesh" in 12 ms
[09:01:30][pdx_3dtypes.cpp:217]: Total time "bird_eagle_02_mesh" in 12 ms
[09:01:30][pdx_3dtypes.cpp:217]: Total time "male_headgear_indian_bhagat_singh_mesh" in 12 ms
[09:01:30][pdx_3dtypes.cpp:217]: Total time "male_coat_japanese_meiji_court_01_mesh" in 12 ms
[09:01:30][pdx_3dtypes.cpp:217]: Total time "male_sash_army_bedroll_02_mesh" in 12 ms
[09:01:30][pdx_3dtypes.cpp:217]: Total time "hull_torpedoboatdestroyer_light_mesh" in 12 ms
[09:01:30][pdx_3dtypes.cpp:217]: Total time "male_outfit_circumpolar_01_low_mesh" in 12 ms
[09:01:30][pdx_3dtypes.cpp:217]: Total time "wonder_chichen_itza_01_mesh" in 12 ms
[09:01:30][pdx_3dtypes.cpp:217]: Total time "male_legwear_european_military_01_mesh" in 12 ms
[09:01:30][pdx_3dtypes.cpp:217]: Total time "male_beard_indian_akbar_shah_ii_mesh" in 12 ms
[09:01:30][pdx_3dtypes.cpp:217]: Total time "european_city_centerpiece_skyscraper_01_mesh" in 12 ms
[09:01:30][pdx_3dtypes.cpp:217]: Total time "male_outfit_indian_common_02_mesh" in 12 ms
[09:01:30][pdx_3dtypes.cpp:217]: Total time "male_mustache_napoleon_03_mesh" in 12 ms
[09:01:30][pdx_3dtypes.cpp:217]: Total time "female_headgear_slavic_kokoshnik_01_mesh" in 12 ms
[09:01:30][pdx_3dtypes.cpp:217]: Total time "indian_regionalcompanyhq_01_mesh" in 12 ms
[09:01:30][pdx_3dtypes.cpp:217]: Total time "african_urban_city_residential_rich_03_mesh" in 12 ms
[09:01:30][pdx_3dtypes.cpp:217]: Total time "bird_seagull_01_mesh" in 12 ms
[09:01:30][pdx_3dtypes.cpp:217]: Total time "male_outfit_japanese_01_low_mesh" in 12 ms
[09:01:30][pdx_3dtypes.cpp:217]: Total time "male_outfit_polynesian_01_high_mesh" in 12 ms
[09:01:30][pdx_3dtypes.cpp:217]: Total time "powerbloc_statue_hero_sun_mesh" in 12 ms
[09:01:30][pdx_3dtypes.cpp:217]: Total time "powerbloc_statue_hero_dancinglady_mesh" in 12 ms
[09:01:30][pdx_3dtypes.cpp:217]: Total time "wonder_wallofchina_06_mesh" in 12 ms
[09:01:30][pdx_3dtypes.cpp:217]: Total time "hull_predreadnought_medium_mesh" in 12 ms
[09:01:30][pdx_3dtypes.cpp:217]: Total time "male_headgear_african_common_02_mesh" in 12 ms
[09:01:30][pdx_3dtypes.cpp:217]: Total time "male_legwear_indian_maharaja_singh_01_mesh" in 12 ms
[09:01:30][pdx_3dtypes.cpp:217]: Total time "male_coat_historical_mazzini_01_mesh" in 12 ms
[09:01:30][pdx_3dtypes.cpp:217]: Total time "male_hair_european_15_mesh" in 12 ms
[09:01:30][pdx_3dtypes.cpp:217]: Total time "male_hair_rudolf_prince_of_austria_mesh" in 12 ms
[09:01:30][pdx_3dtypes.cpp:217]: Total time "male_coat_european_03_mesh" in 12 ms
[09:01:30][pdx_3dtypes.cpp:217]: Total time "male_outfit_circumpolar_01_high_mesh" in 12 ms
[09:01:30][pdx_3dtypes.cpp:217]: Total time "hull_torpedoboat_medium_mesh" in 12 ms
[09:01:30][pdx_3dtypes.cpp:217]: Total time "cliff_canyon_09_mesh" in 12 ms
[09:01:30][pdx_3dtypes.cpp:217]: Total time "female_legwear_european_military_02_mesh" in 12 ms
[09:01:30][pdx_3dtypes.cpp:217]: Total time "male_shirts_balkan_hajduk_01_mesh" in 12 ms
[09:01:30][pdx_3dtypes.cpp:217]: Total time "european_rural_plantation_01_mesh" in 12 ms
[09:01:30][pdx_3dtypes.cpp:217]: Total time "bellbuoy_01_mesh" in 12 ms
[09:01:30][pdx_3dtypes.cpp:217]: Total time "african_farm_scatter_01_mesh" in 12 ms
[09:01:30][pdx_3dtypes.cpp:217]: Total time "male_headgear_japanese_common_02_mesh" in 12 ms
[09:01:30][pdx_3dtypes.cpp:217]: Total time "military_navy_submarine_generic_mesh" in 12 ms
[09:01:30][pdx_3dtypes.cpp:217]: Total time "female_headgear_central_asian_01_low_mesh" in 12 ms
[09:01:30][pdx_3dtypes.cpp:217]: Total time "female_outfit_central_asian_01_low_mesh" in 12 ms
[09:01:30][pdx_3dtypes.cpp:217]: Total time "male_belt_austrian_01_mesh" in 12 ms
[09:01:30][pdx_3dtypes.cpp:217]: Total time "male_headgear_european_military_08_mesh" in 12 ms
[09:01:30][pdx_3dtypes.cpp:217]: Total time "japan_urban_residential_rich_01_mesh" in 12 ms
[09:01:30][pdx_3dtypes.cpp:217]: Total time "male_belt_generic_01_mesh" in 12 ms
[09:01:30][pdx_3dtypes.cpp:217]: Total time "male_beard_petar_ii_petrovic_njegos_mesh" in 12 ms
[09:01:30][pdx_3dtypes.cpp:217]: Total time "indian_rural_manorhouse_01_mesh" in 12 ms
[09:01:30][pdx_3dtypes.cpp:217]: Total time "french_rural_residential_mid_01_mesh" in 12 ms
[09:01:30][pdx_3dtypes.cpp:217]: Total time "balkan_factory_tech_01_mesh" in 12 ms
[09:01:30][pdx_3dtypes.cpp:217]: Total time "french_city_factory_tools_01_mesh" in 12 ms
[09:01:30][pdx_3dtypes.cpp:217]: Total time "male_necklace_louis_delescluze_mesh" in 12 ms
[09:01:30][pdx_3dtypes.cpp:217]: Total time "african_lighthouse_01_mesh" in 12 ms
[09:01:30][pdx_3dtypes.cpp:217]: Total time "wonder_eye_of_sahara_01_mesh" in 12 ms
[09:01:30][pdx_3dtypes.cpp:217]: Total time "balkan_factory_arms_01_mesh" in 12 ms
[09:01:30][pdx_3dtypes.cpp:217]: Total time "arabic_farm_farmstead_01_mesh" in 12 ms
[09:01:30][pdx_3dtypes.cpp:217]: Total time "military_medical_fieldhospitals_mesh" in 12 ms
[09:01:30][pdx_3dtypes.cpp:217]: Total time "female_outfit_korean_common_01_mesh" in 12 ms
[09:01:30][pdx_3dtypes.cpp:217]: Total time "african_forestry_loggingcamp_02_mesh" in 12 ms
[09:01:30][pdx_3dtypes.cpp:217]: Total time "male_outfit_children_royal_01_mesh" in 12 ms
[09:01:30][pdx_3dtypes.cpp:217]: Total time "male_legwear_navy_01_mesh" in 12 ms
[09:01:30][pdx_3dtypes.cpp:217]: Total time "male_beard_indian_01_mesh" in 12 ms
[09:01:30][pdx_3dtypes.cpp:217]: Total time "male_headgear_ethiopian_royal_01_mesh" in 12 ms
[09:01:30][pdx_3dtypes.cpp:217]: Total time "generic_logisticscenter_01_mesh" in 12 ms
[09:01:30][pdx_3dtypes.cpp:217]: Total time "male_hair_historical_king_william_01_mesh" in 12 ms
[09:01:30][pdx_3dtypes.cpp:217]: Total time "hull_torpedoboat_heavy_mesh" in 12 ms
[09:01:30][pdx_3dtypes.cpp:217]: Total time "prop_japanese_gunbai_mesh" in 12 ms
[09:01:30][pdx_3dtypes.cpp:217]: Total time "male_headgear_european_military_10_mesh" in 12 ms
[09:01:30][pdx_3dtypes.cpp:217]: Total time "female_outfit_chinese_01_high_mesh" in 12 ms
[09:01:30][pdx_3dtypes.cpp:217]: Total time "male_sash_european_02_mesh" in 11 ms
[09:01:30][pdx_3dtypes.cpp:217]: Total time "hull_superdreadnought_light_mesh" in 11 ms
[09:01:30][pdx_3dtypes.cpp:217]: Total time "balkan_urban_residential_mid_01_mesh" in 11 ms
[09:01:30][pdx_3dtypes.cpp:217]: Total time "male_outfit_arabic_common_01_mesh" in 11 ms
[09:01:30][pdx_3dtypes.cpp:217]: Total time "cliff_canyon_08_mesh" in 11 ms
[09:01:30][pdx_3dtypes.cpp:217]: Total time "female_outfit_slavic_01_mid_mesh" in 11 ms
[09:01:30][pdx_3dtypes.cpp:217]: Total time "tree_fir_004_mesh" in 11 ms
[09:01:30][pdx_3dtypes.cpp:217]: Total time "male_hair_african_04_mesh" in 11 ms
[09:01:30][pdx_3dtypes.cpp:217]: Total time "male_necklace_historical_dracula_mesh" in 11 ms
[09:01:30][pdx_3dtypes.cpp:217]: Total time "male_outfit_parka_01_mesh" in 11 ms
[09:01:30][pdx_3dtypes.cpp:217]: Total time "male_legwear_zulu_impi_01_mesh" in 11 ms
[09:01:30][pdx_3dtypes.cpp:217]: Total time "female_outfit_arabic_common_01_mesh" in 11 ms
[09:01:30][pdx_3dtypes.cpp:217]: Total time "indian_mining_coal_01_mesh" in 11 ms
[09:01:30][pdx_3dtypes.cpp:217]: Total time "female_outfit_circumpolar_01_low_mesh" in 11 ms
[09:01:30][pdx_3dtypes.cpp:217]: Total time "train_electric_01_mesh" in 11 ms
[09:01:30][pdx_3dtypes.cpp:217]: Total time "male_top_layer_south_american_agitator_01_mesh" in 11 ms
[09:01:30][pdx_3dtypes.cpp:217]: Total time "male_coat_balkan_01_mesh" in 11 ms
[09:01:30][pdx_3dtypes.cpp:217]: Total time "latin_farm_ranch_01_mesh" in 11 ms
[09:01:30][pdx_3dtypes.cpp:217]: Total time "male_beard_european_22_mesh" in 11 ms
[09:01:30][pdx_3dtypes.cpp:217]: Total time "male_prop_pipe2_02_mesh" in 11 ms
[09:01:30][pdx_3dtypes.cpp:217]: Total time "male_outfit_african_common_01_mesh" in 11 ms
[09:01:30][pdx_3dtypes.cpp:217]: Total time "male_top_layer_japanese_common_01_mesh" in 11 ms
[09:01:30][pdx_3dtypes.cpp:217]: Total time "male_hair_european_01_mesh" in 11 ms
[09:01:30][pdx_3dtypes.cpp:217]: Total time "male_top_layer_zulu_impi_01_mesh" in 11 ms
[09:01:30][pdx_3dtypes.cpp:217]: Total time "male_beard_art_test_01_mesh" in 11 ms
[09:01:30][pdx_3dtypes.cpp:217]: Total time "male_hair_indian_01_mesh" in 11 ms
[09:01:30][pdx_3dtypes.cpp:217]: Total time "male_coat_european_01_mesh" in 11 ms
[09:01:30][pdx_3dtypes.cpp:217]: Total time "female_outfit_african_common_01_mesh" in 11 ms
[09:01:30][pdx_3dtypes.cpp:217]: Total time "male_civilian_coat_arabic_01_mesh" in 11 ms
[09:01:30][pdx_3dtypes.cpp:217]: Total time "military_transport_road_horsecart_generic_mesh" in 11 ms
[09:01:30][pdx_3dtypes.cpp:217]: Total time "male_top_layer_african_zulu_dingane_01_mesh" in 11 ms
[09:01:30][pdx_3dtypes.cpp:217]: Total time "cliff_canyon_01_mesh" in 11 ms
[09:01:30][pdx_3dtypes.cpp:217]: Total time "male_outfit_slavic_01_low_mesh" in 11 ms
[09:01:30][pdx_3dtypes.cpp:217]: Total time "male_mustache_asian_01_mesh" in 11 ms
[09:01:30][pdx_3dtypes.cpp:217]: Total time "male_headgear_japanese_nirayamagasa_mesh" in 11 ms
[09:01:30][pdx_3dtypes.cpp:217]: Total time "japan_rural_residential_rich_01_mesh" in 11 ms
[09:01:30][pdx_3dtypes.cpp:217]: Total time "latin_farm_farmstead_01_mesh" in 11 ms
[09:01:30][pdx_3dtypes.cpp:217]: Total time "male_legwear_peasants_01_mesh" in 11 ms
[09:01:30][pdx_3dtypes.cpp:217]: Total time "female_eyelashes_mesh" in 11 ms
[09:01:30][pdx_3dtypes.cpp:217]: Total time "female_coat_european_military_01_mesh" in 11 ms
[09:01:30][pdx_3dtypes.cpp:217]: Total time "hull_monitor_medium_mesh" in 11 ms
[09:01:30][pdx_3dtypes.cpp:217]: Total time "female_legwear_vivandiere_01_mesh" in 11 ms
[09:01:30][pdx_3dtypes.cpp:217]: Total time "female_outfit_japanese_01_low_mesh" in 11 ms
[09:01:30][pdx_3dtypes.cpp:217]: Total time "female_outfit_european_royal_01_mesh" in 11 ms
[09:01:30][pdx_3dtypes.cpp:217]: Total time "male_legwear_native_american_01_mesh" in 11 ms
[09:01:30][pdx_3dtypes.cpp:217]: Total time "female_headgear_japanese_common_02_mesh" in 11 ms
[09:01:30][pdx_3dtypes.cpp:217]: Total time "african_urban_city_residential_poor_03_mesh" in 11 ms
[09:01:30][pdx_3dtypes.cpp:217]: Total time "male_legwear_slavic_01_low_mesh" in 11 ms
[09:01:30][pdx_3dtypes.cpp:217]: Total time "male_legwear_south_american_01_low_mesh" in 11 ms
[09:01:30][pdx_3dtypes.cpp:217]: Total time "female_outfit_polynesian_01_high_mesh" in 11 ms
[09:01:30][pdx_3dtypes.cpp:217]: Total time "male_belts_sash_power_bloc_02_mesh" in 11 ms
[09:01:30][pdx_3dtypes.cpp:217]: Total time "strait_fortification_tower_arabic_mesh" in 11 ms
[09:01:30][pdx_3dtypes.cpp:217]: Total time "balkan_city_skyscraper_01_mesh" in 11 ms
[09:01:30][pdx_3dtypes.cpp:217]: Total time "male_mustache_arabic_01_mesh" in 11 ms
[09:01:30][pdx_3dtypes.cpp:217]: Total time "prop_wrench_mesh" in 11 ms
[09:01:30][pdx_3dtypes.cpp:217]: Total time "railroad_bridge_02_medium_mesh" in 11 ms
[09:01:30][pdx_3dtypes.cpp:217]: Total time "female_top_layer_religious_cape_mesh" in 11 ms
[09:01:30][pdx_3dtypes.cpp:217]: Total time "indian_urban_residential_poor_04_mesh" in 11 ms
[09:01:30][pdx_3dtypes.cpp:217]: Total time "tree_baobab_04_mesh" in 11 ms
[09:01:30][pdx_3dtypes.cpp:217]: Total time "male_top_layers_power_bloc_01_mesh" in 11 ms
[09:01:30][pdx_3dtypes.cpp:217]: Total time "male_headgear_japanese_ashigaru_jingasa_mesh" in 11 ms
[09:01:30][pdx_3dtypes.cpp:217]: Total time "male_sash_european_civilian_03_mesh" in 11 ms
[09:01:30][pdx_3dtypes.cpp:217]: Total time "hull_destroyer_light_mesh" in 11 ms
[09:01:30][pdx_3dtypes.cpp:217]: Total time "male_hair_historical_robert_grant_mesh" in 11 ms
[09:01:30][pdx_3dtypes.cpp:217]: Total time "prop_japanese_wagasa_mesh" in 11 ms
[09:01:30][pdx_3dtypes.cpp:217]: Total time "balkan_port_whalingstation_01_mesh" in 11 ms
[09:01:30][pdx_3dtypes.cpp:217]: Total time "male_beard_european_13_mesh" in 11 ms
[09:01:30][pdx_3dtypes.cpp:217]: Total time "male_headgear_jankoji_rao_scindia_ii_mesh" in 11 ms
[09:01:30][pdx_3dtypes.cpp:217]: Total time "male_headgear_native_american_common_01_mesh" in 11 ms
[09:01:30][pdx_3dtypes.cpp:217]: Total time "asian_rural_residential_poor_02_mesh" in 11 ms
[09:01:30][pdx_3dtypes.cpp:217]: Total time "female_outfit_japanese_01_high_mesh" in 11 ms
[09:01:30][pdx_3dtypes.cpp:217]: Total time "indian_city_tradecenter_mesh" in 11 ms
[09:01:30][pdx_3dtypes.cpp:217]: Total time "french_forestry_lumberdepo_01_mesh" in 11 ms
[09:01:30][pdx_3dtypes.cpp:217]: Total time "male_headgear_austrian_military_cap_01_mesh" in 11 ms
[09:01:30][pdx_3dtypes.cpp:217]: Total time "asian_mobile_artillery_mesh" in 11 ms
[09:01:30][pdx_3dtypes.cpp:217]: Total time "male_coat_historical_john_brown_01_mesh" in 11 ms
[09:01:30][pdx_3dtypes.cpp:217]: Total time "male_top_layer_south_american_bandit_lampiao_01_mesh" in 11 ms
[09:01:30][pdx_3dtypes.cpp:217]: Total time "generic_factory_arms_01_mesh" in 11 ms
[09:01:30][pdx_3dtypes.cpp:217]: Total time "female_necklace_indian_02_mesh" in 11 ms
[09:01:30][pdx_3dtypes.cpp:217]: Total time "arabic_factory_03_mesh" in 11 ms
[09:01:30][pdx_3dtypes.cpp:217]: Total time "male_outfit_south_american_01_low_mesh" in 11 ms
[09:01:30][pdx_3dtypes.cpp:217]: Total time "male_headgear_japanese_agitator_01_mesh" in 11 ms
[09:01:30][pdx_3dtypes.cpp:217]: Total time "male_belt_greek_01_mesh" in 11 ms
[09:01:30][pdx_3dtypes.cpp:217]: Total time "male_coat_alexis_de_tocqueville_01_mesh" in 11 ms
[09:01:30][pdx_3dtypes.cpp:217]: Total time "male_headgear_arabic_naser_qajar_01_mesh" in 11 ms
[09:01:30][pdx_3dtypes.cpp:217]: Total time "hull_shipoftheline_medium_mesh" in 11 ms
[09:01:30][pdx_3dtypes.cpp:217]: Total time "male_waistcoat_european_01_mesh" in 11 ms
[09:01:30][pdx_3dtypes.cpp:217]: Total time "male_headgear_shako_hat_01_mesh" in 11 ms
[09:01:30][pdx_3dtypes.cpp:217]: Total time "male_necklace_african_01_mesh" in 11 ms
[09:01:30][pdx_3dtypes.cpp:217]: Total time "japan_forestry_transportation_03_mesh" in 11 ms
[09:01:30][pdx_3dtypes.cpp:217]: Total time "male_beard_european_02_mesh" in 11 ms
[09:01:30][pdx_3dtypes.cpp:217]: Total time "balkan_factory_food_01_mesh" in 11 ms
[09:01:30][pdx_3dtypes.cpp:217]: Total time "powerbloc_statue_hero_gazelle_mesh" in 11 ms
[09:01:30][pdx_3dtypes.cpp:217]: Total time "military_transport_railroad_armoredcart_generic_mesh" in 11 ms
[09:01:30][pdx_3dtypes.cpp:217]: Total time "male_headgear_zulu_impi_02_mesh" in 11 ms
[09:01:30][pdx_3dtypes.cpp:217]: Total time "male_sash_african_agitator_01_mesh" in 11 ms
[09:01:30][pdx_3dtypes.cpp:217]: Total time "female_outfit_indian_high_01_mesh" in 11 ms
[09:01:30][pdx_3dtypes.cpp:217]: Total time "powerbloc_statue_hero_khmer_mesh" in 11 ms
[09:01:30][pdx_3dtypes.cpp:217]: Total time "male_legwear_balkan_hajduk_01_mesh" in 11 ms
[09:01:30][pdx_3dtypes.cpp:217]: Total time "female_outfit_african_common_03_mesh" in 11 ms
[09:01:30][pdx_3dtypes.cpp:217]: Total time "male_hair_art_test_01_mesh" in 11 ms
[09:01:30][pdx_3dtypes.cpp:217]: Total time "female_headgear_african_common_01_mesh" in 11 ms
[09:01:30][pdx_3dtypes.cpp:217]: Total time "powerbloc_statue_hero_elephant_mesh" in 11 ms
[09:01:30][pdx_3dtypes.cpp:217]: Total time "male_headgear_late_military_cap_japanese_soldier_straps_mesh" in 11 ms
[09:01:30][pdx_3dtypes.cpp:217]: Total time "wonder_manilacathedral_03_mesh" in 11 ms
[09:01:30][pdx_3dtypes.cpp:217]: Total time "prop_large_sack_mesh" in 11 ms
[09:01:30][pdx_3dtypes.cpp:217]: Total time "balkan_factory_munition_01_mesh" in 11 ms
[09:01:30][pdx_3dtypes.cpp:217]: Total time "male_beard_african_01_mesh" in 11 ms
[09:01:30][pdx_3dtypes.cpp:217]: Total time "male_headgear_south_american_gaucho_hat_01_mesh" in 11 ms
[09:01:30][pdx_3dtypes.cpp:217]: Total time "male_beard_african_03_mesh" in 11 ms
[09:01:30][pdx_3dtypes.cpp:217]: Total time "male_outfit_siamese_common_01_mesh" in 11 ms
[09:01:30][pdx_3dtypes.cpp:217]: Total time "asian_rural_residential_rich_02_mesh" in 11 ms
[09:01:30][pdx_3dtypes.cpp:217]: Total time "male_outfit_european_agitator_01_mesh" in 11 ms
[09:01:30][pdx_3dtypes.cpp:217]: Total time "female_outfit_children_royal_01_mesh" in 11 ms
[09:01:30][pdx_3dtypes.cpp:217]: Total time "male_beard_asian_01_mesh" in 11 ms
[09:01:30][pdx_3dtypes.cpp:217]: Total time "female_necklace_power_bloc_ideological_01_mesh" in 11 ms
[09:01:30][pdx_3dtypes.cpp:217]: Total time "male_mustache_african_01_mesh" in 11 ms
[09:01:30][pdx_3dtypes.cpp:217]: Total time "male_outfit_peasant_common_01_mesh" in 11 ms
[09:01:30][pdx_3dtypes.cpp:217]: Total time "male_headgear_greek_01_mesh" in 11 ms
[09:01:30][pdx_3dtypes.cpp:217]: Total time "balkan_port_navalbase_01_mesh" in 11 ms
[09:01:30][pdx_3dtypes.cpp:217]: Total time "military_support_chemical_warfare_mesh" in 11 ms
[09:01:30][pdx_3dtypes.cpp:217]: Total time "male_beard_asian_03_mesh" in 11 ms
[09:01:30][pdx_3dtypes.cpp:217]: Total time "female_headgear_vivandiere_01_mesh" in 11 ms
[09:01:30][pdx_3dtypes.cpp:217]: Total time "latin_rural_residential_rich_02_mesh" in 11 ms
[09:01:30][pdx_3dtypes.cpp:217]: Total time "female_legwear_european_military_01_mesh" in 11 ms
[09:01:30][pdx_3dtypes.cpp:217]: Total time "indian_urban_residential_rich_03_mesh" in 11 ms
[09:01:30][pdx_3dtypes.cpp:217]: Total time "female_headgear_japanese_common_03_mesh" in 11 ms
[09:01:30][pdx_3dtypes.cpp:217]: Total time "female_outfit_circumpolar_01_high_mesh" in 10 ms
[09:01:30][pdx_3dtypes.cpp:217]: Total time "male_headgear_boater_hat_01_mesh" in 10 ms
[09:01:30][pdx_3dtypes.cpp:217]: Total time "hull_monitor_light_mesh" in 10 ms
[09:01:30][pdx_3dtypes.cpp:217]: Total time "male_medals_prussian_01_03_mesh" in 10 ms
[09:01:30][pdx_3dtypes.cpp:217]: Total time "male_beard_european_09_mesh" in 10 ms
[09:01:30][pdx_3dtypes.cpp:217]: Total time "train_diesel_01_mesh" in 10 ms
[09:01:30][pdx_3dtypes.cpp:217]: Total time "latin_rural_residential_rich_01_mesh" in 10 ms
[09:01:30][pdx_3dtypes.cpp:217]: Total time "male_beard_european_06_mesh" in 10 ms
[09:01:30][pdx_3dtypes.cpp:217]: Total time "balkan_forestry_transportation_01_mesh" in 10 ms
[09:01:30][pdx_3dtypes.cpp:217]: Total time "female_outfit_african_common_02_mesh" in 10 ms
[09:01:30][pdx_3dtypes.cpp:217]: Total time "female_outfit_korean_high_01_mesh" in 10 ms
[09:01:30][pdx_3dtypes.cpp:217]: Total time "male_outfit_central_asian_01_high_mesh" in 10 ms
[09:01:30][pdx_3dtypes.cpp:217]: Total time "male_hair_frankenstein_01_mesh" in 10 ms
[09:01:30][pdx_3dtypes.cpp:217]: Total time "asian_rural_residential_rich_03_mesh" in 10 ms
[09:01:30][pdx_3dtypes.cpp:217]: Total time "asian_furniture_manufactory_01_mesh" in 10 ms
[09:01:30][pdx_3dtypes.cpp:217]: Total time "male_hair_african_01_cap1_mesh" in 10 ms
[09:01:30][pdx_3dtypes.cpp:217]: Total time "latin_rural_residential_poor_01_mesh" in 10 ms
[09:01:30][pdx_3dtypes.cpp:217]: Total time "male_headgear_russian_military_01_mesh" in 10 ms
[09:01:30][pdx_3dtypes.cpp:217]: Total time "female_hair_african_02_mesh" in 10 ms
[09:01:30][pdx_3dtypes.cpp:217]: Total time "hull_coastaldefense_medium_mesh" in 10 ms
[09:01:30][pdx_3dtypes.cpp:217]: Total time "indian_port_navalbase_mesh" in 10 ms
[09:01:30][pdx_3dtypes.cpp:217]: Total time "male_headgear_european_military_01_grey_mesh" in 10 ms
[09:01:30][pdx_3dtypes.cpp:217]: Total time "male_belt_gb_admiral_mesh" in 10 ms
[09:01:30][pdx_3dtypes.cpp:217]: Total time "train_locomotive_planet_01_mesh" in 10 ms
[09:01:30][pdx_3dtypes.cpp:217]: Total time "male_necklace_indian_01_mesh" in 10 ms
[09:01:30][pdx_3dtypes.cpp:217]: Total time "strait_fortification_tower_asian_mesh" in 10 ms
[09:01:30][pdx_3dtypes.cpp:217]: Total time "male_coat_russian_military_01_mesh" in 10 ms
[09:01:30][pdx_3dtypes.cpp:217]: Total time "male_coat_european_10_mesh" in 10 ms
[09:01:30][pdx_3dtypes.cpp:217]: Total time "male_belts_cuirass_01_mesh" in 10 ms
[09:01:30][pdx_3dtypes.cpp:217]: Total time "male_hair_chinese_01_mesh" in 10 ms
[09:01:30][pdx_3dtypes.cpp:217]: Total time "male_beard_historical_marx_mesh" in 10 ms
[09:01:30][pdx_3dtypes.cpp:217]: Total time "male_belt_generic_02_mesh" in 10 ms
[09:01:30][pdx_3dtypes.cpp:217]: Total time "male_outfit_arabic_common_03_mesh" in 10 ms
[09:01:30][pdx_3dtypes.cpp:217]: Total time "female_sash_chinese_agitator_01_mesh" in 10 ms
[09:01:30][pdx_3dtypes.cpp:217]: Total time "indian_forestry_centerpiece_01_mesh" in 10 ms
[09:01:30][pdx_3dtypes.cpp:217]: Total time "male_outfit_japanese_common_01_mesh" in 10 ms
[09:01:30][pdx_3dtypes.cpp:217]: Total time "male_headgear_european_military_06_mesh" in 10 ms
[09:01:30][pdx_3dtypes.cpp:217]: Total time "male_coat_european_cossack_01_mesh" in 10 ms
[09:01:30][pdx_3dtypes.cpp:217]: Total time "male_headgear_japanese_common_01_mesh" in 10 ms
[09:01:30][pdx_3dtypes.cpp:217]: Total time "wonder_manilacathedral_02_mesh" in 10 ms
[09:01:30][pdx_3dtypes.cpp:217]: Total time "male_waistcoat_south_american_01_high_mesh" in 10 ms
[09:01:30][pdx_3dtypes.cpp:217]: Total time "japan_mining_sulfur_01_mesh" in 10 ms
[09:01:30][pdx_3dtypes.cpp:217]: Total time "female_coat_lakshmibai_01_mesh" in 10 ms
[09:01:30][pdx_3dtypes.cpp:217]: Total time "figurehead_shield_mesh" in 10 ms
[09:01:30][pdx_3dtypes.cpp:217]: Total time "male_mustache_european_08_mesh" in 10 ms
[09:01:30][pdx_3dtypes.cpp:217]: Total time "props_glasses_02_mesh" in 10 ms
[09:01:30][pdx_3dtypes.cpp:217]: Total time "military_arms_lance_mesh" in 10 ms
[09:01:30][pdx_3dtypes.cpp:217]: Total time "male_beard_asian_02_mesh" in 10 ms
[09:01:30][pdx_3dtypes.cpp:217]: Total time "arabic_rural_residential_rich_01_mesh" in 10 ms
[09:01:30][pdx_3dtypes.cpp:217]: Total time "female_outfit_parka_01_mesh" in 10 ms
[09:01:30][pdx_3dtypes.cpp:217]: Total time "powerbloc_statue_hero_pointingman_mesh" in 10 ms
[09:01:30][pdx_3dtypes.cpp:217]: Total time "prop_umbrella_mesh" in 10 ms
[09:01:30][pdx_3dtypes.cpp:217]: Total time "female_necklace_power_bloc_sovereign_01_mesh" in 10 ms
[09:01:30][pdx_3dtypes.cpp:217]: Total time "male_beard_indian_04_mesh" in 10 ms
[09:01:30][pdx_3dtypes.cpp:217]: Total time "male_top_layer_japanese_raincoat_01_mesh" in 10 ms
[09:01:30][pdx_3dtypes.cpp:217]: Total time "sail_transport_ship_01_mesh" in 10 ms
[09:01:30][pdx_3dtypes.cpp:217]: Total time "hull_coastaldefense_light_mesh" in 10 ms
[09:01:30][pdx_3dtypes.cpp:217]: Total time "arabic_factory_colonial_02_mesh" in 10 ms
[09:01:30][pdx_3dtypes.cpp:217]: Total time "male_mustache_african_03_mesh" in 10 ms
[09:01:30][pdx_3dtypes.cpp:217]: Total time "male_mustache_bahadur_shah_zafar_mesh" in 10 ms
[09:01:30][pdx_3dtypes.cpp:217]: Total time "powerbloc_statue_hero_angel_mesh" in 10 ms
[09:01:30][pdx_3dtypes.cpp:217]: Total time "indian_rural_residential_mid_01_mesh" in 10 ms
[09:01:30][pdx_3dtypes.cpp:217]: Total time "female_outfit_central_asian_01_high_mesh" in 10 ms
[09:01:30][pdx_3dtypes.cpp:217]: Total time "female_hair_european_short_haircut_01_mesh" in 10 ms
[09:01:30][pdx_3dtypes.cpp:217]: Total time "balkan_port_navalbase_02_mesh" in 10 ms
[09:01:30][pdx_3dtypes.cpp:217]: Total time "male_top_layer_cuirass_01_mesh" in 10 ms
[09:01:30][pdx_3dtypes.cpp:217]: Total time "prop_crudehoe_mesh" in 10 ms
[09:01:30][pdx_3dtypes.cpp:217]: Total time "train_cargo_iron_03_mesh" in 10 ms
[09:01:30][pdx_3dtypes.cpp:217]: Total time "military_barricade_skirmish_01_mesh" in 10 ms
[09:01:30][pdx_3dtypes.cpp:217]: Total time "academic_cap_mesh" in 10 ms
[09:01:30][pdx_3dtypes.cpp:217]: Total time "japan_mining_centerpiece_01_mesh" in 10 ms
[09:01:30][pdx_3dtypes.cpp:217]: Total time "male_headgear_indian_dwarkanath_tagore_mesh" in 10 ms
[09:01:30][pdx_3dtypes.cpp:217]: Total time "balkan_urban_residential_poor_04_mesh" in 10 ms
[09:01:30][pdx_3dtypes.cpp:217]: Total time "hull_frigate_heavy_mesh" in 10 ms
[09:01:30][pdx_3dtypes.cpp:217]: Total time "male_top_layer_native_american_01_mesh" in 10 ms
[09:01:30][pdx_3dtypes.cpp:217]: Total time "female_headgear_agitator_pankhurst_mesh" in 10 ms
[09:01:30][pdx_3dtypes.cpp:217]: Total time "powerbloc_statue_hero_obeliskegypt_mesh" in 10 ms
[09:01:30][pdx_3dtypes.cpp:217]: Total time "indian_farm_rice_01_mesh" in 10 ms
[09:01:30][pdx_3dtypes.cpp:217]: Total time "male_coat_european_11_mesh" in 10 ms
[09:01:30][pdx_3dtypes.cpp:217]: Total time "male_mustache_european_04_mesh" in 10 ms
[09:01:30][pdx_3dtypes.cpp:217]: Total time "african_rural_residential_poor_01_mesh" in 10 ms
[09:01:30][pdx_3dtypes.cpp:217]: Total time "male_top_layer_ethiopian_royal_01_mesh" in 10 ms
[09:01:30][pdx_3dtypes.cpp:217]: Total time "latin_rural_residential_poor_03_mesh" in 10 ms
[09:01:30][pdx_3dtypes.cpp:217]: Total time "props_glasses_02_dracula_mesh" in 10 ms
[09:01:30][pdx_3dtypes.cpp:217]: Total time "male_hair_european_05_mesh" in 10 ms
[09:01:30][pdx_3dtypes.cpp:217]: Total time "male_shirt_working_class_01_mesh" in 10 ms
[09:01:30][pdx_3dtypes.cpp:217]: Total time "female_necklace_power_bloc_military_01_mesh" in 10 ms
[09:01:30][pdx_3dtypes.cpp:217]: Total time "male_headgear_european_cossack_01_mesh" in 10 ms
[09:01:30][pdx_3dtypes.cpp:217]: Total time "male_epaulettes_08_mesh" in 10 ms
[09:01:30][pdx_3dtypes.cpp:217]: Total time "male_coat_european_gb_01_mesh" in 10 ms
[09:01:30][pdx_3dtypes.cpp:217]: Total time "japan_factory_munition_01_mesh" in 10 ms
[09:01:30][pdx_3dtypes.cpp:217]: Total time "female_outfit_south_american_01_low_mesh" in 10 ms
[09:01:30][pdx_3dtypes.cpp:217]: Total time "female_outfit_indian_diwali_01_mesh" in 10 ms
[09:01:30][pdx_3dtypes.cpp:217]: Total time "hull_torpedoboatdestroyer_heavy_mesh" in 10 ms
[09:01:30][pdx_3dtypes.cpp:217]: Total time "african_urban_city_residential_mid_01_mesh" in 10 ms
[09:01:30][pdx_3dtypes.cpp:217]: Total time "male_headgear_indian_common_puneri_pagadi_mesh" in 10 ms
[09:01:30][pdx_3dtypes.cpp:217]: Total time "wonder_easter_island_heads_01_mesh" in 10 ms
[09:01:30][pdx_3dtypes.cpp:217]: Total time "female_outfit_arabic_middle_tier_01_mesh" in 10 ms
[09:01:30][pdx_3dtypes.cpp:217]: Total time "asian_urban_residential_poor_01_mesh" in 10 ms
[09:01:30][pdx_3dtypes.cpp:217]: Total time "male_top_layers_gandhi_stole_01_mesh" in 10 ms
[09:01:30][pdx_3dtypes.cpp:217]: Total time "female_belt_lakshmibai_01_mesh" in 10 ms
[09:01:30][pdx_3dtypes.cpp:217]: Total time "female_headgear_arabic_middle_tier_01_mesh" in 10 ms
[09:01:30][pdx_3dtypes.cpp:217]: Total time "male_teeth_mesh" in 10 ms
[09:01:30][pdx_3dtypes.cpp:217]: Total time "male_mustache_indian_01_mesh" in 10 ms
[09:01:30][pdx_3dtypes.cpp:217]: Total time "male_headgear_european_military_09_mesh" in 10 ms
[09:01:30][pdx_3dtypes.cpp:217]: Total time "male_outfit_european_carnaval_pierrot_01_mesh" in 10 ms
[09:01:30][pdx_3dtypes.cpp:217]: Total time "male_outfit_slavic_01_high_mesh" in 10 ms
[09:01:30][pdx_3dtypes.cpp:217]: Total time "male_outfit_indian_common_01_mesh" in 10 ms
[09:01:30][pdx_3dtypes.cpp:217]: Total time "male_coat_ceo_01_mesh" in 10 ms
[09:01:30][pdx_3dtypes.cpp:217]: Total time "wonder_manilacathedral_01_mesh" in 10 ms
[09:01:30][pdx_3dtypes.cpp:217]: Total time "male_headgear_european_military_05_mesh" in 10 ms
[09:01:30][pdx_3dtypes.cpp:217]: Total time "female_legwear_lakshmibai_01_mesh" in 10 ms
[09:01:30][pdx_3dtypes.cpp:217]: Total time "generic_forestry_transportation_03_mesh" in 10 ms
[09:01:30][pdx_3dtypes.cpp:217]: Total time "male_epaulettes_04_mesh" in 10 ms
[09:01:30][pdx_3dtypes.cpp:217]: Total time "male_mustache_european_01_mesh" in 10 ms
[09:01:30][pdx_3dtypes.cpp:217]: Total time "male_coat_indian_maharaja_singh_01_mesh" in 10 ms
[09:01:30][pdx_3dtypes.cpp:217]: Total time "papermap_hongshanstatue_mesh" in 10 ms
[09:01:30][pdx_3dtypes.cpp:217]: Total time "indian_mining_gold_01_mesh" in 10 ms
[09:01:30][pdx_3dtypes.cpp:217]: Total time "male_belts_cossack_01_mesh" in 10 ms
[09:01:30][pdx_3dtypes.cpp:217]: Total time "female_prop_apron_mesh" in 10 ms
[09:01:30][pdx_3dtypes.cpp:217]: Total time "male_outfit_african_common_02_mesh" in 10 ms
[09:01:30][pdx_3dtypes.cpp:217]: Total time "female_outfit_indian_common_01_mesh" in 10 ms
[09:01:30][pdx_3dtypes.cpp:217]: Total time "female_outfit_japanese_01_mid_mesh" in 10 ms
[09:01:30][pdx_3dtypes.cpp:217]: Total time "male_hair_historical_tsar_alexander_iii_mesh" in 10 ms
[09:01:30][pdx_3dtypes.cpp:217]: Total time "prop_japanese_shibuuchiwa_mesh" in 10 ms
[09:01:30][pdx_3dtypes.cpp:217]: Total time "male_headgear_arabic_common_02_mesh" in 10 ms
[09:01:30][pdx_3dtypes.cpp:217]: Total time "male_prop_gloves_01_mesh" in 10 ms
[09:01:30][pdx_3dtypes.cpp:217]: Total time "balkan_port_docks_02_mesh" in 10 ms
[09:01:30][pdx_3dtypes.cpp:217]: Total time "hull_monitor_heavy_mesh" in 10 ms
[09:01:30][pdx_3dtypes.cpp:217]: Total time "european_lighthouse_01_mesh" in 10 ms
[09:01:30][pdx_3dtypes.cpp:217]: Total time "male_headgear_chinese_common_01_mesh" in 10 ms
[09:01:30][pdx_3dtypes.cpp:217]: Total time "male_headgear_chinese_imperial_01_mesh" in 10 ms
[09:01:30][pdx_3dtypes.cpp:217]: Total time "hull_coastaldefense_heavy_mesh" in 10 ms
[09:01:30][pdx_3dtypes.cpp:217]: Total time "male_hair_european_13_mesh" in 10 ms
[09:01:30][pdx_3dtypes.cpp:217]: Total time "indian_farm_ranch_01_mesh" in 10 ms
[09:01:30][pdx_3dtypes.cpp:217]: Total time "male_necklace_indian_maharaja_singh_01_mesh" in 10 ms
[09:01:30][pdx_3dtypes.cpp:217]: Total time "male_coat_late_winter_greatcoat_mesh" in 10 ms
[09:01:30][pdx_3dtypes.cpp:217]: Total time "male_mustache_art_test_01_mesh" in 10 ms
[09:01:30][pdx_3dtypes.cpp:217]: Total time "male_outfit_central_asian_01_low_mesh" in 10 ms
[09:01:30][pdx_3dtypes.cpp:217]: Total time "hull_earlyironclad_heavy_mesh" in 10 ms
[09:01:30][pdx_3dtypes.cpp:217]: Total time "female_outfit_polynesian_01_low_mesh" in 9 ms
[09:01:30][pdx_3dtypes.cpp:217]: Total time "female_outfit_south_american_01_high_mesh" in 9 ms
[09:01:30][pdx_3dtypes.cpp:217]: Total time "male_mustache_indian_02_mesh" in 9 ms
[09:01:30][pdx_3dtypes.cpp:217]: Total time "balkan_rural_residential_rich_03_mesh" in 9 ms
[09:01:30][pdx_3dtypes.cpp:217]: Total time "female_outfit_slavic_01_high_mesh" in 9 ms
[09:01:30][pdx_3dtypes.cpp:217]: Total time "male_coat_indian_01_mesh" in 9 ms
[09:01:30][pdx_3dtypes.cpp:217]: Total time "powerbloc_supportelement_picklehelmet_01_mesh" in 9 ms
[09:01:30][pdx_3dtypes.cpp:217]: Total time "male_headgear_central_asian_01_low_mesh" in 9 ms
[09:01:30][pdx_3dtypes.cpp:217]: Total time "female_outfit_slavic_midsummer_01_mesh" in 9 ms
[09:01:30][pdx_3dtypes.cpp:217]: Total time "male_headgear_arabic_agitator_01_mesh" in 9 ms
[09:01:30][pdx_3dtypes.cpp:217]: Total time "male_beard_african_04_mesh" in 9 ms
[09:01:30][pdx_3dtypes.cpp:217]: Total time "male_headgear_central_asian_01_high_mesh" in 9 ms
[09:01:30][pdx_3dtypes.cpp:217]: Total time "african_mining_processing_01_mesh" in 9 ms
[09:01:30][pdx_3dtypes.cpp:217]: Total time "male_headgear_european_military_02_mesh" in 9 ms
[09:01:30][pdx_3dtypes.cpp:217]: Total time "male_mustache_indian_pratap_singh_mesh" in 9 ms
[09:01:30][pdx_3dtypes.cpp:217]: Total time "male_headgear_slavic_agitator_lenin_mesh" in 9 ms
[09:01:30][pdx_3dtypes.cpp:217]: Total time "male_beard_mihailo_obrenovic_mesh" in 9 ms
[09:01:30][pdx_3dtypes.cpp:217]: Total time "male_headgear_zulu_impi_01_mesh" in 9 ms
[09:01:30][pdx_3dtypes.cpp:217]: Total time "powerbloc_statue_attachment_romanhelmet_mesh" in 9 ms
[09:01:30][pdx_3dtypes.cpp:217]: Total time "male_headgear_arabic_common_01_mesh" in 9 ms
[09:01:30][pdx_3dtypes.cpp:217]: Total time "female_hair_european_02_mesh" in 9 ms
[09:01:30][pdx_3dtypes.cpp:217]: Total time "female_headgear_european_agitator_01_mesh" in 9 ms
[09:01:30][pdx_3dtypes.cpp:217]: Total time "male_outfit_christian_priest_01_mesh" in 9 ms
[09:01:30][pdx_3dtypes.cpp:217]: Total time "powerbloc_statue_hero_prancinghorse_01_mesh" in 9 ms
[09:01:30][pdx_3dtypes.cpp:217]: Total time "male_outfit_african_common_03_mesh" in 9 ms
[09:01:30][pdx_3dtypes.cpp:217]: Total time "male_coat_european_06_mesh" in 9 ms
[09:01:30][pdx_3dtypes.cpp:217]: Total time "male_outfit_chinese_01_low_mesh" in 9 ms
[09:01:30][pdx_3dtypes.cpp:217]: Total time "male_belt_arabic_royal_01_mesh" in 9 ms
[09:01:30][pdx_3dtypes.cpp:217]: Total time "color_reference_mesh" in 9 ms
[09:01:30][pdx_3dtypes.cpp:217]: Total time "female_headgear_power_blocks_01_mesh" in 9 ms
[09:01:30][pdx_3dtypes.cpp:217]: Total time "generic_mining_iron_01_mesh" in 9 ms
[09:01:30][pdx_3dtypes.cpp:217]: Total time "female_top_layer_indian_high_01_mesh" in 9 ms
[09:01:30][pdx_3dtypes.cpp:217]: Total time "male_epaulettes_cossack_01_mesh" in 9 ms
[09:01:30][pdx_3dtypes.cpp:217]: Total time "latin_forestry_loggingcamp_01_mesh" in 9 ms
[09:01:30][pdx_3dtypes.cpp:217]: Total time "strait_fortification_tower_african_mesh" in 9 ms
[09:01:30][pdx_3dtypes.cpp:217]: Total time "female_headgear_arabic_common_03_mesh" in 9 ms
[09:01:30][pdx_3dtypes.cpp:217]: Total time "male_beard_arabic_02_mesh" in 9 ms
[09:01:30][pdx_3dtypes.cpp:217]: Total time "female_top_layers_lakshmibai_01_mesh" in 9 ms
[09:01:30][pdx_3dtypes.cpp:217]: Total time "european_rural_building_mid_02_mesh" in 9 ms
[09:01:30][pdx_3dtypes.cpp:217]: Total time "male_mustache_european_05_mesh" in 9 ms
[09:01:30][pdx_3dtypes.cpp:217]: Total time "powerbloc_statue_hero_guardian_mesh" in 9 ms
[09:01:30][pdx_3dtypes.cpp:217]: Total time "prop_caliper_mesh" in 9 ms
[09:01:30][pdx_3dtypes.cpp:217]: Total time "male_headgear_historical_muhammad_ali_jinnah_mesh" in 9 ms
[09:01:30][pdx_3dtypes.cpp:217]: Total time "japan_factory_powerplant_01_mesh" in 9 ms
[09:01:30][pdx_3dtypes.cpp:217]: Total time "male_belt_gaucho_01_mesh" in 9 ms
[09:01:30][pdx_3dtypes.cpp:217]: Total time "male_headgear_european_military_03_mesh" in 9 ms
[09:01:30][pdx_3dtypes.cpp:217]: Total time "prop_ledger_mesh" in 9 ms
[09:01:30][pdx_3dtypes.cpp:217]: Total time "male_sashes_indian_maharaja_singh_01_mesh" in 9 ms
[09:01:30][pdx_3dtypes.cpp:217]: Total time "generic_mining_coal_01_mesh" in 9 ms
[09:01:30][pdx_3dtypes.cpp:217]: Total time "papermap_netturpetti_mesh" in 9 ms
[09:01:30][pdx_3dtypes.cpp:217]: Total time "female_top_layer_japanese_raincoat_01_mesh" in 9 ms
[09:01:30][pdx_3dtypes.cpp:217]: Total time "papermap_bugbearflask_mesh" in 9 ms
[09:01:30][pdx_3dtypes.cpp:217]: Total time "train_locomotive_saxonia_01_mesh" in 9 ms
[09:01:30][pdx_3dtypes.cpp:217]: Total time "female_outfit_slavic_kokoshnik_01_mesh" in 9 ms
[09:01:30][pdx_3dtypes.cpp:217]: Total time "indian_mining_iron_01_mesh" in 9 ms
[09:01:30][pdx_3dtypes.cpp:217]: Total time "indian_urban_residential_poor_02_mesh" in 9 ms
[09:01:30][pdx_3dtypes.cpp:217]: Total time "military_diorama_flag_mesh" in 9 ms
[09:01:30][pdx_3dtypes.cpp:217]: Total time "generic_regionalcompanyhq_01_mesh" in 9 ms
[09:01:30][pdx_3dtypes.cpp:217]: Total time "male_necklace_indian_headgear_01_mesh" in 9 ms
[09:01:30][pdx_3dtypes.cpp:217]: Total time "submarine_base_mesh" in 9 ms
[09:01:30][pdx_3dtypes.cpp:217]: Total time "female_hair_european_01_mesh" in 9 ms
[09:01:30][pdx_3dtypes.cpp:217]: Total time "female_outfit_european_common_01_mesh" in 9 ms
[09:01:30][pdx_3dtypes.cpp:217]: Total time "male_necklace_tatya_tope_mesh" in 9 ms
[09:01:30][pdx_3dtypes.cpp:217]: Total time "arabic_factory_furniture_01_mesh" in 9 ms
[09:01:30][pdx_3dtypes.cpp:217]: Total time "windmill_01_mesh" in 9 ms
[09:01:30][pdx_3dtypes.cpp:217]: Total time "male_prop_dark_hat_mesh" in 9 ms
[09:01:30][pdx_3dtypes.cpp:217]: Total time "strait_fortification_tower_latin_mesh" in 9 ms
[09:01:30][pdx_3dtypes.cpp:217]: Total time "japan_forestry_centerpiece_01_mesh" in 9 ms
[09:01:30][pdx_3dtypes.cpp:217]: Total time "balkan_forestry_transportation_02_mesh" in 9 ms
[09:01:30][pdx_3dtypes.cpp:217]: Total time "male_legwear_peasants_02_mesh" in 9 ms
[09:01:30][pdx_3dtypes.cpp:217]: Total time "md_jap_coat_japanese_navy_mesh" in 9 ms
[09:01:30][pdx_3dtypes.cpp:217]: Total time "male_mustache_asian_03_mesh" in 9 ms
[09:01:30][pdx_3dtypes.cpp:217]: Total time "male_hair_historical_john_maynard_keynes_mesh" in 9 ms
[09:01:30][pdx_3dtypes.cpp:217]: Total time "female_belt_shashes_04_mesh" in 9 ms
[09:01:30][pdx_3dtypes.cpp:217]: Total time "female_top_layer_native_american_01_mesh" in 9 ms
[09:01:30][pdx_3dtypes.cpp:217]: Total time "female_headgear_european_agitator_02_mesh" in 9 ms
[09:01:30][pdx_3dtypes.cpp:217]: Total time "male_legwear_south_american_bandit_lampiao_01_mesh" in 9 ms
[09:01:30][pdx_3dtypes.cpp:217]: Total time "indian_rural_residential_poor_03_mesh" in 9 ms
[09:01:30][pdx_3dtypes.cpp:217]: Total time "hull_modernironclad_heavy_mesh" in 9 ms
[09:01:30][pdx_3dtypes.cpp:217]: Total time "generic_factory_furniture_01_mesh" in 9 ms
[09:01:30][pdx_3dtypes.cpp:217]: Total time "papermap_grapes_mesh" in 9 ms
[09:01:30][pdx_3dtypes.cpp:217]: Total time "female_headgear_slavic_midsummer_01_mesh" in 9 ms
[09:01:30][pdx_3dtypes.cpp:217]: Total time "arabic_rural_residential_poor_03_mesh" in 9 ms
[09:01:30][pdx_3dtypes.cpp:217]: Total time "male_outfit_korean_imperial_01_mesh" in 9 ms
[09:01:30][pdx_3dtypes.cpp:217]: Total time "prop_saber_mesh" in 9 ms
[09:01:30][pdx_3dtypes.cpp:217]: Total time "male_headgear_african_common_01_mesh" in 9 ms
[09:01:30][pdx_3dtypes.cpp:217]: Total time "male_outfit_native_american_01_mid_mesh" in 9 ms
[09:01:30][pdx_3dtypes.cpp:217]: Total time "generic_companyhq_01_mesh" in 9 ms
[09:01:30][pdx_3dtypes.cpp:217]: Total time "male_outfit_chinese_court_01_mesh" in 9 ms
[09:01:30][pdx_3dtypes.cpp:217]: Total time "male_beard_henry_fane_mesh" in 9 ms
[09:01:30][pdx_3dtypes.cpp:217]: Total time "female_outfit_indian_low_01_mesh" in 9 ms
[09:01:30][pdx_3dtypes.cpp:217]: Total time "male_belt_japanese_01_mesh" in 9 ms
[09:01:30][pdx_3dtypes.cpp:217]: Total time "balkan_logisticscenter_01_mesh" in 9 ms
[09:01:30][pdx_3dtypes.cpp:217]: Total time "female_headgear_arabic_common_01_mesh" in 9 ms
[09:01:30][pdx_3dtypes.cpp:217]: Total time "male_top_layer_japanese_kataginu_01_mesh" in 9 ms
[09:01:30][pdx_3dtypes.cpp:217]: Total time "asian_forestry_camp_01_mesh" in 9 ms
[09:01:30][pdx_3dtypes.cpp:217]: Total time "papermap_extension_top_ap1_mesh" in 9 ms
[09:01:30][pdx_3dtypes.cpp:217]: Total time "male_headgear_european_military_cap_01_mesh" in 9 ms
[09:01:30][pdx_3dtypes.cpp:217]: Total time "female_necklace_power_bloc_religious_01_mesh" in 9 ms
[09:01:30][pdx_3dtypes.cpp:217]: Total time "indian_factory_papermill_01_mesh" in 9 ms
[09:01:30][pdx_3dtypes.cpp:217]: Total time "zeppelin_02_mesh" in 9 ms
[09:01:30][pdx_3dtypes.cpp:217]: Total time "prop_shovel_mesh" in 9 ms
[09:01:30][pdx_3dtypes.cpp:217]: Total time "latin_urban_city_residential_poor_03_mesh" in 9 ms
[09:01:30][pdx_3dtypes.cpp:217]: Total time "male_headgear_european_religious_catholic_01_mesh" in 9 ms
[09:01:30][pdx_3dtypes.cpp:217]: Total time "zeppelin_01_mesh" in 9 ms
[09:01:30][pdx_3dtypes.cpp:217]: Total time "male_belts_sash_power_bloc_01_mesh" in 9 ms
[09:01:30][pdx_3dtypes.cpp:217]: Total time "male_necklace_polynesian_01_low_mesh" in 9 ms
[09:01:30][pdx_3dtypes.cpp:217]: Total time "male_beard_european_16_mesh" in 9 ms
[09:01:30][pdx_3dtypes.cpp:217]: Total time "military_arms_machinegun_maxim_mesh" in 9 ms
[09:01:30][pdx_3dtypes.cpp:217]: Total time "prop_handheldfan_mesh" in 9 ms
[09:01:30][pdx_3dtypes.cpp:217]: Total time "balkan_factory_glass_01_mesh" in 9 ms
[09:01:30][pdx_3dtypes.cpp:217]: Total time "generic_forestry_trees_02_mesh" in 9 ms
[09:01:30][pdx_3dtypes.cpp:217]: Total time "male_outfit_korean_01_low_mesh" in 9 ms
[09:01:30][pdx_3dtypes.cpp:217]: Total time "japan_factory_glass_01_mesh" in 9 ms
[09:01:30][pdx_3dtypes.cpp:217]: Total time "french_rural_residential_rich_03_mesh" in 9 ms
[09:01:30][pdx_3dtypes.cpp:217]: Total time "indian_factory_arms_01_mesh" in 9 ms
[09:01:30][pdx_3dtypes.cpp:217]: Total time "japan_factory_arms_01_mesh" in 9 ms
[09:01:30][pdx_3dtypes.cpp:217]: Total time "japan_factory_construction_01_mesh" in 9 ms
[09:01:30][pdx_3dtypes.cpp:217]: Total time "female_headgear_south_american_gaucho_01_mesh" in 9 ms
[09:01:30][pdx_3dtypes.cpp:217]: Total time "female_headgear_indian_high_01_mesh" in 9 ms
[09:01:30][pdx_3dtypes.cpp:217]: Total time "grid_mesh" in 9 ms
[09:01:30][pdx_3dtypes.cpp:217]: Total time "male_epaulettes_02_mesh" in 9 ms
[09:01:30][pdx_3dtypes.cpp:217]: Total time "african_rural_residential_mid_02_mesh" in 9 ms
[09:01:30][pdx_3dtypes.cpp:217]: Total time "male_hair_emperor_tewodros_02_mesh" in 9 ms
[09:01:30][pdx_3dtypes.cpp:217]: Total time "male_headgear_japanese_common_04_mesh" in 9 ms
[09:01:30][pdx_3dtypes.cpp:217]: Total time "male_necklace_power_bloc_military_01_mesh" in 9 ms
[09:01:30][pdx_3dtypes.cpp:217]: Total time "papermap_cubancigar_mesh" in 9 ms
[09:01:30][pdx_3dtypes.cpp:217]: Total time "female_outfit_peasant_common_01_mesh" in 9 ms
[09:01:30][pdx_3dtypes.cpp:217]: Total time "male_epaulettes_03_mesh" in 8 ms
[09:01:30][pdx_3dtypes.cpp:217]: Total time "train_cargo_log_02_mesh" in 8 ms
[09:01:30][pdx_3dtypes.cpp:217]: Total time "male_coat_historical_maurras_01_mesh" in 8 ms
[09:01:30][pdx_3dtypes.cpp:217]: Total time "male_prop_cigar_02_mesh" in 8 ms
[09:01:30][pdx_3dtypes.cpp:217]: Total time "male_civilian_coat_european_01_mesh" in 8 ms
[09:01:30][pdx_3dtypes.cpp:217]: Total time "rockformation_sandstone_06_mesh" in 8 ms
[09:01:30][pdx_3dtypes.cpp:217]: Total time "male_prop_pipe1_02_mesh" in 8 ms
[09:01:30][pdx_3dtypes.cpp:217]: Total time "male_medals_generic_01_ip4_02_mesh" in 8 ms
[09:01:30][pdx_3dtypes.cpp:217]: Total time "powerbloc_statue_attachment_academyhat_mesh" in 8 ms
[09:01:30][pdx_3dtypes.cpp:217]: Total time "whale_white_mesh" in 8 ms
[09:01:30][pdx_3dtypes.cpp:217]: Total time "male_headgear_japanese_common_03_mesh" in 8 ms
[09:01:30][pdx_3dtypes.cpp:217]: Total time "powerbloc_supportelement_banner_01_mesh" in 8 ms
[09:01:30][pdx_3dtypes.cpp:217]: Total time "male_necklace_power_bloc_religious_01_mesh" in 8 ms
[09:01:30][pdx_3dtypes.cpp:217]: Total time "asian_colonial_manufactory_01_mesh" in 8 ms
[09:01:30][pdx_3dtypes.cpp:217]: Total time "balkan_urban_residential_poor_03_mesh" in 8 ms
[09:01:30][pdx_3dtypes.cpp:217]: Total time "male_mustache_gopal_krishna_01_mesh" in 8 ms
