[09:01:30][pdx_3dtypes.cpp:217]: Total time "male_prop_nudity_accessory_mesh" in 8 ms
[09:01:30][pdx_3dtypes.cpp:217]: Total time "balkan_forestry_centerpiece_02_mesh" in 8 ms
[09:01:30][pdx_3dtypes.cpp:217]: Total time "prop_shackles_mesh" in 8 ms
[09:01:30][pdx_3dtypes.cpp:217]: Total time "male_headgear_arabic_mohammad_khan_01_mesh" in 8 ms
[09:01:30][pdx_3dtypes.cpp:217]: Total time "male_beard_european_10_mesh" in 8 ms
[09:01:30][pdx_3dtypes.cpp:217]: Total time "powerbloc_statue_hero_dragon_mesh" in 8 ms
[09:01:30][pdx_3dtypes.cpp:217]: Total time "wonder_wallofchina_05_mesh" in 8 ms
[09:01:30][pdx_3dtypes.cpp:217]: Total time "female_outfit_korean_low_01_mesh" in 8 ms
[09:01:30][pdx_3dtypes.cpp:217]: Total time "male_headgear_european_carnaval_pierrot_01_mesh" in 8 ms
[09:01:30][pdx_3dtypes.cpp:217]: Total time "male_mustache_european_07_mesh" in 8 ms
[09:01:30][pdx_3dtypes.cpp:217]: Total time "papermap_kolbasz_mesh" in 8 ms
[09:01:30][pdx_3dtypes.cpp:217]: Total time "female_sash_south_american_agitator_01_mesh" in 8 ms
[09:01:30][pdx_3dtypes.cpp:217]: Total time "indian_forestry_loggingcamp_01_mesh" in 8 ms
[09:01:30][pdx_3dtypes.cpp:217]: Total time "male_belt_military_01_mesh" in 8 ms
[09:01:30][pdx_3dtypes.cpp:217]: Total time "asian_urban_residential_poor_03_mesh" in 8 ms
[09:01:30][pdx_3dtypes.cpp:217]: Total time "male_coat_rayadillo_uniform_mesh" in 8 ms
[09:01:30][pdx_3dtypes.cpp:217]: Total time "latin_mininghub_centerpiece_01_mesh" in 8 ms
[09:01:30][pdx_3dtypes.cpp:217]: Total time "prop_top_hat_mesh" in 8 ms
[09:01:30][pdx_3dtypes.cpp:217]: Total time "male_headgear_colonial_helmet_01_mesh" in 8 ms
[09:01:30][pdx_3dtypes.cpp:217]: Total time "scaffolding_01_mesh" in 8 ms
[09:01:30][pdx_3dtypes.cpp:217]: Total time "male_headgear_european_military_04_mesh" in 8 ms
[09:01:30][pdx_3dtypes.cpp:217]: Total time "japan_city_regionalcompanyhq_01_mesh" in 8 ms
[09:01:30][pdx_3dtypes.cpp:217]: Total time "japan_port_worldmarket_01_mesh" in 8 ms
[09:01:30][pdx_3dtypes.cpp:217]: Total time "powerbloc_statue_hero_wavingman_mesh" in 8 ms
[09:01:30][pdx_3dtypes.cpp:217]: Total time "male_headgear_petar_ii_petrovic_njegos_mesh" in 8 ms
[09:01:30][pdx_3dtypes.cpp:217]: Total time "balkan_mining_gold_01_mesh" in 8 ms
[09:01:30][pdx_3dtypes.cpp:217]: Total time "male_headgear_military_helmet_brodie_mesh" in 8 ms
[09:01:30][pdx_3dtypes.cpp:217]: Total time "european_urban_residential_rich_01_mesh" in 8 ms
[09:01:30][pdx_3dtypes.cpp:217]: Total time "balkan_factory_furniture_01_mesh" in 8 ms
[09:01:30][pdx_3dtypes.cpp:217]: Total time "male_mustache_european_03_mesh" in 8 ms
[09:01:30][pdx_3dtypes.cpp:217]: Total time "balkan_factory_powerplant_01_mesh" in 8 ms
[09:01:30][pdx_3dtypes.cpp:217]: Total time "latin_port_shipyard_01_mesh" in 8 ms
[09:01:30][pdx_3dtypes.cpp:217]: Total time "male_headgear_indian_royalty_03_mesh" in 8 ms
[09:01:30][pdx_3dtypes.cpp:217]: Total time "prop_basket_mesh" in 8 ms
[09:01:30][pdx_3dtypes.cpp:217]: Total time "balkan_rural_residential_rich_02_mesh" in 8 ms
[09:01:30][pdx_3dtypes.cpp:217]: Total time "male_legwear_greek_01_mesh" in 8 ms
[09:01:30][pdx_3dtypes.cpp:217]: Total time "indian_factory_munition_01_mesh" in 8 ms
[09:01:30][pdx_3dtypes.cpp:217]: Total time "male_shirt_greek_01_mesh" in 8 ms
[09:01:30][pdx_3dtypes.cpp:217]: Total time "female_legwear_circumpolar_01_mesh" in 8 ms
[09:01:30][pdx_3dtypes.cpp:217]: Total time "powerbloc_statue_hero_runningman_mesh" in 8 ms
[09:01:30][pdx_3dtypes.cpp:217]: Total time "wonder_pena_palace_pre_restored_mesh" in 8 ms
[09:01:30][pdx_3dtypes.cpp:217]: Total time "female_headgear_japanese_common_01_mesh" in 8 ms
[09:01:30][pdx_3dtypes.cpp:217]: Total time "female_sash_slavic_agitator_01_mesh" in 8 ms
[09:01:30][pdx_3dtypes.cpp:217]: Total time "indian_factory_tech_01_mesh" in 8 ms
[09:01:30][pdx_3dtypes.cpp:217]: Total time "female_headgear_arabic_low_tier_01_mesh" in 8 ms
[09:01:30][pdx_3dtypes.cpp:217]: Total time "train_cargo_hardwood_03_mesh" in 8 ms
[09:01:30][pdx_3dtypes.cpp:217]: Total time "balkan_farm_wheat_01_mesh" in 8 ms
[09:01:30][pdx_3dtypes.cpp:217]: Total time "female_headgear_power_blocks_earings_01_mesh" in 8 ms
[09:01:30][pdx_3dtypes.cpp:217]: Total time "generic_factory_glass_01_mesh" in 8 ms
[09:01:30][pdx_3dtypes.cpp:217]: Total time "wonder_wallofchina_04_mesh" in 8 ms
[09:01:30][pdx_3dtypes.cpp:217]: Total time "zeppelin_02_alt01_mesh" in 8 ms
[09:01:30][pdx_3dtypes.cpp:217]: Total time "european_farm_farmhouse_01_mesh" in 8 ms
[09:01:30][pdx_3dtypes.cpp:217]: Total time "male_beard_frankenstein_scars_mesh" in 8 ms
[09:01:30][pdx_3dtypes.cpp:217]: Total time "indian_mining_sulfur_01_mesh" in 8 ms
[09:01:30][pdx_3dtypes.cpp:217]: Total time "male_headgear_austrian_military_cap_02_mesh" in 8 ms
[09:01:30][pdx_3dtypes.cpp:217]: Total time "male_belt_greek_01_bs_thick_mesh" in 8 ms
[09:01:30][pdx_3dtypes.cpp:217]: Total time "female_necklace_indian_01_mesh" in 8 ms
[09:01:30][pdx_3dtypes.cpp:217]: Total time "powerbloc_statue_hero_obeliskethiopia_mesh" in 8 ms
[09:01:30][pdx_3dtypes.cpp:217]: Total time "male_headgear_arabic_royal_01_mesh" in 8 ms
[09:01:30][pdx_3dtypes.cpp:217]: Total time "train_locomotive_g_01_mesh" in 8 ms
[09:01:30][pdx_3dtypes.cpp:217]: Total time "male_belt_generic_03_mesh" in 8 ms
[09:01:30][pdx_3dtypes.cpp:217]: Total time "canal_suezcanal_01_mesh" in 8 ms
[09:01:30][pdx_3dtypes.cpp:217]: Total time "male_belts_sash_power_bloc_03_mesh" in 8 ms
[09:01:30][pdx_3dtypes.cpp:217]: Total time "train_locomotive_crampton_01_mesh" in 7 ms
[09:01:30][pdx_3dtypes.cpp:217]: Total time "female_top_layer_indian_common_01_mesh" in 7 ms
[09:01:30][pdx_3dtypes.cpp:217]: Total time "military_arms_blunderbuss_mesh" in 7 ms
[09:01:30][pdx_3dtypes.cpp:217]: Total time "male_headgear_ghandi_topi_01_mesh" in 7 ms
[09:01:30][pdx_3dtypes.cpp:217]: Total time "male_hair_european_12_cap1_mesh" in 7 ms
[09:01:30][pdx_3dtypes.cpp:217]: Total time "male_hair_european_06_mesh" in 7 ms
[09:01:30][pdx_3dtypes.cpp:217]: Total time "male_beard_indian_03_mesh" in 7 ms
[09:01:30][pdx_3dtypes.cpp:217]: Total time "debug_height_object_mesh" in 7 ms
[09:01:30][pdx_3dtypes.cpp:217]: Total time "wonder_wallofchina_08_mesh" in 7 ms
[09:01:30][pdx_3dtypes.cpp:217]: Total time "male_epaulettes_military_01_mesh" in 7 ms
[09:01:30][pdx_3dtypes.cpp:217]: Total time "male_headgear_japanese_eboshi_01_mesh" in 7 ms
[09:01:30][pdx_3dtypes.cpp:217]: Total time "papermap_indian_knife_mesh" in 7 ms
[09:01:30][pdx_3dtypes.cpp:217]: Total time "male_eyelashes_mesh" in 7 ms
[09:01:30][pdx_3dtypes.cpp:217]: Total time "male_mustache_african_02_mesh" in 7 ms
[09:01:30][pdx_3dtypes.cpp:217]: Total time "train_locomotive_ouest_01_mesh" in 7 ms
[09:01:30][pdx_3dtypes.cpp:217]: Total time "japan_factory_textilemill_01_mesh" in 7 ms
[09:01:30][pdx_3dtypes.cpp:217]: Total time "papermap_table_bottom_mesh" in 7 ms
[09:01:30][pdx_3dtypes.cpp:217]: Total time "train_locomotive_gnrstirling_01_mesh" in 7 ms
[09:01:30][pdx_3dtypes.cpp:217]: Total time "japan_forestry_transportation_01_mesh" in 7 ms
[09:01:30][pdx_3dtypes.cpp:217]: Total time "male_mustache_asian_04_mesh" in 7 ms
[09:01:30][pdx_3dtypes.cpp:217]: Total time "prop_butcherknife_mesh" in 7 ms
[09:01:30][pdx_3dtypes.cpp:217]: Total time "male_headgear_european_gb_01_mesh" in 7 ms
[09:01:30][pdx_3dtypes.cpp:217]: Total time "male_glasses_mesh" in 7 ms
[09:01:30][pdx_3dtypes.cpp:217]: Total time "african_forestry_centerpiece_01_mesh" in 7 ms
[09:01:30][pdx_3dtypes.cpp:217]: Total time "male_mustache_european_13_mesh" in 7 ms
[09:01:30][pdx_3dtypes.cpp:217]: Total time "latin_colonial_manufactory_02_mesh" in 7 ms
[09:01:30][pdx_3dtypes.cpp:217]: Total time "asian_manufactory_02_mesh" in 7 ms
[09:01:30][pdx_3dtypes.cpp:217]: Total time "horse_cart_ap1_02_mesh" in 7 ms
[09:01:30][pdx_3dtypes.cpp:217]: Total time "male_hair_japanese_01_mesh" in 7 ms
[09:01:30][pdx_3dtypes.cpp:217]: Total time "male_headgear_serbian_01_mesh" in 7 ms
[09:01:30][pdx_3dtypes.cpp:217]: Total time "european_rural_building_poor_03_mesh" in 7 ms
[09:01:30][pdx_3dtypes.cpp:217]: Total time "papermap_table_top_ip3_mesh" in 7 ms
[09:01:30][pdx_3dtypes.cpp:217]: Total time "generic_forestry_equipment_02_mesh" in 7 ms
[09:01:30][pdx_3dtypes.cpp:217]: Total time "prop_swaddled_baby_01_mesh" in 7 ms
[09:01:30][pdx_3dtypes.cpp:217]: Total time "papermap_extension_top_newsletter_bonus_mesh" in 7 ms
[09:01:30][pdx_3dtypes.cpp:217]: Total time "male_belt_suspenders_01_mesh" in 7 ms
[09:01:30][pdx_3dtypes.cpp:217]: Total time "generic_mining_centerpiece_01_mesh" in 7 ms
[09:01:30][pdx_3dtypes.cpp:217]: Total time "male_necklace_persian_royal_jewelry_mesh" in 7 ms
[09:01:30][pdx_3dtypes.cpp:217]: Total time "french_city_factory_furniture_01_mesh" in 7 ms
[09:01:30][pdx_3dtypes.cpp:217]: Total time "indian_factory_food_01_mesh" in 7 ms
[09:01:30][pdx_3dtypes.cpp:217]: Total time "mininghub_centerpiece_01_mesh" in 7 ms
[09:01:30][pdx_3dtypes.cpp:217]: Total time "military_arms_flamethrower_mesh" in 7 ms
[09:01:30][pdx_3dtypes.cpp:217]: Total time "european_province_farm_01_nobillborads_mesh" in 7 ms
[09:01:30][pdx_3dtypes.cpp:217]: Total time "male_hair_european_10_mesh" in 7 ms
[09:01:30][pdx_3dtypes.cpp:217]: Total time "european_train_locomotive_02_mesh" in 7 ms
[09:01:30][pdx_3dtypes.cpp:217]: Total time "female_headdot_01_mesh" in 7 ms
[09:01:30][pdx_3dtypes.cpp:217]: Total time "japan_forestry_trees_01_mesh" in 7 ms
[09:01:30][pdx_3dtypes.cpp:217]: Total time "european_urban_residential_poor_03_mesh" in 7 ms
[09:01:30][pdx_3dtypes.cpp:217]: Total time "african_glassworks_manufactory_01_mesh" in 7 ms
[09:01:30][pdx_3dtypes.cpp:217]: Total time "indian_factory_furniture_01_mesh" in 7 ms
[09:01:30][pdx_3dtypes.cpp:217]: Total time "powerbloc_statue_hero_fish_mesh" in 7 ms
[09:01:30][pdx_3dtypes.cpp:217]: Total time "male_prop_straw_hat_mesh" in 7 ms
[09:01:30][pdx_3dtypes.cpp:217]: Total time "european_urban_residential_poor_02_mesh" in 7 ms
[09:01:30][pdx_3dtypes.cpp:217]: Total time "european_rural_building_rich_04_mesh" in 7 ms
[09:01:30][pdx_3dtypes.cpp:217]: Total time "male_coat_european_military_01_pocketless_mesh" in 7 ms
[09:01:30][pdx_3dtypes.cpp:217]: Total time "french_city_factory_food_01_mesh" in 7 ms
[09:01:30][pdx_3dtypes.cpp:217]: Total time "generic_factory_papermill_01_mesh" in 7 ms
[09:01:30][pdx_3dtypes.cpp:217]: Total time "indian_city_centerpiece_mesh" in 7 ms
[09:01:30][pdx_3dtypes.cpp:217]: Total time "japan_factory_papermill_01_mesh" in 6 ms
[09:01:30][pdx_3dtypes.cpp:217]: Total time "train_cargo_sulfur_03_mesh" in 6 ms
[09:01:30][pdx_3dtypes.cpp:217]: Total time "papermap_napoleonic_medal_mesh" in 6 ms
[09:01:30][pdx_3dtypes.cpp:217]: Total time "generic_factory_warmachine_01_mesh" in 6 ms
[09:01:30][pdx_3dtypes.cpp:217]: Total time "papermap_table_bottom_ep2_mesh" in 6 ms
[09:01:30][pdx_3dtypes.cpp:217]: Total time "generic_rural_mining_pile_01_mesh" in 6 ms
[09:01:30][pdx_3dtypes.cpp:217]: Total time "european_train_locomotive_05_mesh" in 6 ms
[09:01:30][pdx_3dtypes.cpp:217]: Total time "balkan_forestry_centerpiece_01_mesh" in 6 ms
[09:01:30][pdx_3dtypes.cpp:217]: Total time "powerbloc_statue_hero_bourgeois_01_mesh" in 6 ms
[09:01:30][pdx_3dtypes.cpp:217]: Total time "portuguesesardines_mesh" in 6 ms
[09:01:30][pdx_3dtypes.cpp:217]: Total time "balkan_city_regionalcompanyhq_01_mesh" in 6 ms
[09:01:30][pdx_3dtypes.cpp:217]: Total time "european_train_locomotive_03_mesh" in 6 ms
[09:01:30][pdx_3dtypes.cpp:217]: Total time "generic_factory_tech_01_mesh" in 6 ms
[09:01:30][pdx_3dtypes.cpp:217]: Total time "papermap_indian_hairbrooch_mesh" in 6 ms
[09:01:30][pdx_3dtypes.cpp:217]: Total time "papermap_extension_bottom_ip4_portugal_mesh" in 6 ms
[09:01:30][pdx_3dtypes.cpp:217]: Total time "balkan_port_militaryshipyard_02_mesh" in 6 ms
[09:01:30][pdx_3dtypes.cpp:217]: Total time "ep2_coin_mesh" in 6 ms
[09:01:30][pdx_3dtypes.cpp:217]: Total time "european_train_passenger_wagon_01_mesh" in 6 ms
[09:01:30][pdx_3dtypes.cpp:217]: Total time "balkan_mining_lead_01_mesh" in 6 ms
[09:01:30][pdx_3dtypes.cpp:217]: Total time "indian_factory_steel_01_mesh" in 6 ms
[09:01:30][pdx_3dtypes.cpp:217]: Total time "balkan_urban_residential_poor_02_mesh" in 6 ms
[09:01:30][pdx_3dtypes.cpp:217]: Total time "european_port_01_1s_1d_1f_mesh" in 6 ms
[09:01:30][pdx_3dtypes.cpp:217]: Total time "generic_forestry_transportation_01_mesh" in 6 ms
[09:01:30][pdx_3dtypes.cpp:217]: Total time "military_barricade_trench_01_mesh" in 6 ms
[09:01:30][pdx_3dtypes.cpp:217]: Total time "bird_eagle_01_mesh" in 6 ms
[09:01:30][pdx_3dtypes.cpp:217]: Total time "latin_urban_city_residential_poor_01_mesh" in 6 ms
[09:01:30][pdx_3dtypes.cpp:217]: Total time "european_train_locomotive_04_mesh" in 6 ms
[09:01:30][pdx_3dtypes.cpp:217]: Total time "tree_cypress_mediterranean_02_mesh" in 6 ms
[09:01:30][pdx_3dtypes.cpp:217]: Total time "military_barricade_mechanized_01_mesh" in 6 ms
[09:01:30][pdx_3dtypes.cpp:217]: Total time "balkan_factory_textilemill_01_mesh" in 6 ms
[09:01:30][pdx_3dtypes.cpp:217]: Total time "indian_urban_residential_mid_02_mesh" in 6 ms
[09:01:30][pdx_3dtypes.cpp:217]: Total time "indian_rural_residential_poor_01_mesh" in 6 ms
[09:01:30][pdx_3dtypes.cpp:217]: Total time "dirtroad_bridge_01_large_mesh" in 6 ms
[09:01:30][pdx_3dtypes.cpp:217]: Total time "train_locomotive_sudbahn_01_mesh" in 6 ms
[09:01:30][pdx_3dtypes.cpp:217]: Total time "african_colonial_manufactory_01_mesh" in 6 ms
[09:01:30][pdx_3dtypes.cpp:217]: Total time "latin_manufactory_01_mesh" in 6 ms
[09:01:30][pdx_3dtypes.cpp:217]: Total time "generic_factory_steel_01_mesh" in 6 ms
[09:01:30][pdx_3dtypes.cpp:217]: Total time "japan_port_shipyard_02_mesh" in 6 ms
[09:01:30][pdx_3dtypes.cpp:217]: Total time "arabic_factory_01_mesh" in 6 ms
[09:01:30][pdx_3dtypes.cpp:217]: Total time "arabic_factory_colonial_01_mesh" in 6 ms
[09:01:30][pdx_3dtypes.cpp:217]: Total time "japan_forestry_trees_03_mesh" in 6 ms
[09:01:30][pdx_3dtypes.cpp:217]: Total time "generic_manufactory_01_mesh" in 6 ms
[09:01:30][pdx_3dtypes.cpp:217]: Total time "balkan_factory_papermill_01_mesh" in 6 ms
[09:01:30][pdx_3dtypes.cpp:217]: Total time "japan_port_fishingwharf_02_mesh" in 6 ms
[09:01:30][pdx_3dtypes.cpp:217]: Total time "bird_duck_01_mesh" in 6 ms
[09:01:30][pdx_3dtypes.cpp:217]: Total time "papermap_extension_top_mesh" in 6 ms
[09:01:30][pdx_3dtypes.cpp:217]: Total time "military_barricade_squad_01_mesh" in 6 ms
[09:01:30][pdx_3dtypes.cpp:217]: Total time "african_tools_manufactory_01_mesh" in 6 ms
[09:01:30][pdx_3dtypes.cpp:217]: Total time "generic_factory_construction_01_mesh" in 6 ms
[09:01:30][pdx_3dtypes.cpp:217]: Total time "lacqueredbox_mesh" in 6 ms
[09:01:30][pdx_3dtypes.cpp:217]: Total time "balkan_port_shipyard_02_mesh" in 6 ms
[09:01:30][pdx_3dtypes.cpp:217]: Total time "japan_forestry_trees_02_mesh" in 6 ms
[09:01:30][pdx_3dtypes.cpp:217]: Total time "male_top_layer_greek_01_bs_old_mesh" in 5 ms
[09:01:30][pdx_3dtypes.cpp:217]: Total time "train_locomotive_jupitertender_01_mesh" in 5 ms
[09:01:30][pdx_3dtypes.cpp:217]: Total time "military_barricade_irregular_01_mesh" in 5 ms
[09:01:30][pdx_3dtypes.cpp:217]: Total time "generic_factory_food_01_mesh" in 5 ms
[09:01:30][pdx_3dtypes.cpp:217]: Total time "papermap_walthamwatch_mesh" in 5 ms
[09:01:30][pdx_3dtypes.cpp:217]: Total time "indian_rural_residential_rich_02_mesh" in 5 ms
[09:01:30][pdx_3dtypes.cpp:217]: Total time "train_cargo_log_01_mesh" in 5 ms
[09:01:30][pdx_3dtypes.cpp:217]: Total time "japan_mining_coal_01_mesh" in 5 ms
[09:01:30][pdx_3dtypes.cpp:217]: Total time "balkan_factory_steel_01_mesh" in 5 ms
[09:01:30][pdx_3dtypes.cpp:217]: Total time "papermap_table_bottom_ip2_mesh" in 5 ms
[09:01:30][pdx_3dtypes.cpp:217]: Total time "indian_rural_residential_mid_02_mesh" in 5 ms
[09:01:30][pdx_3dtypes.cpp:217]: Total time "generic_forestry_lumberdepo_01_mesh" in 5 ms
[09:01:30][pdx_3dtypes.cpp:217]: Total time "papermap_extension_bottom_mesh" in 5 ms
[09:01:30][pdx_3dtypes.cpp:217]: Total time "japan_factory_chemical_01_mesh" in 5 ms
[09:01:30][pdx_3dtypes.cpp:217]: Total time "papermap_revolutionary_cockade_mesh" in 5 ms
[09:01:30][pdx_3dtypes.cpp:217]: Total time "japan_city_companyhq_01_mesh" in 5 ms
[09:01:30][pdx_3dtypes.cpp:217]: Total time "balkan_mining_sulfur_01_mesh" in 5 ms
[09:01:30][pdx_3dtypes.cpp:217]: Total time "colonial_manufactory_01_mesh" in 5 ms
[09:01:30][pdx_3dtypes.cpp:217]: Total time "papermap_extension_bottom_ip4_spain_mesh" in 5 ms
[09:01:30][pdx_3dtypes.cpp:217]: Total time "balkan_mining_centerpiece_01_mesh" in 5 ms
[09:01:30][pdx_3dtypes.cpp:217]: Total time "troopship_base_mesh" in 5 ms
[09:01:30][pdx_3dtypes.cpp:217]: Total time "african_forestry_scatter_02_mesh" in 5 ms
[09:01:30][pdx_3dtypes.cpp:217]: Total time "generic_forestry_loggingcabin_03_mesh" in 5 ms
[09:01:30][pdx_3dtypes.cpp:217]: Total time "male_medals_generic_01_05_mesh" in 5 ms
[09:01:30][pdx_3dtypes.cpp:217]: Total time "generic_rural_mining_processing_sandstone_01_mesh" in 5 ms
[09:01:30][pdx_3dtypes.cpp:217]: Total time "papermap_yali_01_mesh" in 5 ms
[09:01:30][pdx_3dtypes.cpp:217]: Total time "test_object_mesh" in 5 ms
[09:01:30][pdx_3dtypes.cpp:217]: Total time "male_beard_francesco_pi_i_margall_mesh" in 5 ms
[09:01:30][pdx_3dtypes.cpp:217]: Total time "male_outfit_chinese_common_01_mesh" in 5 ms
[09:01:30][pdx_3dtypes.cpp:217]: Total time "frigate_broadside_03_mesh" in 5 ms
[09:01:30][pdx_3dtypes.cpp:217]: Total time "indian_factory_construction_01_mesh" in 5 ms
[09:01:30][pdx_3dtypes.cpp:217]: Total time "male_hair_historical_friedrich_engels_mesh" in 5 ms
[09:01:30][pdx_3dtypes.cpp:217]: Total time "military_barricade_line_01_mesh" in 5 ms
[09:01:30][pdx_3dtypes.cpp:217]: Total time "european_urban_residential_rich_03_mesh" in 5 ms
[09:01:30][pdx_3dtypes.cpp:217]: Total time "generic_forestry_trees_01_mesh" in 5 ms
[09:01:30][pdx_3dtypes.cpp:217]: Total time "asian_forestry_centerpiece_01_mesh" in 5 ms
[09:01:30][pdx_3dtypes.cpp:217]: Total time "japan_factory_tools_01_mesh" in 5 ms
[09:01:30][pdx_3dtypes.cpp:217]: Total time "indian_port_centerpiece_01_mesh" in 5 ms
[09:01:30][pdx_3dtypes.cpp:217]: Total time "generic_factory_textilemill_01_mesh" in 5 ms
[09:01:30][pdx_3dtypes.cpp:217]: Total time "railroad_bridge_01_small_mesh" in 5 ms
[09:01:30][pdx_3dtypes.cpp:217]: Total time "eagle_01_frame_mesh" in 5 ms
[09:01:30][pdx_3dtypes.cpp:217]: Total time "papermap_tainostatue_mesh" in 5 ms
[09:01:30][pdx_3dtypes.cpp:217]: Total time "powerbloc_supportelement_basket_01_mesh" in 5 ms
[09:01:30][pdx_3dtypes.cpp:217]: Total time "asian_manufactory_03_mesh" in 5 ms
[09:01:30][pdx_3dtypes.cpp:217]: Total time "male_coat_european_military_02_mesh" in 5 ms
[09:01:30][pdx_3dtypes.cpp:217]: Total time "dlc_coin_rp1_mesh" in 5 ms
[09:01:30][pdx_3dtypes.cpp:217]: Total time "balkan_forestry_trees_01_mesh" in 5 ms
[09:01:30][pdx_3dtypes.cpp:217]: Total time "french_port_fishingwharf_01_mesh" in 5 ms
[09:01:30][pdx_3dtypes.cpp:217]: Total time "papermap_extension_bottom_ep2_mesh" in 5 ms
[09:01:30][pdx_3dtypes.cpp:217]: Total time "generic_forestry_transportation_02_mesh" in 5 ms
[09:01:30][pdx_3dtypes.cpp:217]: Total time "military_transport_railroad_artillery_shrapnel_generic_mesh" in 5 ms
[09:01:30][pdx_3dtypes.cpp:217]: Total time "asian_colonial_manufactory_02_mesh" in 5 ms
[09:01:30][pdx_3dtypes.cpp:217]: Total time "african_colonial_manufactory_03_mesh" in 5 ms
[09:01:30][pdx_3dtypes.cpp:217]: Total time "tree_rainforest_005_mesh" in 5 ms
[09:01:30][pdx_3dtypes.cpp:217]: Total time "train_cargo_steel_01_mesh" in 5 ms
[09:01:30][pdx_3dtypes.cpp:217]: Total time "european_port_01_0s_0d_3f_mesh" in 5 ms
[09:01:30][pdx_3dtypes.cpp:217]: Total time "philippines_carabaomango_mesh" in 5 ms
[09:01:30][pdx_3dtypes.cpp:217]: Total time "military_transport_railroad_armoredlocomotive_generic_mesh" in 5 ms
[09:01:30][pdx_3dtypes.cpp:217]: Total time "asian_urban_residential_mid_03_mesh" in 5 ms
[09:01:30][pdx_3dtypes.cpp:217]: Total time "male_headgear_european_military_01_mesh" in 5 ms
[09:01:30][pdx_3dtypes.cpp:217]: Total time "arabic_forestry_loggingcamp_01_mesh" in 5 ms
[09:01:30][pdx_3dtypes.cpp:217]: Total time "asian_manufactory_01_mesh" in 5 ms
[09:01:30][pdx_3dtypes.cpp:217]: Total time "generic_mining_lead_01_mesh" in 5 ms
[09:01:30][pdx_3dtypes.cpp:217]: Total time "european_rural_building_mid_01_mesh" in 5 ms
[09:01:30][pdx_3dtypes.cpp:217]: Total time "generic_forestry_loggingcamp_02_mesh" in 4 ms
[09:01:30][pdx_3dtypes.cpp:217]: Total time "papermap_extension_bottom_newsletter_bonus_mesh" in 4 ms
[09:01:30][pdx_3dtypes.cpp:217]: Total time "train_locomotive_cherepanov_01_mesh" in 4 ms
[09:01:30][pdx_3dtypes.cpp:217]: Total time "train_cargo_coal_02_mesh" in 4 ms
[09:01:30][pdx_3dtypes.cpp:217]: Total time "train_cargo_coal_01_mesh" in 4 ms
[09:01:30][pdx_3dtypes.cpp:217]: Total time "male_medals_generic_01_ip4_03_mesh" in 4 ms
[09:01:30][pdx_3dtypes.cpp:217]: Total time "japan_rural_residential_poor_01_mesh" in 4 ms
[09:01:30][pdx_3dtypes.cpp:217]: Total time "indian_mining_lead_01_mesh" in 4 ms
[09:01:30][pdx_3dtypes.cpp:217]: Total time "european_province_farm_01_mesh" in 4 ms
[09:01:30][pdx_3dtypes.cpp:217]: Total time "balkan_city_companyhq_01_mesh" in 4 ms
[09:01:30][pdx_3dtypes.cpp:217]: Total time "whale_mesh" in 4 ms
[09:01:30][pdx_3dtypes.cpp:217]: Total time "indian_factory_textilemill_01_mesh" in 4 ms
[09:01:30][pdx_3dtypes.cpp:217]: Total time "testplane_mesh" in 4 ms
[09:01:30][pdx_3dtypes.cpp:217]: Total time "male_belt_austrian_01_bs_gaunt_mesh" in 4 ms
[09:01:30][pdx_3dtypes.cpp:217]: Total time "dirtroad_bridge_01_medium_mesh" in 4 ms
[09:01:30][pdx_3dtypes.cpp:217]: Total time "military_arms_dreyseneedle_mesh" in 4 ms
[09:01:30][pdx_3dtypes.cpp:217]: Total time "male_outfit_arabic_royal_01_bs_fat_mesh" in 4 ms
[09:01:30][pdx_3dtypes.cpp:217]: Total time "papermap_extension_top_votp_mesh" in 4 ms
[09:01:30][pdx_3dtypes.cpp:217]: Total time "arabic_factory_glassworks_01_mesh" in 4 ms
[09:01:30][pdx_3dtypes.cpp:217]: Total time "bird_vulture_01_mesh" in 4 ms
[09:01:30][pdx_3dtypes.cpp:217]: Total time "train_locomotive_jupiter_01_mesh" in 4 ms
[09:01:30][pdx_3dtypes.cpp:217]: Total time "balkan_port_militaryshipyard_01_mesh" in 4 ms
[09:01:30][pdx_3dtypes.cpp:217]: Total time "dirtroad_bridge_01_small_mesh" in 4 ms
[09:01:30][pdx_3dtypes.cpp:217]: Total time "male_sashes_tricolor_bs_fat_mesh" in 4 ms
[09:01:30][pdx_3dtypes.cpp:217]: Total time "balkan_forestry_loggingcamp_hardwoodpiles_03_mesh" in 4 ms
[09:01:30][pdx_3dtypes.cpp:217]: Total time "papermap_extension_bottom_ip2_mesh" in 4 ms
[09:01:30][pdx_3dtypes.cpp:217]: Total time "male_sash_european_civilian_03_bs_fat_mesh" in 4 ms
[09:01:30][pdx_3dtypes.cpp:217]: Total time "japan_factory_warmachine_01_mesh" in 4 ms
[09:01:30][pdx_3dtypes.cpp:217]: Total time "colonial_manufactory_03_mesh" in 4 ms
[09:01:30][pdx_3dtypes.cpp:217]: Total time "male_coat_ceo_02_bs_thick_mesh" in 4 ms
[09:01:30][pdx_3dtypes.cpp:217]: Total time "balkan_forestry_centerpiece_hardwoodpiles_03_mesh" in 4 ms
[09:01:30][pdx_3dtypes.cpp:217]: Total time "gun_smallturret_twin_01_mesh" in 4 ms
[09:01:30][pdx_3dtypes.cpp:217]: Total time "female_sash_european_02_mesh" in 4 ms
[09:01:30][pdx_3dtypes.cpp:217]: Total time "french_city_factory_construction_01_mesh" in 4 ms
[09:01:30][pdx_3dtypes.cpp:217]: Total time "male_mustache_dordije_petrovic_njegos_mesh" in 4 ms
[09:01:30][pdx_3dtypes.cpp:217]: Total time "tree_rainforest_001_mesh" in 4 ms
[09:01:30][pdx_3dtypes.cpp:217]: Total time "asian_colonial_manufactory_03_mesh" in 4 ms
[09:01:30][pdx_3dtypes.cpp:217]: Total time "papermap_french_coin_mesh" in 4 ms
[09:01:30][pdx_3dtypes.cpp:217]: Total time "balkan_mining_iron_01_mesh" in 4 ms
[09:01:30][pdx_3dtypes.cpp:217]: Total time "latin_forestry_centerpiece_01_mesh" in 4 ms
[09:01:30][pdx_3dtypes.cpp:217]: Total time "train_cargo_steel_04_mesh" in 4 ms
[09:01:30][pdx_3dtypes.cpp:217]: Total time "european_port_01_1s_0d_2f_mesh" in 4 ms
[09:01:30][pdx_3dtypes.cpp:217]: Total time "revolution_flag_mesh" in 4 ms
[09:01:30][pdx_3dtypes.cpp:217]: Total time "frigate_broadside_01_mesh" in 4 ms
[09:01:30][pdx_3dtypes.cpp:217]: Total time "papermap_extension_bottom_ap1_mesh" in 4 ms
[09:01:30][pdx_3dtypes.cpp:217]: Total time "japan_forestry_loggingcamp_02_mesh" in 4 ms
[09:01:30][pdx_3dtypes.cpp:217]: Total time "male_outfit_greek_fustanella_01_bs_thick_mesh" in 4 ms
[09:01:30][pdx_3dtypes.cpp:217]: Total time "funnel_tiny_02_mesh" in 4 ms
[09:01:30][pdx_3dtypes.cpp:217]: Total time "balkan_port_fishingwharf_01_mesh" in 4 ms
[09:01:30][pdx_3dtypes.cpp:217]: Total time "european_train_passenger_wagon_02_mesh" in 4 ms
[09:01:30][pdx_3dtypes.cpp:217]: Total time "latin_glassworks_manufactory_01_mesh" in 4 ms
[09:01:30][pdx_3dtypes.cpp:217]: Total time "indian_port_fishingwharf_01_mesh" in 4 ms
[09:01:30][pdx_3dtypes.cpp:217]: Total time "japan_forestry_equipment_02_mesh" in 4 ms
[09:01:30][pdx_3dtypes.cpp:217]: Total time "powerbloc_supportelement_laurelwreath_01_mesh" in 4 ms
[09:01:30][pdx_3dtypes.cpp:217]: Total time "ip4_coin_mesh" in 4 ms
[09:01:30][pdx_3dtypes.cpp:217]: Total time "african_mininghub_centerpiece_01_mesh" in 4 ms
[09:01:30][pdx_3dtypes.cpp:217]: Total time "funnel_large_01_mesh" in 4 ms
[09:01:30][pdx_3dtypes.cpp:217]: Total time "monitor_gun_twin_heavy_mesh" in 4 ms
[09:01:30][pdx_3dtypes.cpp:217]: Total time "male_coat_greek_01_mesh" in 4 ms
[09:01:30][pdx_3dtypes.cpp:217]: Total time "male_headgear_chinese_common_02_mesh" in 4 ms
[09:01:30][pdx_3dtypes.cpp:217]: Total time "latin_forestry_scatter_01_mesh" in 4 ms
[09:01:30][pdx_3dtypes.cpp:217]: Total time "japan_port_docks_01_mesh" in 4 ms
[09:01:30][pdx_3dtypes.cpp:217]: Total time "european_port_01_0s_0d_2f_mesh" in 4 ms
[09:01:30][pdx_3dtypes.cpp:217]: Total time "railroad_bridge_02_small_mesh" in 4 ms
[09:01:30][pdx_3dtypes.cpp:217]: Total time "latin_urban_city_residential_rich_02_mesh" in 4 ms
[09:01:30][pdx_3dtypes.cpp:217]: Total time "balkan_port_shipyard_01_mesh" in 4 ms
[09:01:30][pdx_3dtypes.cpp:217]: Total time "male_coat_late_military_greatcoat_01_bs_fat_mesh" in 4 ms
[09:01:30][pdx_3dtypes.cpp:217]: Total time "french_rural_residential_poor_02_mesh" in 4 ms
[09:01:30][pdx_3dtypes.cpp:217]: Total time "balkan_forestry_trees_02_mesh" in 4 ms
[09:01:30][pdx_3dtypes.cpp:217]: Total time "military_props_artillery_mobile_01_mesh" in 4 ms
[09:01:30][pdx_3dtypes.cpp:217]: Total time "male_mustache_historical_marx_mesh" in 4 ms
[09:01:30][pdx_3dtypes.cpp:217]: Total time "balkan_port_centerpiece_01_mesh" in 4 ms
[09:01:30][pdx_3dtypes.cpp:217]: Total time "indian_port_shipyard_01_mesh" in 4 ms
[09:01:30][pdx_3dtypes.cpp:217]: Total time "european_port_01_0s_2d_0f_mesh" in 4 ms
[09:01:30][pdx_3dtypes.cpp:217]: Total time "substance_bg_mesh" in 4 ms
[09:01:30][pdx_3dtypes.cpp:217]: Total time "arabic_farm_scatter_02_mesh" in 4 ms
[09:01:30][pdx_3dtypes.cpp:217]: Total time "generic_forestry_loggingcamp_01_mesh" in 4 ms
[09:01:30][pdx_3dtypes.cpp:217]: Total time "papermap_extension_bottom_ip3_mesh" in 4 ms
[09:01:30][pdx_3dtypes.cpp:217]: Total time "papermap_extension_bottom_votp_mesh" in 4 ms
[09:01:30][pdx_3dtypes.cpp:217]: Total time "asian_mining_centerpiece_01_mesh" in 4 ms
[09:01:30][pdx_3dtypes.cpp:217]: Total time "papermap_extension_top_ep2_mesh" in 4 ms
[09:01:30][pdx_3dtypes.cpp:217]: Total time "train_cargo_steel_03_mesh" in 4 ms
[09:01:30][pdx_3dtypes.cpp:217]: Total time "generic_rural_mining_pile_02_mesh" in 4 ms
[09:01:30][pdx_3dtypes.cpp:217]: Total time "japan_port_shipyard_01_mesh" in 4 ms
[09:01:30][pdx_3dtypes.cpp:217]: Total time "horses_ap1_mesh" in 4 ms
[09:01:30][pdx_3dtypes.cpp:217]: Total time "balkan_forestry_centerpiece_softwoodpiles_01_mesh" in 4 ms
[09:01:30][pdx_3dtypes.cpp:217]: Total time "european_port_01_2s_1d_0f_mesh" in 4 ms
[09:01:30][pdx_3dtypes.cpp:217]: Total time "military_props_artillery_shrapnel_01_mesh" in 4 ms
[09:01:30][pdx_3dtypes.cpp:217]: Total time "canal_panamacanal_under_construction_01_mesh" in 4 ms
[09:01:30][pdx_3dtypes.cpp:217]: Total time "ip3_coin_mesh" in 4 ms
[09:01:30][pdx_3dtypes.cpp:217]: Total time "japan_forestry_transportation_softwoodpiles_01_mesh" in 4 ms
[09:01:30][pdx_3dtypes.cpp:217]: Total time "female_necklace_polynesian_02_low_mesh" in 4 ms
[09:01:30][pdx_3dtypes.cpp:217]: Total time "train_locomotive_johnbulltender_01_mesh" in 3 ms
[09:01:30][pdx_3dtypes.cpp:217]: Total time "earlyironclad_armour_medium_mesh" in 3 ms
[09:01:30][pdx_3dtypes.cpp:217]: Total time "european_port_01_1s_1d_0f_mesh" in 3 ms
[09:01:30][pdx_3dtypes.cpp:217]: Total time "european_port_01_0s_1d_1f_mesh" in 3 ms
[09:01:30][pdx_3dtypes.cpp:217]: Total time "military_props_artillery_shrapnel_02_mesh" in 3 ms
[09:01:30][pdx_3dtypes.cpp:217]: Total time "generic_forestry_centerpiece_softwoodpiles_01_mesh" in 3 ms
[09:01:30][pdx_3dtypes.cpp:217]: Total time "japan_forestry_loggingcamp_mixwoodpiles_03_mesh" in 3 ms
[09:01:30][pdx_3dtypes.cpp:217]: Total time "balkan_forestry_transportation_softwoodpiles_02_mesh" in 3 ms
[09:01:30][pdx_3dtypes.cpp:217]: Total time "wonder_wallofchina_02_mesh" in 3 ms
[09:01:30][pdx_3dtypes.cpp:217]: Total time "horse_cart_ap1_01_mesh" in 3 ms
[09:01:30][pdx_3dtypes.cpp:217]: Total time "train_cargo_hardwood_02_mesh" in 3 ms
[09:01:30][pdx_3dtypes.cpp:217]: Total time "female_hair_indian_03_mesh" in 3 ms
[09:01:30][pdx_3dtypes.cpp:217]: Total time "male_outfit_arabic_royal_01_bs_old_mesh" in 3 ms
[09:01:30][pdx_3dtypes.cpp:217]: Total time "male_coat_historical_john_brown_01_bs_fat_mesh" in 3 ms
[09:01:30][pdx_3dtypes.cpp:217]: Total time "european_port_01_3s_0d_0f_mesh" in 3 ms
[09:01:30][pdx_3dtypes.cpp:217]: Total time "african_port_centerpiece_02_mesh" in 3 ms
[09:01:30][pdx_3dtypes.cpp:217]: Total time "male_shirt_greek_01_bs_fat_mesh" in 3 ms
[09:01:30][pdx_3dtypes.cpp:217]: Total time "european_port_01_1s_2d_0f_mesh" in 3 ms
[09:01:30][pdx_3dtypes.cpp:217]: Total time "generic_forestry_centerpiece_hardwoodpiles_02_mesh" in 3 ms
[09:01:30][pdx_3dtypes.cpp:217]: Total time "male_headgear_korean_agitator_01_mesh" in 3 ms
[09:01:30][pdx_3dtypes.cpp:217]: Total time "papermap_table_bottom_votp_mesh" in 3 ms
[09:01:30][pdx_3dtypes.cpp:217]: Total time "generic_manufactory_02_mesh" in 3 ms
[09:01:30][pdx_3dtypes.cpp:217]: Total time "papermap_cloth_ip2_mesh" in 3 ms
[09:01:30][pdx_3dtypes.cpp:217]: Total time "railroad_bridge_02_large_mesh" in 3 ms
[09:01:30][pdx_3dtypes.cpp:217]: Total time "papermap_extension_top_ip3_mesh" in 3 ms
[09:01:30][pdx_3dtypes.cpp:217]: Total time "japan_forestry_centerpiece_hardwoodpiles_01_mesh" in 3 ms
[09:01:30][pdx_3dtypes.cpp:217]: Total time "generic_forestry_transportation_softwoodpiles_02_mesh" in 3 ms
[09:01:30][pdx_3dtypes.cpp:217]: Total time "funnel_trunked_02_mesh" in 3 ms
[09:01:30][pdx_3dtypes.cpp:217]: Total time "balkan_forestry_transportation_hardwoodpiles_01_mesh" in 3 ms
[09:01:30][pdx_3dtypes.cpp:217]: Total time "female_coat_european_military_01_bs_fat_mesh" in 3 ms
[09:01:30][pdx_3dtypes.cpp:217]: Total time "frigate_broadside_02_mesh" in 3 ms
[09:01:30][pdx_3dtypes.cpp:217]: Total time "european_port_01_0s_2d_1f_mesh" in 3 ms
[09:01:30][pdx_3dtypes.cpp:217]: Total time "balkan_forestry_centerpiece_hardwoodpiles_01_mesh" in 3 ms
[09:01:30][pdx_3dtypes.cpp:217]: Total time "duck_01_frame_mesh" in 3 ms
[09:01:30][pdx_3dtypes.cpp:217]: Total time "balkan_forestry_loggingcamp_hardwoodpiles_02_mesh" in 3 ms
[09:01:30][pdx_3dtypes.cpp:217]: Total time "revolution_barricade_small_rural_folk_mesh" in 3 ms
[09:01:30][pdx_3dtypes.cpp:217]: Total time "railroad_bridge_01_medium_mesh" in 3 ms
[09:01:30][pdx_3dtypes.cpp:217]: Total time "funnel_trunked_01_mesh" in 3 ms
[09:01:30][pdx_3dtypes.cpp:217]: Total time "male_outfit_arabic_royal_01_bs_thin_mesh" in 3 ms
[09:01:30][pdx_3dtypes.cpp:217]: Total time "african_port_shipyard_01_mesh" in 3 ms
[09:01:30][pdx_3dtypes.cpp:217]: Total time "generic_rural_mining_coaldepo_01_mesh" in 3 ms
[09:01:30][pdx_3dtypes.cpp:217]: Total time "balkan_port_worldmarket_01_mesh" in 3 ms
[09:01:30][pdx_3dtypes.cpp:217]: Total time "male_beard_indian_02_mesh" in 3 ms
[09:01:30][pdx_3dtypes.cpp:217]: Total time "papermap_extension_top_ip2_mesh" in 3 ms
[09:01:30][pdx_3dtypes.cpp:217]: Total time "african_manufactory_02_mesh" in 3 ms
[09:01:30][pdx_3dtypes.cpp:217]: Total time "japan_forestry_transportation_softwoodpiles_03_mesh" in 3 ms
[09:01:30][pdx_3dtypes.cpp:217]: Total time "papermap_extension_top_ip4_mesh" in 3 ms
[09:01:30][pdx_3dtypes.cpp:217]: Total time "japan_city_skyscraper_01_mesh" in 3 ms
[09:01:30][pdx_3dtypes.cpp:217]: Total time "oak_tree_03_mesh" in 3 ms
[09:01:30][pdx_3dtypes.cpp:217]: Total time "male_mustache_european_06_mesh" in 3 ms
[09:01:30][pdx_3dtypes.cpp:217]: Total time "balkan_forestry_loggingcamp_mixwoodpiles_03_mesh" in 3 ms
[09:01:30][pdx_3dtypes.cpp:217]: Total time "male_belt_austrian_01_bs_thin_mesh" in 3 ms
[09:01:30][pdx_3dtypes.cpp:217]: Total time "male_mustache_indian_bhagat_singh_mesh" in 3 ms
[09:01:30][pdx_3dtypes.cpp:217]: Total time "male_coat_greek_01_bs_old_mesh" in 3 ms
[09:01:30][pdx_3dtypes.cpp:217]: Total time "military_props_test_mesh" in 3 ms
[09:01:30][pdx_3dtypes.cpp:217]: Total time "latin_forestry_scatter_02_mesh" in 3 ms
[09:01:30][pdx_3dtypes.cpp:217]: Total time "powerbloc_statue_attachment_shovel_mesh" in 3 ms
[09:01:30][pdx_3dtypes.cpp:217]: Total time "male_top_layer_greek_01_bs_gaunt_mesh" in 3 ms
[09:01:30][pdx_3dtypes.cpp:217]: Total time "male_coat_late_military_greatcoat_01_bs_gaunt_mesh" in 3 ms
[09:01:30][pdx_3dtypes.cpp:217]: Total time "male_headgear_military_helmet_japanese_type90_mesh" in 3 ms
[09:01:30][pdx_3dtypes.cpp:217]: Total time "papermap_table_top_ip4_mesh" in 3 ms
[09:01:30][pdx_3dtypes.cpp:217]: Total time "military_props_artillery_mobile_02_mesh" in 3 ms
[09:01:30][pdx_3dtypes.cpp:217]: Total time "japan_port_fishingwharf_01_mesh" in 3 ms
[09:01:30][pdx_3dtypes.cpp:217]: Total time "african_urban_city_residential_mid_03_mesh" in 3 ms
[09:01:30][pdx_3dtypes.cpp:217]: Total time "tree_savanna_004_mesh" in 3 ms
[09:01:30][pdx_3dtypes.cpp:217]: Total time "male_medals_prussian_01_04_mesh" in 3 ms
[09:01:30][pdx_3dtypes.cpp:217]: Total time "powerbloc_supportelement_hands_01_mesh" in 3 ms
[09:01:30][pdx_3dtypes.cpp:217]: Total time "wonder_wallofchinaend_01_mesh" in 3 ms
[09:01:30][pdx_3dtypes.cpp:217]: Total time "japan_forestry_centerpiece_softwoodpiles_01_mesh" in 3 ms
[09:01:30][pdx_3dtypes.cpp:217]: Total time "male_legwear_greek_01_bs_thin_mesh" in 3 ms
[09:01:30][pdx_3dtypes.cpp:217]: Total time "balkan_forestry_equipment_02_mesh" in 3 ms
[09:01:30][pdx_3dtypes.cpp:217]: Total time "japan_forestry_transportation_mixwoodpiles_02_mesh" in 3 ms
[09:01:30][pdx_3dtypes.cpp:217]: Total time "frigate_signalflags_01_mesh" in 3 ms
[09:01:30][pdx_3dtypes.cpp:217]: Total time "generic_forestry_equipment_01_mesh" in 3 ms
[09:01:30][pdx_3dtypes.cpp:217]: Total time "powerbloc_statue_hero_octopus_01_mesh" in 3 ms
[09:01:30][pdx_3dtypes.cpp:217]: Total time "african_manufactory_03_mesh" in 3 ms
[09:01:30][pdx_3dtypes.cpp:217]: Total time "japan_forestry_equipment_03_mesh" in 3 ms
[09:01:30][pdx_3dtypes.cpp:217]: Total time "funnel_large_03_mesh" in 3 ms
[09:01:30][pdx_3dtypes.cpp:217]: Total time "male_belt_greek_01_bs_old_mesh" in 3 ms
[09:01:30][pdx_3dtypes.cpp:217]: Total time "european_port_01_0s_1d_2f_mesh" in 3 ms
[09:01:30][pdx_3dtypes.cpp:217]: Total time "revolution_barricade_small_intelligentsia_mesh" in 3 ms
[09:01:30][pdx_3dtypes.cpp:217]: Total time "male_coat_historical_john_brown_01_bs_infant_mesh" in 3 ms
[09:01:30][pdx_3dtypes.cpp:217]: Total time "male_belt_aggressive_expansion_01_bs_old_mesh" in 3 ms
[09:01:30][pdx_3dtypes.cpp:217]: Total time "japan_forestry_loggingcamp_mixwoodpiles_02_mesh" in 3 ms
[09:01:30][pdx_3dtypes.cpp:217]: Total time "balkan_forestry_loggingcamp_01_mesh" in 3 ms
[09:01:30][pdx_3dtypes.cpp:217]: Total time "funnel_medium_03_mesh" in 3 ms
[09:01:30][pdx_3dtypes.cpp:217]: Total time "french_mining_quarry_02_mesh" in 3 ms
[09:01:30][pdx_3dtypes.cpp:217]: Total time "arabic_port_shipyard_01_mesh" in 3 ms
[09:01:30][pdx_3dtypes.cpp:217]: Total time "balkan_forestry_loggingcamp_mixwoodpiles_02_mesh" in 3 ms
[09:01:30][pdx_3dtypes.cpp:217]: Total time "male_mustache_milos_obrenovic_mesh" in 3 ms
[09:01:30][pdx_3dtypes.cpp:217]: Total time "male_hair_historical_milos_obrenovic_mesh" in 3 ms
[09:01:30][pdx_3dtypes.cpp:217]: Total time "japan_city_centerpiece_02_mesh" in 3 ms
[09:01:30][pdx_3dtypes.cpp:217]: Total time "asian_tools_manufactory_01_mesh" in 3 ms
[09:01:30][pdx_3dtypes.cpp:217]: Total time "figurehead_eagle_mesh" in 3 ms
[09:01:30][pdx_3dtypes.cpp:217]: Total time "male_headgear_late_military_cap_navy_regular_mesh" in 3 ms
[09:01:30][pdx_3dtypes.cpp:217]: Total time "male_beard_european_04_mesh" in 3 ms
[09:01:30][pdx_3dtypes.cpp:217]: Total time "tree_palm_02_mesh" in 3 ms
[09:01:30][pdx_3dtypes.cpp:217]: Total time "latin_manufactory_02_mesh" in 3 ms
[09:01:30][pdx_3dtypes.cpp:217]: Total time "figurehead_poseidon_mesh" in 3 ms
[09:01:30][pdx_3dtypes.cpp:217]: Total time "generic_forestry_centerpiece_mixwoodpiles_02_mesh" in 3 ms
[09:01:30][pdx_3dtypes.cpp:217]: Total time "male_coat_historical_john_brown_01_bs_old_mesh" in 3 ms
[09:01:30][pdx_3dtypes.cpp:217]: Total time "male_coat_european_military_01_mesh" in 3 ms
[09:01:30][pdx_3dtypes.cpp:217]: Total time "male_hair_historical_pedro_02_mesh" in 3 ms
[09:01:30][pdx_3dtypes.cpp:217]: Total time "male_medals_prussian_01_05_mesh" in 3 ms
[09:01:30][pdx_3dtypes.cpp:217]: Total time "asian_forestry_lumberdepo_02_mesh" in 3 ms
[09:01:30][pdx_3dtypes.cpp:217]: Total time "asian_forestry_lumberdepo_01_mesh" in 3 ms
[09:01:30][pdx_3dtypes.cpp:217]: Total time "african_forestry_loggingcamp_01_mesh" in 3 ms
[09:01:30][pdx_3dtypes.cpp:217]: Total time "trimsheet_testasset_mesh" in 3 ms
[09:01:30][pdx_3dtypes.cpp:217]: Total time "european_port_01_2s_0d_1f_mesh" in 3 ms
[09:01:30][pdx_3dtypes.cpp:217]: Total time "powerbloc_statue_attachment_flame_mesh" in 3 ms
[09:01:30][pdx_3dtypes.cpp:217]: Total time "african_furniture_manufactory_01_mesh" in 3 ms
[09:01:30][pdx_3dtypes.cpp:217]: Total time "male_mustache_european_15_mesh" in 3 ms
[09:01:30][pdx_3dtypes.cpp:217]: Total time "balkan_factory_warmachine_01_mesh" in 3 ms
[09:01:30][pdx_3dtypes.cpp:217]: Total time "monitor_base_mesh" in 3 ms
[09:01:30][pdx_3dtypes.cpp:217]: Total time "tree_bush_05_mesh" in 3 ms
[09:01:30][pdx_3dtypes.cpp:217]: Total time "colonial_manufactory_02_mesh" in 3 ms
[09:01:30][pdx_3dtypes.cpp:217]: Total time "asian_urban_port_dockyard_01_mesh" in 3 ms
[09:01:30][pdx_3dtypes.cpp:217]: Total time "male_hair_historical_von_metternich_mesh" in 3 ms
[09:01:30][pdx_3dtypes.cpp:217]: Total time "european_port_01_1s_0d_1f_mesh" in 3 ms
[09:01:30][pdx_3dtypes.cpp:217]: Total time "revolution_barricade_small_trade_unions_mesh" in 3 ms
[09:01:30][pdx_3dtypes.cpp:217]: Total time "male_beard_provo_wallis_mesh" in 3 ms
[09:01:30][pdx_3dtypes.cpp:217]: Total time "balkan_port_fishingwharf_03_mesh" in 3 ms
[09:01:30][pdx_3dtypes.cpp:217]: Total time "male_belt_aggressive_expansion_01_bs_gaunt_mesh" in 3 ms
[09:01:30][pdx_3dtypes.cpp:217]: Total time "male_sash_european_02_bs_fat_mesh" in 3 ms
[09:01:30][pdx_3dtypes.cpp:217]: Total time "male_legwear_greek_01_bs_thick_mesh" in 3 ms
[09:01:30][pdx_3dtypes.cpp:217]: Total time "balkan_forestry_trees_03_mesh" in 3 ms
[09:01:30][pdx_3dtypes.cpp:217]: Total time "generic_forestry_loggingcabin_01_mesh" in 3 ms
[09:01:30][pdx_3dtypes.cpp:217]: Total time "asian_farm_farmstead_01_mesh" in 3 ms
[09:01:30][pdx_3dtypes.cpp:217]: Total time "male_coat_european_11_short_mesh" in 3 ms
[09:01:30][pdx_3dtypes.cpp:217]: Total time "revolution_barricade_large_mesh" in 3 ms
[09:01:30][pdx_3dtypes.cpp:217]: Total time "japan_forestry_loggingcabin_03_mesh" in 3 ms
[09:01:30][pdx_3dtypes.cpp:217]: Total time "balkan_factory_tools_01_mesh" in 3 ms
[09:01:30][pdx_3dtypes.cpp:217]: Total time "generic_mining_quarry_01_mesh" in 3 ms
[09:01:30][pdx_3dtypes.cpp:217]: Total time "japan_forestry_loggingcabin_01_mesh" in 3 ms
[09:01:30][pdx_3dtypes.cpp:217]: Total time "furniture_manufactory_01_mesh" in 3 ms
[09:01:30][pdx_3dtypes.cpp:217]: Total time "revolution_barricade_mid_landowners_mesh" in 3 ms
[09:01:30][pdx_3dtypes.cpp:217]: Total time "tree_bush_06_mesh" in 3 ms
[09:01:30][pdx_3dtypes.cpp:217]: Total time "japan_forestry_loggingcamp_03_mesh" in 3 ms
[09:01:30][pdx_3dtypes.cpp:217]: Total time "funnel_medium_02_mesh" in 3 ms
[09:01:30][pdx_3dtypes.cpp:217]: Total time "japan_forestry_centerpiece_hardwoodpiles_02_mesh" in 3 ms
[09:01:30][pdx_3dtypes.cpp:217]: Total time "european_rural_building_rich_01_mesh" in 3 ms
[09:01:30][pdx_3dtypes.cpp:217]: Total time "japan_forestry_centerpiece_softwoodpiles_02_mesh" in 3 ms
[09:01:30][pdx_3dtypes.cpp:217]: Total time "male_top_layer_religious_cape_mesh" in 3 ms
[09:01:30][pdx_3dtypes.cpp:217]: Total time "male_mustache_asian_02_mesh" in 3 ms
[09:01:30][pdx_3dtypes.cpp:217]: Total time "male_coat_ceo_02_bs_thin_mesh" in 3 ms
[09:01:30][pdx_3dtypes.cpp:217]: Total time "train_cargo_iron_01_mesh" in 3 ms
[09:01:30][pdx_3dtypes.cpp:217]: Total time "generic_forestry_centerpiece_mixwoodpiles_01_mesh" in 3 ms
[09:01:30][pdx_3dtypes.cpp:217]: Total time "arabic_factory_tools_01_mesh" in 3 ms
[09:01:30][pdx_3dtypes.cpp:217]: Total time "male_headgear_late_military_cap_japanese_soldier_straps_flaps_mesh" in 3 ms
[09:01:30][pdx_3dtypes.cpp:217]: Total time "rockformation_06_mesh" in 3 ms
[09:01:30][pdx_3dtypes.cpp:217]: Total time "male_hair_african_01_mesh" in 3 ms
[09:01:30][pdx_3dtypes.cpp:217]: Total time "male_top_layer_greek_01_bs_thin_mesh" in 3 ms
[09:01:30][pdx_3dtypes.cpp:217]: Total time "male_headgear_late_military_cap_japanese_soldier_late_straps_mesh" in 3 ms
[09:01:30][pdx_3dtypes.cpp:217]: Total time "balkan_forestry_transportation_softwoodpiles_01_mesh" in 3 ms
[09:01:30][pdx_3dtypes.cpp:217]: Total time "shipoftheline_gunbattery_medium_l_mesh" in 3 ms
[09:01:30][pdx_3dtypes.cpp:217]: Total time "japan_forestry_centerpiece_mixwoodpiles_03_mesh" in 3 ms
[09:01:30][pdx_3dtypes.cpp:217]: Total time "african_urban_city_residential_rich_02_mesh" in 3 ms
[09:01:30][pdx_3dtypes.cpp:217]: Total time "male_headgear_south_american_gaucho_01_mesh" in 3 ms
[09:01:30][pdx_3dtypes.cpp:217]: Total time "japan_port_centerpiece_01_mesh" in 3 ms
[09:01:30][pdx_3dtypes.cpp:217]: Total time "european_port_01_0s_3d_0f_mesh" in 3 ms
[09:01:30][pdx_3dtypes.cpp:217]: Total time "male_hair_european_07_mesh" in 3 ms
[09:01:30][pdx_3dtypes.cpp:217]: Total time "latin_tools_manufactory_01_mesh" in 3 ms
[09:01:30][pdx_3dtypes.cpp:217]: Total time "wind_trail_03_mesh" in 3 ms
[09:01:30][pdx_3dtypes.cpp:217]: Total time "train_cargo_log_04_mesh" in 3 ms
[09:01:30][pdx_3dtypes.cpp:217]: Total time "male_hair_european_10_cap1_mesh" in 3 ms
[09:01:30][pdx_3dtypes.cpp:217]: Total time "male_outfit_arabic_royal_01_bs_infant_mesh" in 3 ms
[09:01:30][pdx_3dtypes.cpp:217]: Total time "generic_forestry_transportation_mixwoodpiles_03_mesh" in 2 ms
[09:01:30][pdx_3dtypes.cpp:217]: Total time "male_outfit_greek_fustanella_01_bs_old_mesh" in 2 ms
[09:01:30][pdx_3dtypes.cpp:217]: Total time "gun_bigturret_twin_01_mesh" in 2 ms
[09:01:30][pdx_3dtypes.cpp:217]: Total time "male_outfit_greek_fustanella_01_bs_thin_mesh" in 2 ms
[09:01:30][pdx_3dtypes.cpp:217]: Total time "ironfrigate_broadside_03_mesh" in 2 ms
[09:01:30][pdx_3dtypes.cpp:217]: Total time "generic_forestry_centerpiece_hardwoodpiles_03_mesh" in 2 ms
[09:01:30][pdx_3dtypes.cpp:217]: Total time "balkan_forestry_transportation_hardwoodpiles_02_mesh" in 2 ms
[09:01:30][pdx_3dtypes.cpp:217]: Total time "tree_savanna_003_mesh" in 2 ms
[09:01:30][pdx_3dtypes.cpp:217]: Total time "male_medals_generic_01_ip4_01_mesh" in 2 ms
[09:01:30][pdx_3dtypes.cpp:217]: Total time "male_medals_generic_01_ip4_06_mesh" in 2 ms
[09:01:30][pdx_3dtypes.cpp:217]: Total time "generic_forestry_transportation_softwoodpiles_01_mesh" in 2 ms
[09:01:30][pdx_3dtypes.cpp:217]: Total time "male_coat_late_military_greatcoat_01_bs_thin_mesh" in 2 ms
[09:01:30][pdx_3dtypes.cpp:217]: Total time "wonder_wallofchinaend_02_mesh" in 2 ms
[09:01:30][pdx_3dtypes.cpp:217]: Total time "balkan_forestry_loggingcamp_03_mesh" in 2 ms
[09:01:30][pdx_3dtypes.cpp:217]: Total time "japan_trimsheet_testasset_mesh" in 2 ms
[09:01:30][pdx_3dtypes.cpp:217]: Total time "arabic_forestry_scatter_02_mesh" in 2 ms
[09:01:30][pdx_3dtypes.cpp:217]: Total time "generic_forestry_transportation_hardwoodpiles_02_mesh" in 2 ms
[09:01:30][pdx_3dtypes.cpp:217]: Total time "european_port_01_1s_0d_0f_mesh" in 2 ms
[09:01:30][pdx_3dtypes.cpp:217]: Total time "generic_forestry_transportation_hardwoodpiles_01_mesh" in 2 ms
[09:01:30][pdx_3dtypes.cpp:217]: Total time "shipoftheline_signalflags_01_mesh" in 2 ms
[09:01:30][pdx_3dtypes.cpp:217]: Total time "male_top_layers_indian_scarf_01_bs_old_mesh" in 2 ms
[09:01:30][pdx_3dtypes.cpp:217]: Total time "japan_forestry_loggingcamp_01_mesh" in 2 ms
[09:01:30][pdx_3dtypes.cpp:217]: Total time "twin_heavy_turret_02_mesh" in 2 ms
[09:01:30][pdx_3dtypes.cpp:217]: Total time "latin_colonial_manufactory_01_mesh" in 2 ms
[09:01:30][pdx_3dtypes.cpp:217]: Total time "japan_forestry_centerpiece_softwoodpiles_03_mesh" in 2 ms
[09:01:30][pdx_3dtypes.cpp:217]: Total time "male_coat_ceo_02_bs_fat_mesh" in 2 ms
[09:01:30][pdx_3dtypes.cpp:217]: Total time "male_legwear_greek_01_bs_fat_mesh" in 2 ms
[09:01:30][pdx_3dtypes.cpp:217]: Total time "male_headgear_indian_radhakanta_deb_mesh" in 2 ms
[09:01:30][pdx_3dtypes.cpp:217]: Total time "military_arms_chauchat_mesh" in 2 ms
[09:01:30][pdx_3dtypes.cpp:217]: Total time "generic_factory_tools_01_mesh" in 2 ms
[09:01:30][pdx_3dtypes.cpp:217]: Total time "japan_forestry_loggingcamp_softwoodpiles_03_mesh" in 2 ms
[09:01:30][pdx_3dtypes.cpp:217]: Total time "military_arms_brownbess_bayonet_mesh" in 2 ms
[09:01:30][pdx_3dtypes.cpp:217]: Total time "torpedoboatdestroyer_signalflags_01_mesh" in 2 ms
[09:01:30][pdx_3dtypes.cpp:217]: Total time "male_medals_generic_01_02_mesh" in 2 ms
[09:01:30][pdx_3dtypes.cpp:217]: Total time "male_top_layer_greek_01_bs_fat_mesh" in 2 ms
[09:01:30][pdx_3dtypes.cpp:217]: Total time "male_hair_historical_marx_mesh" in 2 ms
[09:01:30][pdx_3dtypes.cpp:217]: Total time "male_coat_late_military_greatcoat_01_bs_thick_mesh" in 2 ms
[09:01:30][pdx_3dtypes.cpp:217]: Total time "monitor_gun_empty_mesh" in 2 ms
[09:01:30][pdx_3dtypes.cpp:217]: Total time "female_hair_european_01_bonnet_mesh" in 2 ms
[09:01:30][pdx_3dtypes.cpp:217]: Total time "torpedoboat_armour_medium_mesh" in 2 ms
[09:01:30][pdx_3dtypes.cpp:217]: Total time "asian_glassworks_manufactory_01_mesh" in 2 ms
[09:01:30][pdx_3dtypes.cpp:217]: Total time "powerbloc_supportelement_laurusbranch_01_mesh" in 2 ms
[09:01:30][pdx_3dtypes.cpp:217]: Total time "male_top_layer_south_american_gaucho_01_bs_fat_mesh" in 2 ms
[09:01:30][pdx_3dtypes.cpp:217]: Total time "aircraftcarrier_signalflags_01_mesh" in 2 ms
[09:01:30][pdx_3dtypes.cpp:217]: Total time "balkan_forestry_loggingcabin_03_mesh" in 2 ms
[09:01:30][pdx_3dtypes.cpp:217]: Total time "military_diorama_decal_1x1_mesh" in 2 ms
[09:01:30][pdx_3dtypes.cpp:217]: Total time "generic_forestry_loggingcamp_03_mesh" in 2 ms
[09:01:30][pdx_3dtypes.cpp:217]: Total time "generic_forestry_loggingcamp_hardwoodpiles_02_mesh" in 2 ms
[09:01:30][pdx_3dtypes.cpp:217]: Total time "train_cargo_hardwood_04_mesh" in 2 ms
[09:01:30][pdx_3dtypes.cpp:217]: Total time "gun_torpedotube_single_01_mesh" in 2 ms
[09:01:30][pdx_3dtypes.cpp:217]: Total time "male_coat_greek_01_bs_thin_mesh" in 2 ms
[09:01:30][pdx_3dtypes.cpp:217]: Total time "male_coat_winter_early_greatcoat_mesh" in 2 ms
[09:01:30][pdx_3dtypes.cpp:217]: Total time "revolution_barricade_small_devout_mesh" in 2 ms
[09:01:30][pdx_3dtypes.cpp:217]: Total time "latin_furniture_manufactory_01_mesh" in 2 ms
[09:01:30][pdx_3dtypes.cpp:217]: Total time "vfx_ui_plane_war_panel_fire_plane_mesh" in 2 ms
[09:01:30][pdx_3dtypes.cpp:217]: Total time "cliff_canyon_13_mesh" in 2 ms
[09:01:30][pdx_3dtypes.cpp:217]: Total time "male_beard_alexander_iii_mesh" in 2 ms
[09:01:30][pdx_3dtypes.cpp:217]: Total time "male_outfit_arabic_royal_01_bs_thick_mesh" in 2 ms
[09:01:30][pdx_3dtypes.cpp:217]: Total time "earlyironclad_gunbattery_medium_r_mesh" in 2 ms
[09:01:30][pdx_3dtypes.cpp:217]: Total time "gun_smallcasemate_case_01_mesh" in 2 ms
[09:01:30][pdx_3dtypes.cpp:217]: Total time "male_mustache_victor_emmanuel_mesh" in 2 ms
[09:01:30][pdx_3dtypes.cpp:217]: Total time "female_necklace_indian_02_bs_old_mesh" in 2 ms
[09:01:30][pdx_3dtypes.cpp:217]: Total time "male_coat_late_military_greatcoat_01_bs_old_mesh" in 2 ms
[09:01:30][pdx_3dtypes.cpp:217]: Total time "male_coat_historical_john_brown_01_bs_thin_mesh" in 2 ms
[09:01:30][pdx_3dtypes.cpp:217]: Total time "balkan_forestry_centerpiece_hardwoodpiles_02_mesh" in 2 ms
[09:01:30][pdx_3dtypes.cpp:217]: Total time "shipoftheline_gunbattery_medium_r_mesh" in 2 ms
[09:01:30][pdx_3dtypes.cpp:217]: Total time "gun_smallturret_single_01_mesh" in 2 ms
[09:01:30][pdx_3dtypes.cpp:217]: Total time "tree_fir_002_mesh" in 2 ms
[09:01:30][pdx_3dtypes.cpp:217]: Total time "generic_forestry_loggingcamp_softwoodpiles_03_mesh" in 2 ms
[09:01:30][pdx_3dtypes.cpp:217]: Total time "male_hair_european_12_mesh" in 2 ms
[09:01:30][pdx_3dtypes.cpp:217]: Total time "generic_forestry_centerpiece_mixwoodpiles_03_mesh" in 2 ms
[09:01:30][pdx_3dtypes.cpp:217]: Total time "gun_deckmounted_01_mesh" in 2 ms
[09:01:30][pdx_3dtypes.cpp:217]: Total time "balkan_forestry_loggingcamp_hardwoodpiles_01_mesh" in 2 ms
[09:01:30][pdx_3dtypes.cpp:217]: Total time "male_headgear_colonial_helmet_02_mesh" in 2 ms
[09:01:30][pdx_3dtypes.cpp:217]: Total time "train_cargo_sulfur_01_mesh" in 2 ms
[09:01:30][pdx_3dtypes.cpp:217]: Total time "male_shirt_greek_01_bs_gaunt_mesh" in 2 ms
[09:01:30][pdx_3dtypes.cpp:217]: Total time "tree_rainforest_002_mesh" in 2 ms
[09:01:30][pdx_3dtypes.cpp:217]: Total time "funnel_small_01_mesh" in 2 ms
[09:01:30][pdx_3dtypes.cpp:217]: Total time "modernironcald_armour_medium_mesh" in 2 ms
[09:01:30][pdx_3dtypes.cpp:217]: Total time "male_sash_european_civilian_03_bs_gaunt_mesh" in 2 ms
[09:01:30][pdx_3dtypes.cpp:217]: Total time "japan_forestry_transportation_softwoodpiles_02_mesh" in 2 ms
[09:01:30][pdx_3dtypes.cpp:217]: Total time "powerbloc_statue_attachment_pitchfork_mesh" in 2 ms
[09:01:30][pdx_3dtypes.cpp:217]: Total time "japan_forestry_centerpiece_mixwoodpiles_01_mesh" in 2 ms
[09:01:30][pdx_3dtypes.cpp:217]: Total time "tree_cypress_001_mesh" in 2 ms
[09:01:30][pdx_3dtypes.cpp:217]: Total time "female_necklace_indian_02_bs_bustsizemax_mesh" in 2 ms
[09:01:30][pdx_3dtypes.cpp:217]: Total time "balkan_forestry_loggingcamp_softwoodpiles_02_mesh" in 2 ms
[09:01:30][pdx_3dtypes.cpp:217]: Total time "funnel_tiny_03_mesh" in 2 ms
[09:01:30][pdx_3dtypes.cpp:217]: Total time "male_beard_european_11_mesh" in 2 ms
[09:01:30][pdx_3dtypes.cpp:217]: Total time "arabic_port_centerpiece_01_mesh" in 2 ms
[09:01:30][pdx_3dtypes.cpp:217]: Total time "torpedoboatdestroyer_armour_medium_mesh" in 2 ms
[09:01:30][pdx_3dtypes.cpp:217]: Total time "male_coat_ceo_02_bs_gaunt_mesh" in 2 ms
[09:01:30][pdx_3dtypes.cpp:217]: Total time "billboard_placeholder_mesh" in 2 ms
[09:01:30][pdx_3dtypes.cpp:217]: Total time "arabic_factory_colonial_03_mesh" in 2 ms
[09:01:30][pdx_3dtypes.cpp:217]: Total time "asian_mining_processing_01_mesh" in 2 ms
[09:01:30][pdx_3dtypes.cpp:217]: Total time "powerbloc_statue_attachment_sword_mesh" in 2 ms
[09:01:30][pdx_3dtypes.cpp:217]: Total time "male_outfit_greek_fustanella_01_bs_gaunt_mesh" in 2 ms
[09:01:30][pdx_3dtypes.cpp:217]: Total time "generic_rural_mining_processing_01_mesh" in 2 ms
[09:01:30][pdx_3dtypes.cpp:217]: Total time "japan_forestry_loggingcamp_hardwoodpiles_01_mesh" in 2 ms
[09:01:30][pdx_3dtypes.cpp:217]: Total time "papermap_table_top_ep2_mesh" in 2 ms
[09:01:30][pdx_3dtypes.cpp:217]: Total time "japan_forestry_loggingcamp_hardwoodpiles_03_mesh" in 2 ms
[09:01:30][pdx_3dtypes.cpp:217]: Total time "earlyironclad_signalflags_01_mesh" in 2 ms
[09:01:30][pdx_3dtypes.cpp:217]: Total time "shipoftheline_armour_medium_mesh" in 2 ms
[09:01:30][pdx_3dtypes.cpp:217]: Total time "monitor_gun_twin_mesh" in 2 ms
[09:01:30][pdx_3dtypes.cpp:217]: Total time "japan_forestry_loggingcabin_02_mesh" in 2 ms
[09:01:30][pdx_3dtypes.cpp:217]: Total time "balkan_forestry_loggingcamp_02_mesh" in 2 ms
[09:01:30][pdx_3dtypes.cpp:217]: Total time "latin_mining_processing_01_mesh" in 2 ms
[09:01:30][pdx_3dtypes.cpp:217]: Total time "gun_smallturret_twin_02_mesh" in 2 ms
[09:01:30][pdx_3dtypes.cpp:217]: Total time "gun_bigturret_twintower_01_mesh" in 2 ms
[09:01:30][pdx_3dtypes.cpp:217]: Total time "powerbloc_supportelement_halo_01_mesh" in 2 ms
[09:01:30][pdx_3dtypes.cpp:217]: Total time "japan_forestry_transportation_hardwoodpiles_02_mesh" in 2 ms
[09:01:30][pdx_3dtypes.cpp:217]: Total time "powerbloc_statue_attachment_shield_mesh" in 2 ms
[09:01:30][pdx_3dtypes.cpp:217]: Total time "european_rural_building_poor_01_mesh" in 2 ms
[09:01:30][pdx_3dtypes.cpp:217]: Total time "tools_manufactory_01_mesh" in 2 ms
[09:01:30][pdx_3dtypes.cpp:217]: Total time "funnel_medium_none_01_mesh" in 2 ms
[09:01:30][pdx_3dtypes.cpp:217]: Total time "funnel_small_03_mesh" in 2 ms
[09:01:30][pdx_3dtypes.cpp:217]: Total time "male_glasses_round_mesh" in 2 ms
[09:01:30][pdx_3dtypes.cpp:217]: Total time "male_hair_european_08_pope_cap1_mesh" in 2 ms
[09:01:30][pdx_3dtypes.cpp:217]: Total time "generic_forestry_transportation_mixwoodpiles_02_mesh" in 2 ms
[09:01:30][pdx_3dtypes.cpp:217]: Total time "gun_bigturret_tripple_01_mesh" in 2 ms
[09:01:30][pdx_3dtypes.cpp:217]: Total time "dlc_coin_ap1_mesh" in 2 ms
[09:01:30][pdx_3dtypes.cpp:217]: Total time "earlyironclad_gunbattery_light_r_mesh" in 2 ms
[09:01:30][pdx_3dtypes.cpp:217]: Total time "oak_tree_01_mesh" in 2 ms
[09:01:30][pdx_3dtypes.cpp:217]: Total time "african_port_fishingwharf_01_mesh" in 2 ms
[09:01:30][pdx_3dtypes.cpp:217]: Total time "asian_forestry_camp_02_mesh" in 2 ms
[09:01:30][pdx_3dtypes.cpp:217]: Total time "balkan_forestry_transportation_hardwoodpiles_03_mesh" in 2 ms
[09:01:30][pdx_3dtypes.cpp:217]: Total time "iceberg_02_mesh" in 2 ms
[09:01:30][pdx_3dtypes.cpp:217]: Total time "male_headgear_sailor_cap_mesh" in 2 ms
[09:01:30][pdx_3dtypes.cpp:217]: Total time "male_top_layer_south_american_gaucho_01_bs_gaunt_mesh" in 2 ms
[09:01:30][pdx_3dtypes.cpp:217]: Total time "male_mustache_george_i_of_greece_mesh" in 2 ms
[09:01:30][pdx_3dtypes.cpp:217]: Total time "japan_forestry_equipment_01_mesh" in 2 ms
[09:01:30][pdx_3dtypes.cpp:217]: Total time "earlyironclad_gunbattery_heavy_l_mesh" in 2 ms
[09:01:30][pdx_3dtypes.cpp:217]: Total time "female_hair_arabic_01_mesh" in 2 ms
[09:01:30][pdx_3dtypes.cpp:217]: Total time "cliff_canyon_12_mesh" in 2 ms
[09:01:30][pdx_3dtypes.cpp:217]: Total time "cliff_canyon_11_mesh" in 2 ms
[09:01:30][pdx_3dtypes.cpp:217]: Total time "rockformation_sandstone_03_mesh" in 2 ms
[09:01:30][pdx_3dtypes.cpp:217]: Total time "male_coat_european_military_02_open_collar_mesh" in 2 ms
[09:01:30][pdx_3dtypes.cpp:217]: Total time "male_eyes_mesh" in 2 ms
[09:01:30][pdx_3dtypes.cpp:217]: Total time "generic_forestry_transportation_mixwoodpiles_01_mesh" in 2 ms
[09:01:30][pdx_3dtypes.cpp:217]: Total time "balkan_forestry_transportation_mixwoodpiles_03_mesh" in 2 ms
[09:01:30][pdx_3dtypes.cpp:217]: Total time "asian_port_centerpiece_02_mesh" in 2 ms
[09:01:30][pdx_3dtypes.cpp:217]: Total time "latin_manufactory_03_mesh" in 2 ms
[09:01:30][pdx_3dtypes.cpp:217]: Total time "generic_rural_mining_entrance_01_mesh" in 2 ms
[09:01:30][pdx_3dtypes.cpp:217]: Total time "military_arms_sword_mesh" in 2 ms
[09:01:30][pdx_3dtypes.cpp:217]: Total time "male_hair_european_04_mesh" in 2 ms
[09:01:30][pdx_3dtypes.cpp:217]: Total time "balkan_forestry_transportation_mixwoodpiles_01_mesh" in 2 ms
[09:01:30][pdx_3dtypes.cpp:217]: Total time "powerbloc_supportelement_sextant_01_mesh" in 2 ms
[09:01:30][pdx_3dtypes.cpp:217]: Total time "rockformation_09_mesh" in 2 ms
[09:01:30][pdx_3dtypes.cpp:217]: Total time "train_cargo_steel_02_mesh" in 2 ms
[09:01:30][pdx_3dtypes.cpp:217]: Total time "male_mustache_sandor_petofi_mesh" in 2 ms
[09:01:30][pdx_3dtypes.cpp:217]: Total time "male_beard_gyula_andrassy_mesh" in 2 ms
[09:01:30][pdx_3dtypes.cpp:217]: Total time "female_hair_arabic_01_headgear_mesh" in 2 ms
[09:01:30][pdx_3dtypes.cpp:217]: Total time "male_coat_greek_01_bs_gaunt_mesh" in 2 ms
[09:01:30][pdx_3dtypes.cpp:217]: Total time "powerbloc_supportelement_royalcape_01_mesh" in 2 ms
[09:01:30][pdx_3dtypes.cpp:217]: Total time "mininghub_centerpiece_sandstone_01_mesh" in 2 ms
[09:01:30][pdx_3dtypes.cpp:217]: Total time "american_mining_oilrig_01_mesh" in 2 ms
[09:01:30][pdx_3dtypes.cpp:217]: Total time "male_hair_sador_petofi_mesh" in 2 ms
[09:01:30][pdx_3dtypes.cpp:217]: Total time "male_shirt_greek_01_bs_thin_mesh" in 2 ms
[09:01:30][pdx_3dtypes.cpp:217]: Total time "train_locomotive_cramptontender_01_mesh" in 2 ms
[09:01:30][pdx_3dtypes.cpp:217]: Total time "revolution_barricade_mid_mesh" in 2 ms
[09:01:30][pdx_3dtypes.cpp:217]: Total time "papermap_table_top_mesh" in 2 ms
[09:01:30][pdx_3dtypes.cpp:217]: Total time "generic_manufactory_03_mesh" in 2 ms
[09:01:30][pdx_3dtypes.cpp:217]: Total time "prop_glasses_mesh" in 2 ms
[09:01:30][pdx_3dtypes.cpp:217]: Total time "male_medals_generic_01_01_mesh" in 2 ms
[09:01:30][pdx_3dtypes.cpp:217]: Total time "male_legwear_circumpolar_01_mesh" in 2 ms
[09:01:30][pdx_3dtypes.cpp:217]: Total time "vulture_01_frame_mesh" in 2 ms
[09:01:30][pdx_3dtypes.cpp:217]: Total time "japan_forestry_loggingcamp_hardwoodpiles_02_mesh" in 2 ms
[09:01:30][pdx_3dtypes.cpp:217]: Total time "japan_forestry_centerpiece_hardwoodpiles_03_mesh" in 2 ms
[09:01:30][pdx_3dtypes.cpp:217]: Total time "male_headgear_arabic_landowners_01_mesh" in 2 ms
[09:01:30][pdx_3dtypes.cpp:217]: Total time "gun_bigturret_single_01_mesh" in 2 ms
[09:01:30][pdx_3dtypes.cpp:217]: Total time "male_headgear_military_helmet_japanese_m1922_mesh" in 2 ms
[09:01:30][pdx_3dtypes.cpp:217]: Total time "generic_forestry_loggingcamp_softwoodpiles_02_mesh" in 2 ms
[09:01:30][pdx_3dtypes.cpp:217]: Total time "european_port_01_0s_1d_0f_mesh" in 2 ms
[09:01:30][pdx_3dtypes.cpp:217]: Total time "generic_forestry_loggingcamp_hardwoodpiles_01_mesh" in 2 ms
[09:01:30][pdx_3dtypes.cpp:217]: Total time "train_cargo_hardwood_01_mesh" in 2 ms
[09:01:30][pdx_3dtypes.cpp:217]: Total time "female_outfit_chinese_agitator_01_mesh" in 2 ms
[09:01:30][pdx_3dtypes.cpp:217]: Total time "tree_baobab_01_mesh" in 2 ms
[09:01:30][pdx_3dtypes.cpp:217]: Total time "balkan_forestry_centerpiece_mixwoodpiles_01_mesh" in 2 ms
[09:01:30][pdx_3dtypes.cpp:217]: Total time "generic_forestry_centerpiece_softwoodpiles_02_mesh" in 2 ms
[09:01:30][pdx_3dtypes.cpp:217]: Total time "male_belts_sash_power_bloc_04_mesh" in 2 ms
[09:01:30][pdx_3dtypes.cpp:217]: Total time "military_props_artillery_cannon_01_mesh" in 2 ms
[09:01:30][pdx_3dtypes.cpp:217]: Total time "generic_forestry_centerpiece_softwoodpiles_03_mesh" in 2 ms
[09:01:30][pdx_3dtypes.cpp:217]: Total time "powerbloc_supportelement_wings_01_mesh" in 2 ms
[09:01:30][pdx_3dtypes.cpp:217]: Total time "male_prop_pipe1_01_mesh" in 2 ms
[09:01:30][pdx_3dtypes.cpp:217]: Total time "generic_forestry_transportation_softwoodpiles_03_mesh" in 2 ms
[09:01:30][pdx_3dtypes.cpp:217]: Total time "european_rural_building_mid_03_mesh" in 2 ms
[09:01:30][pdx_3dtypes.cpp:217]: Total time "male_beard_historical_pedro_02_mesh" in 2 ms
[09:01:30][pdx_3dtypes.cpp:217]: Total time "gun_torpedotube_single_03_mesh" in 2 ms
[09:01:30][pdx_3dtypes.cpp:217]: Total time "male_legwear_greek_01_bs_old_mesh" in 2 ms
[09:01:30][pdx_3dtypes.cpp:217]: Total time "generic_rural_mining_coaldepo_sandstone_01_mesh" in 2 ms
[09:01:30][pdx_3dtypes.cpp:217]: Total time "male_shirt_greek_01_bs_thick_mesh" in 2 ms
[09:01:30][pdx_3dtypes.cpp:217]: Total time "japan_forestry_loggingcamp_mixwoodpiles_01_mesh" in 2 ms
[09:01:30][pdx_3dtypes.cpp:217]: Total time "papermap_object_divider_mesh" in 2 ms
[09:01:30][pdx_3dtypes.cpp:217]: Total time "male_medals_generic_01_04_mesh" in 2 ms
[09:01:30][pdx_3dtypes.cpp:217]: Total time "male_coat_greek_01_bs_thick_mesh" in 2 ms
[09:01:30][pdx_3dtypes.cpp:217]: Total time "male_prop_cigar_01_mesh" in 2 ms
[09:01:30][pdx_3dtypes.cpp:217]: Total time "male_hair_historical_provo_wallis_mesh" in 2 ms
[09:01:30][pdx_3dtypes.cpp:217]: Total time "tree_palm_03_mesh" in 2 ms
[09:01:30][pdx_3dtypes.cpp:217]: Total time "powerbloc_statue_attachment_eagle_mesh" in 2 ms
[09:01:30][pdx_3dtypes.cpp:217]: Total time "balkan_forestry_loggingcamp_softwoodpiles_01_mesh" in 2 ms
[09:01:30][pdx_3dtypes.cpp:217]: Total time "female_hair_portuguese_01_mesh" in 2 ms
[09:01:30][pdx_3dtypes.cpp:217]: Total time "male_sash_chinese_agitator_01_mesh" in 2 ms
[09:01:30][pdx_3dtypes.cpp:217]: Total time "oak_tree_04_mesh" in 2 ms
[09:01:30][pdx_3dtypes.cpp:217]: Total time "asian_urban_port_shipyard_01_mesh" in 2 ms
[09:01:30][pdx_3dtypes.cpp:217]: Total time "male_medals_generic_01_ip4_05_mesh" in 2 ms
[09:01:30][pdx_3dtypes.cpp:217]: Total time "funnel_large_02_mesh" in 2 ms
[09:01:30][pdx_3dtypes.cpp:217]: Total time "gun_sidecannon_small_01_mesh" in 2 ms
[09:01:30][pdx_3dtypes.cpp:217]: Total time "cliff_canyon_07_mesh" in 2 ms
[09:01:30][pdx_3dtypes.cpp:217]: Total time "seaplanetender_armour_medium_mesh" in 2 ms
[09:01:30][pdx_3dtypes.cpp:217]: Total time "powerbloc_statue_hero_skull_mesh" in 2 ms
[09:01:30][pdx_3dtypes.cpp:217]: Total time "european_province_farm_02_mesh" in 2 ms
[09:01:30][pdx_3dtypes.cpp:217]: Total time "male_shirt_greek_01_bs_old_mesh" in 2 ms
[09:01:30][pdx_3dtypes.cpp:217]: Total time "male_belt_austrian_01_bs_old_mesh" in 2 ms
[09:01:30][pdx_3dtypes.cpp:217]: Total time "male_coat_european_military_02_soldier_mesh" in 2 ms
[09:01:30][pdx_3dtypes.cpp:217]: Total time "male_beard_rudolf_prince_of_austria_mesh" in 2 ms
[09:01:30][pdx_3dtypes.cpp:217]: Total time "male_belt_austrian_01_bs_thick_mesh" in 2 ms
[09:01:30][pdx_3dtypes.cpp:217]: Total time "male_hair_alexander_karadordevic_mesh" in 2 ms
[09:01:30][pdx_3dtypes.cpp:217]: Total time "wonder_wallofchina_03_mesh" in 2 ms
[09:01:30][pdx_3dtypes.cpp:217]: Total time "male_beard_friedrich_engels_mesh" in 2 ms
[09:01:30][pdx_3dtypes.cpp:217]: Total time "male_top_layers_indian_scarf_01_bs_gaunt_mesh" in 2 ms
[09:01:30][pdx_3dtypes.cpp:217]: Total time "generic_forestry_loggingcamp_hardwoodpiles_03_mesh" in 2 ms
[09:01:30][pdx_3dtypes.cpp:217]: Total time "female_hair_indian_01_mesh" in 2 ms
[09:01:30][pdx_3dtypes.cpp:217]: Total time "tree_bush_02_mesh" in 2 ms
[09:01:30][pdx_3dtypes.cpp:217]: Total time "female_top_layer_religious_cape_bs_bustsizemax_mesh" in 2 ms
[09:01:30][pdx_3dtypes.cpp:217]: Total time "balkan_forestry_centerpiece_softwoodpiles_03_mesh" in 2 ms
[09:01:30][pdx_3dtypes.cpp:217]: Total time "gun_deckcannon_big_01_mesh" in 2 ms
[09:01:30][pdx_3dtypes.cpp:217]: Total time "latin_forestry_loggingcamp_02_mesh" in 2 ms
[09:01:30][pdx_3dtypes.cpp:217]: Total time "train_cargo_log_03_mesh" in 2 ms
[09:01:30][pdx_3dtypes.cpp:217]: Total time "wonder_wallofchina_07_mesh" in 2 ms
[09:01:30][pdx_3dtypes.cpp:217]: Total time "naval_order_interception_mesh" in 2 ms
[09:01:30][pdx_3dtypes.cpp:217]: Total time "japan_forestry_transportation_hardwoodpiles_03_mesh" in 2 ms
[09:01:30][pdx_3dtypes.cpp:217]: Total time "powerbloc_statue_attachment_walkingcane_mesh" in 2 ms
[09:01:30][pdx_3dtypes.cpp:217]: Total time "latin_port_fishingwharf_01_mesh" in 2 ms
[09:01:30][pdx_3dtypes.cpp:217]: Total time "balkan_forestry_equipment_03_mesh" in 2 ms
[09:01:30][pdx_3dtypes.cpp:217]: Total time "balkan_forestry_centerpiece_mixwoodpiles_03_mesh" in 2 ms
[09:01:30][pdx_3dtypes.cpp:217]: Total time "powerbloc_supportelement_crown_01_mesh" in 2 ms
[09:01:30][pdx_3dtypes.cpp:217]: Total time "cliff_canyon_05_mesh" in 2 ms
[09:01:30][pdx_3dtypes.cpp:217]: Total time "dlc_coin_ip2_mesh" in 2 ms
[09:01:30][pdx_3dtypes.cpp:217]: Total time "balkan_forestry_loggingcamp_mixwoodpiles_01_mesh" in 2 ms
[09:01:30][pdx_3dtypes.cpp:217]: Total time "balkan_forestry_loggingcabin_01_mesh" in 2 ms
[09:01:30][pdx_3dtypes.cpp:217]: Total time "generic_forestry_loggingcamp_mixwoodpiles_01_mesh" in 2 ms
[09:01:30][pdx_3dtypes.cpp:217]: Total time "japan_forestry_transportation_hardwoodpiles_01_mesh" in 2 ms
[09:01:30][pdx_3dtypes.cpp:217]: Total time "wonder_wallofchina_09_mesh" in 2 ms
[09:01:30][pdx_3dtypes.cpp:217]: Total time "funnel_tiny_01_mesh" in 2 ms
[09:01:30][pdx_3dtypes.cpp:217]: Total time "train_locomotive_gnrstirlingtender_01_mesh" in 2 ms
[09:01:30][pdx_3dtypes.cpp:217]: Total time "male_mustache_european_14_mesh" in 2 ms
[09:01:30][pdx_3dtypes.cpp:217]: Total time "male_coat_historical_john_brown_01_bs_thick_mesh" in 2 ms
[09:01:30][pdx_3dtypes.cpp:217]: Total time "powerbloc_statue_attachment_wrench_mesh" in 2 ms
[09:01:30][pdx_3dtypes.cpp:217]: Total time "male_mustache_european_10_mesh" in 2 ms
[09:01:30][pdx_3dtypes.cpp:217]: Total time "monitor_armour_medium_mesh" in 2 ms
[09:01:30][pdx_3dtypes.cpp:217]: Total time "generic_rural_forestry_camp_01_mesh" in 2 ms
[09:01:30][pdx_3dtypes.cpp:217]: Total time "modernironclad_signalflags_01_mesh" in 2 ms
[09:01:30][pdx_3dtypes.cpp:217]: Total time "earlyironclad_gunbattery_medium_l_mesh" in 2 ms
[09:01:30][pdx_3dtypes.cpp:217]: Total time "gun_casemate_nocase_01_mesh" in 2 ms
[09:01:30][pdx_3dtypes.cpp:217]: Total time "female_coat_european_military_01_bs_gaunt_mesh" in 2 ms
[09:01:30][pdx_3dtypes.cpp:217]: Total time "balkan_forestry_centerpiece_softwoodpiles_02_mesh" in 2 ms
[09:01:30][pdx_3dtypes.cpp:217]: Total time "japan_forestry_transportation_mixwoodpiles_03_mesh" in 2 ms
[09:01:30][pdx_3dtypes.cpp:217]: Total time "tree_rainforest_003_mesh" in 2 ms
[09:01:30][pdx_3dtypes.cpp:217]: Total time "male_medals_generic_01_ip4_04_mesh" in 2 ms
[09:01:30][pdx_3dtypes.cpp:217]: Total time "male_beard_european_19_mesh" in 2 ms
[09:01:30][pdx_3dtypes.cpp:217]: Total time "gun_casemate_case_01_mesh" in 2 ms
[09:01:30][pdx_3dtypes.cpp:217]: Total time "lightcruiser_signalflags_01_mesh" in 2 ms
[09:01:30][pdx_3dtypes.cpp:217]: Total time "earlyironclad_gunbattery_heavy_r_mesh" in 2 ms
[09:01:30][pdx_3dtypes.cpp:217]: Total time "male_coat_historical_john_brown_01_bs_gaunt_mesh" in 2 ms
[09:01:30][pdx_3dtypes.cpp:217]: Total time "male_belt_austrian_01_bs_fat_mesh" in 2 ms
[09:01:30][pdx_3dtypes.cpp:217]: Total time "gun_torpedotube_tripple_01_mesh" in 2 ms
[09:01:30][pdx_3dtypes.cpp:217]: Total time "open_deck_gun_01_mesh" in 2 ms
[09:01:30][pdx_3dtypes.cpp:217]: Total time "male_headgear_jankoji_rao_scindia_02_mesh" in 2 ms
[09:01:30][pdx_3dtypes.cpp:217]: Total time "male_beard_arabic_01_mesh" in 2 ms
[09:01:30][pdx_3dtypes.cpp:217]: Total time "male_top_layers_indian_scarf_01_bs_thick_mesh" in 2 ms
[09:01:30][pdx_3dtypes.cpp:217]: Total time "ironfrigate_signalflags_01_mesh" in 2 ms
[09:01:30][pdx_3dtypes.cpp:217]: Total time "balkan_forestry_equipment_01_mesh" in 2 ms
[09:01:30][pdx_3dtypes.cpp:217]: Total time "train_cargo_coal_03_mesh" in 2 ms
[09:01:30][pdx_3dtypes.cpp:217]: Total time "male_headgear_arabic_abdul_hamid_ii_fez_mesh" in 2 ms
[09:01:30][pdx_3dtypes.cpp:217]: Total time "tree_savanna_002_mesh" in 2 ms
[09:01:30][pdx_3dtypes.cpp:217]: Total time "male_mustache_ramgopal_ghosh_mesh" in 2 ms
[09:01:30][pdx_3dtypes.cpp:217]: Total time "male_hair_european_03_mesh" in 2 ms
[09:01:30][pdx_3dtypes.cpp:217]: Total time "male_mustache_european_12_mesh" in 2 ms
[09:01:30][pdx_3dtypes.cpp:217]: Total time "powerbloc_statue_attachment_parasol_mesh" in 2 ms
[09:01:30][pdx_3dtypes.cpp:217]: Total time "powerbloc_statue_attachment_handheldfan_mesh" in 2 ms
[09:01:30][pdx_3dtypes.cpp:217]: Total time "female_prop_nudity_accessory_mesh" in 2 ms
[09:01:30][pdx_3dtypes.cpp:217]: Total time "revolution_barricade_mid_armed_forces_mesh" in 2 ms
[09:01:30][pdx_3dtypes.cpp:217]: Total time "latin_port_centerpiece_01_mesh" in 2 ms
[09:01:30][pdx_3dtypes.cpp:217]: Total time "funnel_small_02_mesh" in 2 ms
[09:01:30][pdx_3dtypes.cpp:217]: Total time "cliff_canyon_02_mesh" in 2 ms
[09:01:30][pdx_3dtypes.cpp:217]: Total time "generic_forestry_centerpiece_hardwoodpiles_01_mesh" in 2 ms
[09:01:30][pdx_3dtypes.cpp:217]: Total time "generic_forestry_loggingcamp_softwoodpiles_01_mesh" in 2 ms
[09:01:30][pdx_3dtypes.cpp:217]: Total time "male_hair_european_03_cap1_mesh" in 2 ms
[09:01:30][pdx_3dtypes.cpp:217]: Total time "male_beard_european_12_mesh" in 2 ms
[09:01:30][pdx_3dtypes.cpp:217]: Total time "tree_baobab_02_mesh" in 2 ms
[09:01:30][pdx_3dtypes.cpp:217]: Total time "shipoftheline_gunbattery_light_l_mesh" in 2 ms
[09:01:30][pdx_3dtypes.cpp:217]: Total time "asian_mining_coaldepo_01_mesh" in 2 ms
[09:01:30][pdx_3dtypes.cpp:217]: Total time "arabic_port_fishingwharf_01_mesh" in 2 ms
[09:01:30][pdx_3dtypes.cpp:217]: Total time "balkan_forestry_loggingcabin_02_mesh" in 2 ms
[09:01:30][pdx_3dtypes.cpp:217]: Total time "tree_baobab_03_mesh" in 2 ms
[09:01:30][pdx_3dtypes.cpp:217]: Total time "female_coat_european_military_01_bs_old_mesh" in 2 ms
[09:01:30][pdx_3dtypes.cpp:217]: Total time "balkan_forestry_centerpiece_mixwoodpiles_02_mesh" in 2 ms
[09:01:30][pdx_3dtypes.cpp:217]: Total time "funnel_medium_01_mesh" in 2 ms
[09:01:30][pdx_3dtypes.cpp:217]: Total time "generic_forestry_loggingcamp_mixwoodpiles_03_mesh" in 2 ms
[09:01:30][pdx_3dtypes.cpp:217]: Total time "male_sash_european_01_mesh" in 2 ms
[09:01:30][pdx_3dtypes.cpp:217]: Total time "female_sash_european_01_mesh" in 2 ms
[09:01:30][pdx_3dtypes.cpp:217]: Total time "single_heavy_turret_01_mesh" in 2 ms
[09:01:30][pdx_3dtypes.cpp:217]: Total time "male_sashes_tricolor_bs_thin_mesh" in 2 ms
[09:01:30][pdx_3dtypes.cpp:217]: Total time "female_top_layer_religious_cape_bs_bustsizemin_mesh" in 2 ms
[09:01:30][pdx_3dtypes.cpp:217]: Total time "revolution_barricade_small_petty_bourgeoisie_mesh" in 2 ms
[09:01:30][pdx_3dtypes.cpp:217]: Total time "male_coat_european_greatcoat_01_mesh" in 2 ms
[09:01:30][pdx_3dtypes.cpp:217]: Total time "japan_port_whalingstation_01_mesh" in 2 ms
[09:01:30][pdx_3dtypes.cpp:217]: Total time "tree_cypress_mediterranean_01_mesh" in 2 ms
[09:01:30][pdx_3dtypes.cpp:217]: Total time "train_cargo_sulfur_02_mesh" in 2 ms
[09:01:30][pdx_3dtypes.cpp:217]: Total time "train_locomotive_johnbull_01_mesh" in 2 ms
[09:01:30][pdx_3dtypes.cpp:217]: Total time "train_cargo_iron_02_mesh" in 2 ms
[09:01:30][pdx_3dtypes.cpp:217]: Total time "cliff_canyon_10_mesh" in 2 ms
[09:01:30][pdx_3dtypes.cpp:217]: Total time "gun_deckgun_armoured_01_mesh" in 1 ms
[09:01:30][pdx_3dtypes.cpp:217]: Total time "gun_sidecannon_big_01_mesh" in 1 ms
[09:01:30][pdx_3dtypes.cpp:217]: Total time "male_top_layer_south_american_gaucho_01_bs_old_mesh" in 1 ms
[09:01:30][pdx_3dtypes.cpp:217]: Total time "gun_bigturret_twin_02_mesh" in 1 ms
[09:01:30][pdx_3dtypes.cpp:217]: Total time "armouredcruiser_signalflags_01_mesh" in 1 ms
[09:01:30][pdx_3dtypes.cpp:217]: Total time "naval_order_patrol_mesh" in 1 ms
[09:01:30][pdx_3dtypes.cpp:217]: Total time "powerbloc_statue_basic_mesh" in 1 ms
[09:01:30][pdx_3dtypes.cpp:217]: Total time "destroyer_signalflags_01_mesh" in 1 ms
[09:01:30][pdx_3dtypes.cpp:217]: Total time "ironfrigate_broadside_01_mesh" in 1 ms
[09:01:30][pdx_3dtypes.cpp:217]: Total time "funnel_small_none_01_mesh" in 1 ms
[09:01:30][pdx_3dtypes.cpp:217]: Total time "powerbloc_supportelement_scale_01_mesh" in 1 ms
[09:01:30][pdx_3dtypes.cpp:217]: Total time "male_medals_prussian_01_02_mesh" in 1 ms
[09:01:30][pdx_3dtypes.cpp:217]: Total time "cliff_canyon_06_mesh" in 1 ms
[09:01:30][pdx_3dtypes.cpp:217]: Total time "male_legwear_greek_01_bs_gaunt_mesh" in 1 ms
[09:01:30][pdx_3dtypes.cpp:217]: Total time "male_sashes_tricolor_bs_thick_mesh" in 1 ms
[09:01:30][pdx_3dtypes.cpp:217]: Total time "generic_rural_mining_entrance_02_mesh" in 1 ms
[09:01:30][pdx_3dtypes.cpp:217]: Total time "military_arms_mauser98_mesh" in 1 ms
[09:01:30][pdx_3dtypes.cpp:217]: Total time "military_props_artillery_siege_02_mesh" in 1 ms
[09:01:30][pdx_3dtypes.cpp:217]: Total time "male_coat_greek_01_bs_fat_mesh" in 1 ms
[09:01:30][pdx_3dtypes.cpp:217]: Total time "gun_bigturret_single_02_mesh" in 1 ms
[09:01:30][pdx_3dtypes.cpp:217]: Total time "glassworks_manufactory_01_mesh" in 1 ms
[09:01:30][pdx_3dtypes.cpp:217]: Total time "battlecruiser_armour_medium_mesh" in 1 ms
[09:01:30][pdx_3dtypes.cpp:217]: Total time "male_sash_european_02_bs_thin_mesh" in 1 ms
[09:01:30][pdx_3dtypes.cpp:217]: Total time "japan_forestry_loggingcamp_softwoodpiles_02_mesh" in 1 ms
[09:01:30][pdx_3dtypes.cpp:217]: Total time "japan_forestry_transportation_mixwoodpiles_01_mesh" in 1 ms
[09:01:30][pdx_3dtypes.cpp:217]: Total time "male_sash_european_civilian_03_bs_thin_mesh" in 1 ms
[09:01:30][pdx_3dtypes.cpp:217]: Total time "military_diorama_decal_4x4_mesh" in 1 ms
[09:01:30][pdx_3dtypes.cpp:217]: Total time "submarine_armour_medium_mesh" in 1 ms
[09:01:30][pdx_3dtypes.cpp:217]: Total time "military_arms_tommygun_mesh" in 1 ms
[09:01:30][pdx_3dtypes.cpp:217]: Total time "oak_tree_02_mesh" in 1 ms
[09:01:30][pdx_3dtypes.cpp:217]: Total time "generic_rural_mining_coaldepo_02_mesh" in 1 ms
[09:01:30][pdx_3dtypes.cpp:217]: Total time "male_medals_generic_01_03_mesh" in 1 ms
[09:01:30][pdx_3dtypes.cpp:217]: Total time "male_top_layers_indian_scarf_01_bs_thin_mesh" in 1 ms
[09:01:30][pdx_3dtypes.cpp:217]: Total time "powerbloc_statue_attachment_sickle_mesh" in 1 ms
[09:01:30][pdx_3dtypes.cpp:217]: Total time "single_heavy_turret_02_mesh" in 1 ms
[09:01:30][pdx_3dtypes.cpp:217]: Total time "generic_forestry_loggingcabin_02_mesh" in 1 ms
[09:01:30][pdx_3dtypes.cpp:217]: Total time "twin_heavy_turret_01_mesh" in 1 ms
[09:01:30][pdx_3dtypes.cpp:217]: Total time "gun_deckgun_noarmour_01_mesh" in 1 ms
[09:01:30][pdx_3dtypes.cpp:217]: Total time "male_beard_john_brown_mesh" in 1 ms
[09:01:30][pdx_3dtypes.cpp:217]: Total time "cliff_canyon_15_mesh" in 1 ms
[09:01:30][pdx_3dtypes.cpp:217]: Total time "military_arms_mauser98_bayonet_mesh" in 1 ms
[09:01:30][pdx_3dtypes.cpp:217]: Total time "gun_deckcannon_small_01_mesh" in 1 ms
[09:01:30][pdx_3dtypes.cpp:217]: Total time "gun_smallturret_single_02_mesh" in 1 ms
[09:01:30][pdx_3dtypes.cpp:217]: Total time "gun_deckmounted_twin_01_mesh" in 1 ms
[09:01:30][pdx_3dtypes.cpp:217]: Total time "cube_test_mesh" in 1 ms
[09:01:30][pdx_3dtypes.cpp:217]: Total time "powerbloc_statue_attachment_backpack_mesh" in 1 ms
[09:01:30][pdx_3dtypes.cpp:217]: Total time "male_mustache_mihailo_obrenovic_mesh" in 1 ms
[09:01:30][pdx_3dtypes.cpp:217]: Total time "powerbloc_statue_attachment_gun_mesh" in 1 ms
[09:01:30][pdx_3dtypes.cpp:217]: Total time "balkan_forestry_loggingcamp_softwoodpiles_03_mesh" in 1 ms
[09:01:30][pdx_3dtypes.cpp:217]: Total time "gun_torpedotube_single_02_mesh" in 1 ms
[09:01:30][pdx_3dtypes.cpp:217]: Total time "predreadnought_signalflags_01_mesh" in 1 ms
[09:01:30][pdx_3dtypes.cpp:217]: Total time "military_arms_saber_mesh" in 1 ms
[09:01:30][pdx_3dtypes.cpp:217]: Total time "papermap_table_top_ip2_mesh" in 1 ms
[09:01:30][pdx_3dtypes.cpp:217]: Total time "destroyer_armour_medium_mesh" in 1 ms
[09:01:30][pdx_3dtypes.cpp:217]: Total time "male_sash_european_02_bs_gaunt_mesh" in 1 ms
[09:01:30][pdx_3dtypes.cpp:217]: Total time "male_medals_prussian_01_01_mesh" in 1 ms
[09:01:30][pdx_3dtypes.cpp:217]: Total time "papermap_table_top_votp_mesh" in 1 ms
[09:01:30][pdx_3dtypes.cpp:217]: Total time "test_cube_mesh" in 1 ms
[09:01:30][pdx_3dtypes.cpp:217]: Total time "gun_smallturret_mini_01_mesh" in 1 ms
[09:01:30][pdx_3dtypes.cpp:217]: Total time "mp1_coin_mesh" in 1 ms
[09:01:30][pdx_3dtypes.cpp:217]: Total time "powerbloc_statue_attachment_crudehoe_mesh" in 1 ms
[09:01:30][pdx_3dtypes.cpp:217]: Total time "train_locomotive_ouesttender_01_mesh" in 1 ms
[09:01:30][pdx_3dtypes.cpp:217]: Total time "male_sash_european_civilian_03_bs_old_mesh" in 1 ms
[09:01:30][pdx_3dtypes.cpp:217]: Total time "female_necklace_indian_02_bs_fat_mesh" in 1 ms
[09:01:30][pdx_3dtypes.cpp:217]: Total time "rockformation_07_mesh" in 1 ms
[09:01:30][pdx_3dtypes.cpp:217]: Total time "coastaldefense_turret_mesh" in 1 ms
[09:01:30][pdx_3dtypes.cpp:217]: Total time "powerbloc_statue_attachment_tophat_mesh" in 1 ms
[09:01:30][pdx_3dtypes.cpp:217]: Total time "audio_mesh" in 1 ms
[09:01:30][pdx_3dtypes.cpp:217]: Total time "powerbloc_statue_attachment_trumpet_mesh" in 1 ms
[09:01:30][pdx_3dtypes.cpp:217]: Total time "male_sash_army_bedroll_01_mesh" in 1 ms
[09:01:30][pdx_3dtypes.cpp:217]: Total time "monitor_funnel_tripple_mesh" in 1 ms
[09:01:30][pdx_3dtypes.cpp:217]: Total time "cliff_canyon_04_mesh" in 1 ms
[09:01:30][pdx_3dtypes.cpp:217]: Total time "balkan_forestry_transportation_mixwoodpiles_02_mesh" in 1 ms
[09:01:30][pdx_3dtypes.cpp:217]: Total time "iceberg_01_mesh" in 1 ms
[09:01:30][pdx_3dtypes.cpp:217]: Total time "superdreadnought_signalflags_01_mesh" in 1 ms
[09:01:30][pdx_3dtypes.cpp:217]: Total time "tree_fir_005_mesh" in 1 ms
[09:01:30][pdx_3dtypes.cpp:217]: Total time "balkan_forestry_transportation_softwoodpiles_03_mesh" in 1 ms
[09:01:30][pdx_3dtypes.cpp:217]: Total time "latin_port_docks_01_mesh" in 1 ms
[09:01:30][pdx_3dtypes.cpp:217]: Total time "generic_forestry_transportation_hardwoodpiles_03_mesh" in 1 ms
[09:01:30][pdx_3dtypes.cpp:217]: Total time "test_sphere_mesh" in 1 ms
[09:01:30][pdx_3dtypes.cpp:217]: Total time "papermap_table_bottom_ip3_mesh" in 1 ms
[09:01:30][pdx_3dtypes.cpp:217]: Total time "male_headgear_arabic_sattar_khan_mesh" in 1 ms
[09:01:30][pdx_3dtypes.cpp:217]: Total time "monitor_funnel_single_mesh" in 1 ms
[09:01:30][pdx_3dtypes.cpp:217]: Total time "male_outfit_greek_fustanella_01_bs_fat_mesh" in 1 ms
[09:01:30][pdx_3dtypes.cpp:217]: Total time "tree_bush_03_mesh" in 1 ms
[09:01:30][pdx_3dtypes.cpp:217]: Total time "prop_pen_mesh" in 1 ms
[09:01:30][pdx_3dtypes.cpp:217]: Total time "military_arms_brownbess_mesh" in 1 ms
[09:01:30][pdx_3dtypes.cpp:217]: Total time "powerbloc_statue_hero_soldier_mesh" in 1 ms
[09:01:30][pdx_3dtypes.cpp:217]: Total time "male_beard_european_21_mesh" in 1 ms
[09:01:30][pdx_3dtypes.cpp:217]: Total time "male_sashes_tricolor_bs_gaunt_mesh" in 1 ms
[09:01:30][pdx_3dtypes.cpp:217]: Total time "japan_forestry_loggingcamp_softwoodpiles_01_mesh" in 1 ms
[09:01:30][pdx_3dtypes.cpp:217]: Total time "rockformation_sandstone_01_mesh" in 1 ms
[09:01:30][pdx_3dtypes.cpp:217]: Total time "male_outfit_arabic_royal_01_bs_gaunt_mesh" in 1 ms
[09:01:30][pdx_3dtypes.cpp:217]: Total time "gun_bigturret_single_03_mesh" in 1 ms
[09:01:30][pdx_3dtypes.cpp:217]: Total time "military_diorama_decal_6x6_mesh" in 1 ms
[09:01:30][pdx_3dtypes.cpp:217]: Total time "male_prop_pipe2_01_mesh" in 1 ms
[09:01:30][pdx_3dtypes.cpp:217]: Total time "aircraftcarrier_armour_medium_mesh" in 1 ms
[09:01:30][pdx_3dtypes.cpp:217]: Total time "wind_trail_01_mesh" in 1 ms
[09:01:30][pdx_3dtypes.cpp:217]: Total time "male_beard_european_20_mesh" in 1 ms
[09:01:30][pdx_3dtypes.cpp:217]: Total time "protectedcruiser_signalflags_01_mesh" in 1 ms
[09:01:30][pdx_3dtypes.cpp:217]: Total time "earlyironclad_gunbattery_light_l_mesh" in 1 ms
[09:01:30][pdx_3dtypes.cpp:217]: Total time "cliff_canyon_14_mesh" in 1 ms
[09:01:30][pdx_3dtypes.cpp:217]: Total time "lake_mesh" in 1 ms
[09:01:30][pdx_3dtypes.cpp:217]: Total time "military_arms_flamethrower_tank_mesh" in 1 ms
[09:01:30][pdx_3dtypes.cpp:217]: Total time "dreadnought_signalflags_01_mesh" in 1 ms
[09:01:30][pdx_3dtypes.cpp:217]: Total time "shipoftheline_gunbattery_light_r_mesh" in 1 ms
[09:01:30][pdx_3dtypes.cpp:217]: Total time "seaplanetender_crane_mesh" in 1 ms
[09:01:30][pdx_3dtypes.cpp:217]: Total time "cube_long_mesh" in 1 ms
[09:01:30][pdx_3dtypes.cpp:217]: Total time "male_sashes_tricolor_bs_old_mesh" in 1 ms
[09:01:30][pdx_3dtypes.cpp:217]: Total time "male_sash_european_civilian_03_bs_thick_mesh" in 1 ms
[09:01:30][pdx_3dtypes.cpp:217]: Total time "powerbloc_statue_attachment_umbrella_mesh" in 1 ms
[09:01:30][pdx_3dtypes.cpp:217]: Total time "coastaldefenceship_armour_medium_mesh" in 1 ms
[09:01:30][pdx_3dtypes.cpp:217]: Total time "funnel_large_none_01_mesh" in 1 ms
[09:01:30][pdx_3dtypes.cpp:217]: Total time "mesh_not_found_fallback_object" in 1 ms
[09:01:30][pdx_3dtypes.cpp:217]: Total time "male_top_layers_indian_scarf_01_bs_fat_mesh" in 1 ms
[09:01:30][pdx_3dtypes.cpp:217]: Total time "funnel_trunked_none_01_mesh" in 1 ms
[09:01:30][pdx_3dtypes.cpp:217]: Total time "gun_torpedotube_double_01_mesh" in 1 ms
[09:01:30][pdx_3dtypes.cpp:217]: Total time "male_mustache_david_lloyd_george_mesh" in 1 ms
[09:01:30][pdx_3dtypes.cpp:217]: Total time "powerbloc_statue_attachment_book_mesh" in 1 ms
[09:01:30][pdx_3dtypes.cpp:217]: Total time "ironfrigate_broadside_02_mesh" in 1 ms
[09:01:30][pdx_3dtypes.cpp:217]: Total time "tree_fir_003_mesh" in 1 ms
[09:01:30][pdx_3dtypes.cpp:217]: Total time "tree_fir_001_mesh" in 1 ms
[09:01:30][pdx_3dtypes.cpp:217]: Total time "female_glasses_mesh" in 1 ms
[09:01:30][pdx_3dtypes.cpp:217]: Total time "wind_trail_04_mesh" in 1 ms
[09:01:30][pdx_3dtypes.cpp:217]: Total time "papermap_table_bottom_ip4_mesh" in 0 ms
[09:01:30][pdx_3dtypes.cpp:217]: Total time "papermap_table_bottom_ap1_mesh" in 0 ms
[09:01:30][pdx_3dtypes.cpp:217]: Total time "modernironclad_armour_medium_mesh" in 0 ms
[09:01:31][lexer.cpp:285]: File 'common/geographic_regions/italy_georegions_mhmbd.txt' should be in utf8-bom encoding (will try to use it anyways)
[09:01:31][lexer.cpp:285]: File 'common/script_values/war_exhaustion_mhmbd.txt' should be in utf8-bom encoding (will try to use it anyways)
[09:01:31][lexer.cpp:285]: File 'common/scripted_effects/redundancies_scripted_effects.txt' should be in utf8-bom encoding (will try to use it anyways)
[09:01:31][lexer.cpp:285]: File 'common/scripted_effects/scripted_effects_mhmbd.txt' should be in utf8-bom encoding (will try to use it anyways)
[09:01:32][lexer.cpp:285]: File 'common/discrimination_traits/italian_discrimination_traits_mhmbd.txt' should be in utf8-bom encoding (will try to use it anyways)
[09:01:32][lexer.cpp:285]: File 'common/static_modifiers/ethiopia_static_modifiers.txt' should be in utf8-bom encoding (will try to use it anyways)
[09:01:32][lexer.cpp:285]: File 'common/static_modifiers/fill_static_modifiers_mhmbd.txt' should be in utf8-bom encoding (will try to use it anyways)
[09:01:32][lexer.cpp:285]: File 'common/static_modifiers/italy_static_modifiers_mhmbd.txt' should be in utf8-bom encoding (will try to use it anyways)
[09:01:32][gamedatabase.h:378]: Duplicated key movement_suppressed_after_civil_war will not be created from file: common/static_modifiers/00_ip3_04_modifiers.txt:570
[09:01:32][pdx_persistent_reader.cpp:268]: Error: "Unknown modifier type: country_war_exhaustion_casualties_mult. It is either invalid, or a potential dynamic modifier type definition missing from the database.: country_war_exhaustion_casualties_mult, near line: 18" in file: "common/static_modifiers/usa_static_modifiers_mhmbd.txt" near line: 18
[09:01:32][pdx_persistent_reader.cpp:268]: Error: "Unknown modifier type: country_war_exhaustion_casualties_mult. It is either invalid, or a potential dynamic modifier type definition missing from the database.: country_war_exhaustion_casualties_mult, near line: 24" in file: "common/static_modifiers/usa_static_modifiers_mhmbd.txt" near line: 24
[09:01:32][lexer.cpp:285]: File 'common/cultures/italian_cultures_mhmbd.txt' should be in utf8-bom encoding (will try to use it anyways)
[09:01:32][pdx_persistent_reader.cpp:268]: Error: "Trigger section already read earlier: is_visible, near line: 186" in file: "common/laws/00_education_system.txt" near line: 191
[09:01:32][pdx_persistent_reader.cpp:268]: Error: "Malformed token: 0.000025, near line: 197" in file: "common/laws/00_education_system.txt" near line: 197
[09:01:32][pdx_persistent_reader.cpp:268]: Error: "Malformed token: 0.000015, near line: 300" in file: "common/laws/00_education_system.txt" near line: 300
[09:01:32][pdx_persistent_reader.cpp:268]: Error: "Malformed token: 0.000035, near line: 333" in file: "common/laws/00_education_system.txt" near line: 333
[09:01:32][pdx_persistent_reader.cpp:268]: Error: "Malformed token: 0.000015, near line: 442" in file: "common/laws/00_education_system.txt" near line: 442
[09:01:33][gamedatabase.h:378]: Duplicated key law_no_colonial_affairs will not be created from file: common/laws/01_colonial_affairs.txt:1
[09:01:33][gamedatabase.h:378]: Duplicated key law_frontier_colonization will not be created from file: common/laws/01_colonial_affairs.txt:63
[09:01:33][gamedatabase.h:378]: Duplicated key law_colonial_resettlement will not be created from file: common/laws/01_colonial_affairs.txt:172
[09:01:33][gamedatabase.h:378]: Duplicated key law_colonial_exploitation will not be created from file: common/laws/01_colonial_affairs.txt:272
[09:01:33][gamedatabase.h:378]: Duplicated key law_traditionalism will not be created from file: common/laws/01_economic_system.txt:5
[09:01:33][gamedatabase.h:378]: Duplicated key law_interventionism will not be created from file: common/laws/01_economic_system.txt:57
[09:01:33][gamedatabase.h:378]: Duplicated key law_agrarianism will not be created from file: common/laws/01_economic_system.txt:143
[09:01:33][gamedatabase.h:378]: Duplicated key law_industry_banned will not be created from file: common/laws/01_economic_system.txt:241
[09:01:33][gamedatabase.h:378]: Duplicated key law_extraction_economy will not be created from file: common/laws/01_economic_system.txt:348
[09:01:33][gamedatabase.h:378]: Duplicated key law_laissez_faire will not be created from file: common/laws/01_economic_system.txt:453
[09:01:33][gamedatabase.h:378]: Duplicated key law_cooperative_ownership will not be created from file: common/laws/01_economic_system.txt:529
[09:01:33][gamedatabase.h:378]: Duplicated key law_command_economy will not be created from file: common/laws/01_economic_system.txt:614
[09:01:33][gamedatabase.h:378]: Duplicated key law_no_schools will not be created from file: common/laws/01_education_system.txt:1
[09:01:33][gamedatabase.h:378]: Duplicated key law_religious_schools will not be created from file: common/laws/01_education_system.txt:36
[09:01:33][gamedatabase.h:378]: Duplicated key law_private_schools will not be created from file: common/laws/01_education_system.txt:156
[09:01:33][gamedatabase.h:378]: Duplicated key law_terakoya will not be created from file: common/laws/01_education_system.txt:265
[09:01:33][gamedatabase.h:378]: Duplicated key law_public_schools will not be created from file: common/laws/01_education_system.txt:299
[09:01:33][gamedatabase.h:378]: Duplicated key law_no_health_system will not be created from file: common/laws/01_health_system.txt:1
[09:01:33][gamedatabase.h:378]: Duplicated key law_charitable_health_system will not be created from file: common/laws/01_health_system.txt:25
[09:01:33][gamedatabase.h:378]: Duplicated key law_private_health_insurance will not be created from file: common/laws/01_health_system.txt:73
[09:01:33][gamedatabase.h:378]: Duplicated key law_public_health_insurance will not be created from file: common/laws/01_health_system.txt:105
[09:01:33][gamedatabase.h:378]: Duplicated key law_serfdom will not be created from file: common/laws/01_land_reform.txt:1
[09:01:33][gamedatabase.h:378]: Duplicated key law_manorialism will not be created from file: common/laws/01_land_reform.txt:74
[09:01:33][gamedatabase.h:378]: Duplicated key law_tenant_farmers will not be created from file: common/laws/01_land_reform.txt:140
[09:01:33][gamedatabase.h:378]: Duplicated key law_latifundias will not be created from file: common/laws/01_land_reform.txt:237
[09:01:33][gamedatabase.h:378]: Duplicated key law_expanded_latifundias will not be created from file: common/laws/01_land_reform.txt:292
[09:01:33][gamedatabase.h:378]: Duplicated key law_commercialized_agriculture will not be created from file: common/laws/01_land_reform.txt:342
[09:01:33][gamedatabase.h:378]: Duplicated key law_peasant_proprietorship will not be created from file: common/laws/01_land_reform.txt:419
[09:01:33][gamedatabase.h:378]: Duplicated key law_homesteading will not be created from file: common/laws/01_land_reform.txt:531
[09:01:33][gamedatabase.h:378]: Duplicated key law_collectivized_agriculture will not be created from file: common/laws/01_land_reform.txt:633
[09:01:33][gamedatabase.h:378]: Duplicated key law_no_police will not be created from file: common/laws/01_policing.txt:1
[09:01:33][gamedatabase.h:378]: Duplicated key law_local_police will not be created from file: common/laws/01_policing.txt:30
[09:01:33][gamedatabase.h:378]: Duplicated key law_dedicated_police will not be created from file: common/laws/01_policing.txt:129
[09:01:33][gamedatabase.h:378]: Duplicated key law_militarized_police will not be created from file: common/laws/01_policing.txt:223
[09:01:33][gamedatabase.h:378]: Duplicated key law_consumption_based_taxation will not be created from file: common/laws/01_taxation.txt:5
[09:01:33][gamedatabase.h:378]: Duplicated key law_land_based_taxation will not be created from file: common/laws/01_taxation.txt:52
[09:01:33][gamedatabase.h:378]: Duplicated key law_per_capita_based_taxation will not be created from file: common/laws/01_taxation.txt:99
[09:01:33][gamedatabase.h:378]: Duplicated key law_proportional_taxation will not be created from file: common/laws/01_taxation.txt:187
[09:01:33][gamedatabase.h:378]: Duplicated key law_graduated_taxation will not be created from file: common/laws/01_taxation.txt:256
[09:01:33][gamedatabase.h:378]: Duplicated key law_mercantilism will not be created from file: common/laws/01_trade_policy.txt:5
[09:01:33][gamedatabase.h:378]: Duplicated key law_protectionism will not be created from file: common/laws/01_trade_policy.txt:51
[09:01:33][gamedatabase.h:378]: Duplicated key law_free_trade will not be created from file: common/laws/01_trade_policy.txt:96
[09:01:33][gamedatabase.h:378]: Duplicated key law_isolationism will not be created from file: common/laws/01_trade_policy.txt:159
[09:01:33][gamedatabase.h:378]: Duplicated key law_canton_system will not be created from file: common/laws/01_trade_policy.txt:229
[09:01:33][gamedatabase.h:378]: Duplicated key law_sakoku will not be created from file: common/laws/01_trade_policy.txt:290
[09:01:33][gamedatabase.h:378]: Duplicated key law_outlawed_dissent will not be created from file: common/laws/02_free_speech.txt:5
[09:01:33][gamedatabase.h:378]: Duplicated key law_censorship will not be created from file: common/laws/02_free_speech.txt:37
[09:01:33][gamedatabase.h:378]: Duplicated key law_right_of_assembly will not be created from file: common/laws/02_free_speech.txt:69
[09:01:33][gamedatabase.h:378]: Duplicated key law_protected_speech will not be created from file: common/laws/02_free_speech.txt:95
[09:01:33][gamedatabase.h:378]: Duplicated key law_guild_system will not be created from file: common/laws/02_labour_associations.txt:1
[09:01:33][gamedatabase.h:378]: Duplicated key law_combination_acts will not be created from file: common/laws/02_labour_associations.txt:69
[09:01:33][gamedatabase.h:378]: Duplicated key law_anti_strike_laws will not be created from file: common/laws/02_labour_associations.txt:141
[09:01:33][gamedatabase.h:378]: Duplicated key law_right_to_associate will not be created from file: common/laws/02_labour_associations.txt:213
[09:01:33][gamedatabase.h:378]: Duplicated key law_corporatized_unions will not be created from file: common/laws/02_labour_associations.txt:288
[09:01:33][gamedatabase.h:378]: Duplicated key law_factory_councils will not be created from file: common/laws/02_labour_associations.txt:353
[09:01:33][gamedatabase.h:378]: Duplicated key law_no_migration_controls will not be created from file: common/laws/02_migration.txt:1
[09:01:33][gamedatabase.h:378]: Duplicated key law_migration_controls will not be created from file: common/laws/02_migration.txt:25
[09:01:33][gamedatabase.h:378]: Duplicated key law_closed_borders will not be created from file: common/laws/02_migration.txt:82
[09:01:33][gamedatabase.h:378]: Duplicated key law_no_womens_rights will not be created from file: common/laws/02_rights_of_women.txt:5
[09:01:33][gamedatabase.h:378]: Duplicated key law_women_in_the_fields will not be created from file: common/laws/02_rights_of_women.txt:43
[09:01:33][gamedatabase.h:378]: Duplicated key law_women_own_property will not be created from file: common/laws/02_rights_of_women.txt:91
[09:01:33][gamedatabase.h:378]: Duplicated key law_women_in_the_workplace will not be created from file: common/laws/02_rights_of_women.txt:127
[09:01:33][gamedatabase.h:378]: Duplicated key law_womens_suffrage will not be created from file: common/laws/02_rights_of_women.txt:169
[09:01:33][gamedatabase.h:378]: Duplicated key law_no_social_security will not be created from file: common/laws/02_welfare.txt:1
[09:01:33][gamedatabase.h:378]: Duplicated key law_chiefs_distribute_aid will not be created from file: common/laws/02_welfare.txt:29
[09:01:33][gamedatabase.h:378]: Duplicated key law_poor_laws will not be created from file: common/laws/02_welfare.txt:73
[09:01:33][gamedatabase.h:378]: Duplicated key law_wage_subsidies will not be created from file: common/laws/02_welfare.txt:99
[09:01:33][gamedatabase.h:378]: Duplicated key law_old_age_pension will not be created from file: common/laws/02_welfare.txt:125
[09:01:33][lexer.cpp:285]: File 'common/amendments/amendments_mhmbd.txt' should be in utf8-bom encoding (will try to use it anyways)
[09:01:33][pdx_persistent_reader.cpp:268]: Error: "Unknown modifier type: country_war_exhaustion_casualties_mult. It is either invalid, or a potential dynamic modifier type definition missing from the database.: country_war_exhaustion_casualties_mult, near line: 557" in file: "common/technology/technologies/20_military.txt" near line: 557
[09:01:33][pdx_persistent_reader.cpp:268]: Error: "Unknown modifier type: country_war_exhaustion_casualties_mult. It is either invalid, or a potential dynamic modifier type definition missing from the database.: country_war_exhaustion_casualties_mult, near line: 842" in file: "common/technology/technologies/20_military.txt" near line: 842
[09:01:33][pdx_persistent_reader.cpp:268]: Error: "Unknown modifier type: country_max_declared_interests_add. It is either invalid, or a potential dynamic modifier type definition missing from the database.: country_max_declared_interests_add, near line: 267" in file: "common/technology/technologies/30_society.txt" near line: 267
[09:01:33][pdx_persistent_reader.cpp:268]: Error: "Unknown modifier type: country_max_declared_interests_add. It is either invalid, or a potential dynamic modifier type definition missing from the database.: country_max_declared_interests_add, near line: 972" in file: "common/technology/technologies/30_society.txt" near line: 972
[09:01:33][pdx_persistent_reader.cpp:268]: Error: "Unknown modifier type: state_capitalists_investment_pool_efficiency_add. It is either invalid, or a potential dynamic modifier type definition missing from the database.: state_capitalists_investment_pool_efficiency_add, near line: 1184" in file: "common/technology/technologies/30_society.txt" near line: 1184
[09:01:33][pdx_persistent_reader.cpp:268]: Error: "Unknown modifier type: state_farmers_investment_pool_efficiency_add. It is either invalid, or a potential dynamic modifier type definition missing from the database.: state_farmers_investment_pool_efficiency_add, near line: 1185" in file: "common/technology/technologies/30_society.txt" near line: 1185
[09:01:33][pdx_persistent_reader.cpp:268]: Error: "Unknown modifier type: state_shopkeepers_investment_pool_efficiency_add. It is either invalid, or a potential dynamic modifier type definition missing from the database.: state_shopkeepers_investment_pool_efficiency_add, near line: 1186" in file: "common/technology/technologies/30_society.txt" near line: 1186
[09:01:33][pdx_persistent_reader.cpp:268]: Error: "Unknown modifier type: state_bureaucrats_investment_pool_efficiency_add. It is either invalid, or a potential dynamic modifier type definition missing from the database.: state_bureaucrats_investment_pool_efficiency_add, near line: 1187" in file: "common/technology/technologies/30_society.txt" near line: 1187
[09:01:33][pdx_persistent_reader.cpp:268]: Error: "Unknown modifier type: state_engineers_investment_pool_efficiency_add. It is either invalid, or a potential dynamic modifier type definition missing from the database.: state_engineers_investment_pool_efficiency_add, near line: 1188" in file: "common/technology/technologies/30_society.txt" near line: 1188
[09:01:33][pdx_persistent_reader.cpp:268]: Error: "Unknown modifier type: state_machinists_investment_pool_efficiency_add. It is either invalid, or a potential dynamic modifier type definition missing from the database.: state_machinists_investment_pool_efficiency_add, near line: 1189" in file: "common/technology/technologies/30_society.txt" near line: 1189
[09:01:33][pdx_persistent_reader.cpp:268]: Error: "Unknown modifier type: country_war_exhaustion_casualties_mult. It is either invalid, or a potential dynamic modifier type definition missing from the database.: country_war_exhaustion_casualties_mult, near line: 1515" in file: "common/technology/technologies/30_society.txt" near line: 1515
[09:01:33][lexer.cpp:285]: File 'common/state_traits/africa_traits_mhmbd.txt' should be in utf8-bom encoding (will try to use it anyways)
[09:01:33][pdx_persistent_reader.cpp:268]: Error: "Unknown modifier type: building_military_shipyard_throughput_add. It is either invalid, or a potential dynamic modifier type definition missing from the database.: building_military_shipyard_throughput_add, near line: 26" in file: "common/state_traits/italy_state_traits.txt" near line: 26
[09:01:33][pdx_persistent_reader.cpp:268]: Error: "Unknown modifier type: state_building_naval_base_max_level_add. It is either invalid, or a potential dynamic modifier type definition missing from the database.: state_building_naval_base_max_level_add, near line: 27" in file: "common/state_traits/italy_state_traits.txt" near line: 27
[09:01:33][pdx_persistent_reader.cpp:268]: Error: "Unknown modifier type: building_military_shipyard_throughput_add. It is either invalid, or a potential dynamic modifier type definition missing from the database.: building_military_shipyard_throughput_add, near line: 36" in file: "common/state_traits/italy_state_traits.txt" near line: 36
[09:01:33][pdx_persistent_reader.cpp:268]: Error: "Unknown modifier type: state_building_naval_base_max_level_add. It is either invalid, or a potential dynamic modifier type definition missing from the database.: state_building_naval_base_max_level_add, near line: 37" in file: "common/state_traits/italy_state_traits.txt" near line: 37
[09:01:33][pdx_persistent_reader.cpp:268]: Error: "Unknown modifier type: building_military_shipyard_throughput_add. It is either invalid, or a potential dynamic modifier type definition missing from the database.: building_military_shipyard_throughput_add, near line: 46" in file: "common/state_traits/italy_state_traits.txt" near line: 46
[09:01:33][pdx_persistent_reader.cpp:268]: Error: "Unknown modifier type: state_building_naval_base_max_level_add. It is either invalid, or a potential dynamic modifier type definition missing from the database.: state_building_naval_base_max_level_add, near line: 49" in file: "common/state_traits/italy_state_traits.txt" near line: 49
[09:01:33][pdx_persistent_reader.cpp:268]: Error: "Unknown modifier type: building_military_shipyard_throughput_add. It is either invalid, or a potential dynamic modifier type definition missing from the database.: building_military_shipyard_throughput_add, near line: 59" in file: "common/state_traits/italy_state_traits.txt" near line: 59
[09:01:33][pdx_persistent_reader.cpp:268]: Error: "Unknown modifier type: state_building_naval_base_max_level_add. It is either invalid, or a potential dynamic modifier type definition missing from the database.: state_building_naval_base_max_level_add, near line: 60" in file: "common/state_traits/italy_state_traits.txt" near line: 60
[09:01:33][pdx_persistent_reader.cpp:268]: Error: "Unknown modifier type: building_military_shipyard_throughput_add. It is either invalid, or a potential dynamic modifier type definition missing from the database.: building_military_shipyard_throughput_add, near line: 69" in file: "common/state_traits/italy_state_traits.txt" near line: 69
[09:01:33][pdx_persistent_reader.cpp:268]: Error: "Unknown modifier type: state_building_naval_base_max_level_add. It is either invalid, or a potential dynamic modifier type definition missing from the database.: state_building_naval_base_max_level_add, near line: 72" in file: "common/state_traits/italy_state_traits.txt" near line: 72
[09:01:33][pdx_persistent_reader.cpp:268]: Error: "Unknown modifier type: building_military_shipyard_throughput_add. It is either invalid, or a potential dynamic modifier type definition missing from the database.: building_military_shipyard_throughput_add, near line: 6" in file: "common/state_traits/otomanos_traits.txt" near line: 6
[09:01:33][pdx_persistent_reader.cpp:268]: Error: "Unknown modifier type: state_building_naval_base_max_level_add. It is either invalid, or a potential dynamic modifier type definition missing from the database.: state_building_naval_base_max_level_add, near line: 8" in file: "common/state_traits/otomanos_traits.txt" near line: 8
[09:01:33][pdx_persistent_reader.cpp:268]: Error: "Unknown modifier type: building_military_shipyard_throughput_add. It is either invalid, or a potential dynamic modifier type definition missing from the database.: building_military_shipyard_throughput_add, near line: 22" in file: "common/state_traits/spain_traits.txt" near line: 22
[09:01:33][pdx_persistent_reader.cpp:268]: Error: "Unknown modifier type: state_building_naval_base_max_level_add. It is either invalid, or a potential dynamic modifier type definition missing from the database.: state_building_naval_base_max_level_add, near line: 25" in file: "common/state_traits/spain_traits.txt" near line: 25
[09:01:33][pdx_persistent_reader.cpp:268]: Error: "Unknown modifier type: building_military_shipyard_throughput_add. It is either invalid, or a potential dynamic modifier type definition missing from the database.: building_military_shipyard_throughput_add, near line: 43" in file: "common/state_traits/spain_traits.txt" near line: 43
[09:01:33][pdx_persistent_reader.cpp:268]: Error: "Unknown modifier type: state_building_naval_base_max_level_add. It is either invalid, or a potential dynamic modifier type definition missing from the database.: state_building_naval_base_max_level_add, near line: 45" in file: "common/state_traits/spain_traits.txt" near line: 45
[09:01:33][pdx_persistent_reader.cpp:268]: Error: "Unknown modifier type: building_military_shipyard_throughput_add. It is either invalid, or a potential dynamic modifier type definition missing from the database.: building_military_shipyard_throughput_add, near line: 63" in file: "common/state_traits/spain_traits.txt" near line: 63
[09:01:33][pdx_persistent_reader.cpp:268]: Error: "Unknown modifier type: state_building_naval_base_max_level_add. It is either invalid, or a potential dynamic modifier type definition missing from the database.: state_building_naval_base_max_level_add, near line: 65" in file: "common/state_traits/spain_traits.txt" near line: 65
[09:01:33][pdx_persistent_reader.cpp:268]: Error: "Unknown modifier type: state_building_naval_base_max_level_add. It is either invalid, or a potential dynamic modifier type definition missing from the database.: state_building_naval_base_max_level_add, near line: 187" in file: "common/state_traits/05_western_europe_traits.txt" near line: 187
[09:01:33][pdx_persistent_reader.cpp:268]: Error: "Unknown modifier type: building_military_shipyard_throughput_add. It is either invalid, or a potential dynamic modifier type definition missing from the database.: building_military_shipyard_throughput_add, near line: 24" in file: "common/state_traits/canada_traits.txt" near line: 24
[09:01:33][pdx_persistent_reader.cpp:268]: Error: "Unknown modifier type: state_building_naval_base_max_level_add. It is either invalid, or a potential dynamic modifier type definition missing from the database.: state_building_naval_base_max_level_add, near line: 26" in file: "common/state_traits/canada_traits.txt" near line: 26
[09:01:33][pdx_persistent_reader.cpp:268]: Error: "Unknown modifier type: state_building_naval_base_max_level_add. It is either invalid, or a potential dynamic modifier type definition missing from the database.: state_building_naval_base_max_level_add, near line: 7" in file: "common/state_traits/usa_traits.txt" near line: 7
[09:01:33][pdx_persistent_reader.cpp:268]: Error: "Unknown modifier type: state_loyalists_from_sol_change_mult. It is either invalid, or a potential dynamic modifier type definition missing from the database.: state_loyalists_from_sol_change_mult, near line: 809" in file: "common/production_methods/monuments_mhmbd.txt" near line: 809
[09:01:33][pdx_persistent_reader.cpp:268]: Error: "Unknown modifier type: state_loyalists_from_sol_change_mult. It is either invalid, or a potential dynamic modifier type definition missing from the database.: state_loyalists_from_sol_change_mult, near line: 380" in file: "common/production_methods/monuments_mhmbd.txt" near line: 380
[09:01:33][lexer.cpp:285]: File 'common/production_method_groups/pmg_canal_kiel.txt' should be in utf8-bom encoding (will try to use it anyways)
[09:01:33][gamedatabase.h:378]: Duplicated key pmg_base_building_victoria_terminus will not be created from file: common/production_method_groups/08_monuments.txt:593
[09:01:33][lexer.cpp:285]: File 'common/script_values/war_exhaustion_mhmbd.txt' should be in utf8-bom encoding (will try to use it anyways)
[09:01:33][jomini_scriptvalue.h:617]: Cannot read [war_exhaustion_from_casualties] as a script value
[09:01:33][jomini_scriptvalue.h:391]: Badly read script value war_exhaustion_from_casualties at common/script_values/war_exhaustion_mhmbd.txt:5
[09:01:33][jomini_scriptvalue.h:617]: Cannot read [war_exhaustion_from_enemy_contested_wargoals] as a script value
[09:01:33][jomini_scriptvalue.h:391]: Badly read script value war_exhaustion_from_enemy_contested_wargoals at common/script_values/war_exhaustion_mhmbd.txt:7
[09:01:33][jomini_scriptvalue.h:617]: Cannot read [scope:war.war_exhaustion_from_acceptance_of_dead(root)] as a script value
[09:01:33][jomini_scriptvalue.h:391]: Badly read script value scope:war.war_exhaustion_from_acceptance_of_dead(root) at common/script_values/war_exhaustion_mhmbd.txt:9
[09:01:33][jomini_scriptvalue.h:617]: Cannot read [war_exhaustion_from_country_turmoil] as a script value
[09:01:33][jomini_scriptvalue.h:391]: Badly read script value war_exhaustion_from_country_turmoil at common/script_values/war_exhaustion_mhmbd.txt:11
[09:01:33][jomini_scriptvalue.h:617]: Cannot read [war_exhaustion_from_lobby_clout] as a script value
[09:01:33][jomini_scriptvalue.h:391]: Badly read script value war_exhaustion_from_lobby_clout at common/script_values/war_exhaustion_mhmbd.txt:15
[09:01:33][jomini_eventtarget_links.cpp:912]: Invalid define, could not find define for 'NWar:WAR_EXHAUSTION_BASE'. Location: common/script_values/war_exhaustion_mhmbd.txt:23
[09:01:33][jomini_eventtarget.cpp:745]: Failed to parse data for event target link. Link: define, location: common/script_values/war_exhaustion_mhmbd.txt:23

[09:01:33][jomini_scriptvalue.h:617]: Cannot read [define:NWar|WAR_EXHAUSTION_BASE] as a script value
[09:01:33][jomini_scriptvalue.h:391]: Badly read script value define:NWar|WAR_EXHAUSTION_BASE at common/script_values/war_exhaustion_mhmbd.txt:23
[09:01:33][jomini_scriptvalue.h:617]: Cannot read [additional_war_exhaustion(scope:war.diplomatic_play)] as a script value
[09:01:33][jomini_scriptvalue.h:391]: Badly read script value additional_war_exhaustion(scope:war.diplomatic_play) at common/script_values/war_exhaustion_mhmbd.txt:167
[09:01:33][jomini_eventtarget_links.cpp:912]: Invalid define, could not find define for 'NWar:WAR_EXHAUSTION_MAX'. Location: common/script_values/war_exhaustion_mhmbd.txt:197
[09:01:33][jomini_eventtarget.cpp:745]: Failed to parse data for event target link. Link: define, location: common/script_values/war_exhaustion_mhmbd.txt:197

[09:01:33][jomini_scriptvalue.h:617]: Cannot read [define:NWar|WAR_EXHAUSTION_MAX] as a script value
[09:01:33][jomini_scriptvalue.h:391]: Badly read script value define:NWar|WAR_EXHAUSTION_MAX at common/script_values/war_exhaustion_mhmbd.txt:197
[09:01:33][jomini_eventtarget_links.cpp:912]: Invalid define, could not find define for 'NWar:WAR_EXHAUSTION_MIN'. Location: common/script_values/war_exhaustion_mhmbd.txt:198
[09:01:33][jomini_eventtarget.cpp:745]: Failed to parse data for event target link. Link: define, location: common/script_values/war_exhaustion_mhmbd.txt:198

[09:01:33][jomini_scriptvalue.h:617]: Cannot read [define:NWar|WAR_EXHAUSTION_MIN] as a script value
[09:01:33][jomini_scriptvalue.h:391]: Badly read script value define:NWar|WAR_EXHAUSTION_MIN at common/script_values/war_exhaustion_mhmbd.txt:198
[09:01:33][pdx_persistent_reader.cpp:268]: Error: "Unknown trigger type: country_is_in_india, near line: 1848" in file: "common/scripted_triggers/00_scripted_triggers.txt" near line: 1850
[09:01:33][jomini_effect.cpp:542]: Unknown effect country_summon_heir_effect at common/scripted_effects/00_scripted_effects.txt:446
[09:01:33][jomini_effect.cpp:542]: Unknown effect country_summon_heir_effect at common/scripted_effects/00_scripted_effects.txt:465
[09:01:33][jomini_effect.cpp:542]: Unknown effect country_summon_heir_effect at common/scripted_effects/00_scripted_effects.txt:479
[09:01:33][jomini_effect.cpp:542]: Unknown effect country_summon_heir_effect at common/scripted_effects/00_scripted_effects.txt:491
[09:01:33][jomini_effect.cpp:542]: Unknown effect country_summon_heir_effect at common/scripted_effects/00_scripted_effects.txt:508
[09:01:33][jomini_effect.cpp:542]: Unknown effect country_summon_heir_effect at common/scripted_effects/00_scripted_effects.txt:576
[09:01:33][jomini_effect.cpp:542]: Unknown effect country_summon_heir_effect at common/scripted_effects/00_scripted_effects.txt:590
[09:01:33][jomini_effect.cpp:542]: Unknown effect country_summon_heir_effect at common/scripted_effects/00_scripted_effects.txt:608
[09:01:33][jomini_effect.cpp:542]: Unknown effect country_summon_heir_effect at common/scripted_effects/00_victoria_heir_generation.txt:202
[09:01:33][jomini_effect.cpp:542]: Unknown effect country_summon_heir_effect at common/scripted_effects/00_victoria_royal_successions.txt:315
[09:01:33][jomini_effect.cpp:542]: Unknown effect country_summon_heir_effect at common/scripted_effects/00_victoria_royal_successions.txt:327
[09:01:33][jomini_effect.cpp:542]: Unknown effect country_summon_heir_effect at common/scripted_effects/00_victoria_royal_successions.txt:339
[09:01:33][jomini_effect.cpp:542]: Unknown effect country_summon_heir_effect at common/scripted_effects/00_victoria_royal_successions.txt:351
[09:01:33][jomini_effect.cpp:542]: Unknown effect country_summon_heir_effect at common/scripted_effects/00_victoria_royal_successions.txt:365
[09:01:33][jomini_effect.cpp:542]: Unknown effect summon_generic_make_ruler_effect at common/scripted_effects/00_victoria_ip4_scripted_effects.txt:1989
[09:01:33][jomini_effect.cpp:542]: Unknown effect country_summon_heir_effect at common/scripted_effects/00_victoria_royal_successions.txt:376
[09:01:33][jomini_effect.cpp:542]: Unknown effect summon_generic_make_ruler_effect at common/scripted_effects/00_victoria_ip4_scripted_effects.txt:1989
[09:01:33][jomini_effect.cpp:542]: Unknown effect country_summon_heir_effect at common/scripted_effects/00_victoria_royal_successions.txt:391
[09:01:33][jomini_effect.cpp:542]: Unknown effect summon_generic_make_ruler_effect at common/scripted_effects/00_victoria_ip4_scripted_effects.txt:1989
[09:01:33][jomini_effect.cpp:542]: Unknown effect country_summon_heir_effect at common/scripted_effects/00_victoria_royal_successions.txt:406
[09:01:33][jomini_effect.cpp:542]: Unknown effect country_summon_heir_effect at common/scripted_effects/00_victoria_royal_successions.txt:421
[09:01:33][jomini_effect.cpp:542]: Unknown effect summon_generic_make_ruler_effect at common/scripted_effects/00_victoria_ip4_scripted_effects.txt:1989
[09:01:33][jomini_effect.cpp:542]: Unknown effect country_summon_heir_effect at common/scripted_effects/00_victoria_royal_successions.txt:438
[09:01:33][jomini_effect.cpp:542]: Unknown effect country_summon_heir_effect at common/scripted_effects/00_victoria_royal_successions.txt:449
[09:01:33][jomini_effect.cpp:542]: Unknown effect summon_generic_make_ruler_effect at common/scripted_effects/00_victoria_ip4_scripted_effects.txt:1989
[09:01:33][jomini_effect.cpp:542]: Unknown effect country_summon_heir_effect at common/scripted_effects/00_victoria_royal_successions.txt:460
[09:01:33][jomini_effect.cpp:542]: Unknown effect summon_generic_make_ruler_effect at common/scripted_effects/00_victoria_ip4_scripted_effects.txt:1989
[09:01:33][jomini_effect.cpp:542]: Unknown effect summon_generic_make_ruler_effect at common/scripted_effects/00_victoria_ip4_scripted_effects.txt:1989
[09:01:33][jomini_effect.cpp:542]: Unknown effect summon_generic_make_ruler_effect at common/scripted_effects/00_victoria_ip4_scripted_effects.txt:1989
[09:01:33][jomini_effect.cpp:542]: Unknown effect summon_generic_make_ruler_effect at common/scripted_effects/00_victoria_ip4_scripted_effects.txt:1989
[09:01:34][pdx_persistent_reader.cpp:268]: Error: "Failed to read key reference: : , near line: 3
Failed to read key reference: : , near line: 3
Failed to read key reference: : , near line: 3
Failed to read key reference: : , near line: 3
Failed to read key reference: : , near line: 3
Failed to read key reference: : , near line: 3
Failed to read key reference: : , near line: 3
Failed to read key reference: : , near line: 3
Failed to read key reference: : , near line: 3
Failed to read key reference: : , near line: 3" in file: "" near line: 3
[09:01:34][pdx_persistent_reader.cpp:268]: Error: "Failed to read key reference: : , near line: 7
Failed to read key reference: : , near line: 7
Failed to read key reference: : , near line: 7
Failed to read key reference: : , near line: 7
Failed to read key reference: : , near line: 7
Failed to read key reference: : , near line: 7
Failed to read key reference: : , near line: 7
Failed to read key reference: : , near line: 7
Failed to read key reference: : , near line: 7
Failed to read key reference: : , near line: 7
Failed to read key reference: : , near line: 7
Failed to read key reference: : , near line: 7
Failed to read key reference: : , near line: 7" in file: "" near line: 7
[09:01:34][gamedatabase.h:781]: Failed to cache an item for Static Modifiers! Key: war_support_battle_effects

[09:01:34][gamedatabase.h:781]: Failed to cache an item for Static Modifiers! Key: country_gdp_construction

[09:01:34][lexer.cpp:285]: File 'common/ideologies/vanilla_character_ideologies.txt' should be in utf8-bom encoding (will try to use it anyways)
[09:01:34][gamedatabase.h:378]: Duplicated key IBE will not be created from file: common/country_formation/formables_mhmbd.txt:1
[09:01:35][lexer.cpp:285]: File 'common/interest_group_traits/00_industrialists_ig_traits_mhmbd.txt' should be in utf8-bom encoding (will try to use it anyways)
[09:01:35][lexer.cpp:285]: File 'common/decrees/decrees_mhmbd.txt' should be in utf8-bom encoding (will try to use it anyways)
[09:01:35][lexer.cpp:285]: File 'events/GM_Actions_Fill_Mhmbd.txt' should be in utf8-bom encoding (will try to use it anyways)
[09:01:35][jomini_dynamicdescription.cpp:67]: Unrecognized loc key gm_actions_fill.1.z. CEventOptionDesc:139
[09:01:35][jomini_effect.cpp:542]: Unknown effect add_building_level at events/HMPS_00_GM_Actions.txt:345
[09:01:35][jomini_effect.cpp:542]: Unknown effect add_building_level at events/HMPS_00_GM_Actions.txt:353
[09:01:35][jomini_effect.cpp:542]: Unknown effect add_building_level at events/HMPS_00_GM_Actions.txt:377
[09:01:35][jomini_effect.cpp:542]: Unknown effect add_building_level at events/HMPS_00_GM_Actions.txt:385
[09:01:35][jomini_dynamicdescription.cpp:67]: Unrecognized loc key gm_actions.8.t. events/HMPS_00_GM_Money.txt:51
[09:01:35][jomini_dynamicdescription.cpp:67]: Unrecognized loc key gm_actions.9.t. events/HMPS_00_GM_Money.txt:203
[09:01:35][jomini_dynamicdescription.cpp:67]: Unrecognized loc key gm_actions.10.t. events/HMPS_00_GM_Money.txt:345
[09:01:35][jomini_dynamicdescription.cpp:67]: Unrecognized loc key gm_actions.11.t. events/HMPS_00_GM_Money.txt:458
[09:01:35][jomini_dynamicdescription.cpp:67]: Unrecognized loc key gm_actions.12.t. events/HMPS_00_GM_Money.txt:610
[09:01:35][jomini_dynamicdescription.cpp:67]: Unrecognized loc key gm_actions.13.t. events/HMPS_00_GM_Money.txt:752
[09:01:35][jomini_dynamicdescription.cpp:67]: Unrecognized loc key gm_actions.18.t. events/HMPS_00_GM_Money.txt:865
[09:01:35][jomini_dynamicdescription.cpp:67]: Unrecognized loc key gm_actions.18.l. CEventOptionDesc:139
[09:01:35][jomini_dynamicdescription.cpp:67]: Unrecognized loc key gm_actions.19.t. events/HMPS_00_GM_Money.txt:1016
[09:01:35][jomini_dynamicdescription.cpp:67]: Unrecognized loc key manifest_destiny_mexico.1.a. CEventOptionDesc:139
[09:01:35][jomini_eventmanager.cpp:572]: Namespace 'formation' used in event 'formation.17' (file: events/misc_unifications.txt) is not defined in this file - it might not load properly.
[09:01:35][lexer.cpp:285]: File 'events/two_sicilies_events_mhmbd.txt' should be in utf8-bom encoding (will try to use it anyways)
[09:01:35][jomini_eventmanager.cpp:572]: Namespace 'REPLACE_OR_CREATE:historical_agitators' used in event 'REPLACE_OR_CREATE:historical_agitators.14' (file: events/agitators_events/dickens_event.txt) is not defined in this file - it might not load properly.
[09:01:35][jomini_eventmanager.cpp:118]: 'REPLACE_OR_CREATE:historical_agitators.14' does not have a valid namespace
[09:01:35][virtualfilesystem.cpp:569]: Could not find texture due to 'VFSOpen Error: gfx/interface/icons/event_icºons/event_newspaper.dds not found'
[09:01:35][jomini_effect.cpp:542]: Unknown effect designate_character_as_regent at events/iberia_events/regency_events.txt:116
[09:01:35][jomini_effect.cpp:542]: Unknown effect designate_character_as_regent at events/iberia_events/regency_events.txt:132
[09:01:35][jomini_effect.cpp:542]: Unknown effect designate_character_as_regent at events/iberia_events/regency_events.txt:148
[09:01:35][jomini_effect.cpp:542]: Unknown effect designate_character_as_regent at events/iberia_events/regency_events.txt:164
[09:01:35][jomini_effect.cpp:542]: Unknown effect designate_character_as_regent at events/iberia_events/regency_events.txt:315
[09:01:35][jomini_effect.cpp:542]: Unknown effect designate_character_as_regent at events/iberia_events/regency_events.txt:324
[09:01:35][jomini_effect.cpp:542]: Unknown effect designate_character_as_regent at events/iberia_events/regency_events.txt:350
[09:01:35][jomini_effect.cpp:542]: Unknown effect designate_character_as_regent at events/iberia_events/regency_events.txt:375
[09:01:35][jomini_effect.cpp:542]: Unknown effect designate_character_as_regent at events/iberia_events/regency_events.txt:400
[09:01:35][jomini_eventmanager.cpp:440]: Duplicated event ID 'military_tech_events.401' found. New Location: 'events/tech_events/military_tech_events.txt:4', Previous Location: 'events/tech_events/military_tech_events_01.txt:3'
[09:01:35][jomini_eventmanager.cpp:440]: Duplicated event ID 'military_tech_events.402' found. New Location: 'events/tech_events/military_tech_events.txt:98', Previous Location: 'events/tech_events/military_tech_events_01.txt:90'
[09:01:35][jomini_eventmanager.cpp:440]: Duplicated event ID 'military_tech_events.403' found. New Location: 'events/tech_events/military_tech_events.txt:243', Previous Location: 'events/tech_events/military_tech_events_01.txt:242'
[09:01:35][jomini_eventmanager.cpp:440]: Duplicated event ID 'military_tech_events.404' found. New Location: 'events/tech_events/military_tech_events.txt:319', Previous Location: 'events/tech_events/military_tech_events_01.txt:318'
[09:01:35][gamedatabase.h:378]: Duplicated key chi_sun_yat_sen_character_template will not be created from file: common/character_templates/historical_agitators.txt:1777
[09:01:35][pdx_persistent_reader.cpp:268]: Error: "Unexpected token: building_land_logistics_center, near line: 84" in file: "gfx/map/city_data/city_types/french_city.txt" near line: 84
[09:01:35][pdx_persistent_reader.cpp:268]: Error: "Unexpected token: building_land_logistics_center, near line: 52" in file: "gfx/map/city_data/city_types/japan_city.txt" near line: 52
[09:01:36][jomini_trigger.cpp:722]: Inconsistent trigger scopes (battle_side vs. character) incommon/battle_conditions/battle_conditions_mod.txt:68
[09:01:36][jomini_trigger.cpp:722]: Inconsistent trigger scopes (battle_side vs. character) incommon/battle_conditions/battle_conditions_mod.txt:69
[09:01:36][jomini_trigger.cpp:722]: Inconsistent trigger scopes (battle_side vs. character) incommon/battle_conditions/battle_conditions_mod.txt:107
[09:01:36][pdx_persistent_reader.cpp:268]: Error: "Unexpected token: ai_will_do, near line: 11" in file: "common/scripted_buttons/rhine_scripted_buttons_mhmbd.txt" near line: 11
[09:01:36][pdx_persistent_reader.cpp:268]: Error: "Unexpected token: ai_will_do, near line: 74" in file: "common/scripted_buttons/rhine_scripted_buttons_mhmbd.txt" near line: 74
[09:01:36][lexer.cpp:285]: File 'common/scripted_progress_bars/scripted_progress_bars_mhmbd.txt' should be in utf8-bom encoding (will try to use it anyways)
[09:01:36][lexer.cpp:285]: File 'common/journal_entries/05_prestige_goods_mhmbd.txt' should be in utf8-bom encoding (will try to use it anyways)
[09:01:36][lexer.cpp:285]: File 'common/journal_entries/french_monarchy_mhmbd.txt' should be in utf8-bom encoding (will try to use it anyways)
[09:01:36][lexer.cpp:285]: File 'common/journal_entries/je_italian_nation_building.txt' should be in utf8-bom encoding (will try to use it anyways)
[09:01:36][lexer.cpp:285]: File 'common/journal_entries/je_sal_y_vino.txt' should be in utf8-bom encoding (will try to use it anyways)
[09:01:36][lexer.cpp:285]: File 'common/journal_entries/je_two_sicilies.txt' should be in utf8-bom encoding (will try to use it anyways)
[09:01:36][gamedatabase.h:378]: Duplicated key je_brazilian_nation_building will not be created from file: common/journal_entries/04_brazilian_nation_building.txt:1
[09:01:36][pdx_persistent_reader.cpp:268]: Error: "Unexpected token: should_be_pinned_by_default, near line: 127" in file: "common/journal_entries/05_prestige_goods_mhmbd.txt" near line: 127
[09:01:36][pdx_persistent_reader.cpp:268]: Error: "Unexpected token: should_be_pinned_by_default, near line: 256" in file: "common/journal_entries/05_prestige_goods_mhmbd.txt" near line: 256
[09:01:36][pdx_persistent_reader.cpp:268]: Error: "Unexpected token: should_be_pinned_by_default, near line: 385" in file: "common/journal_entries/05_prestige_goods_mhmbd.txt" near line: 385
[09:01:36][pdx_persistent_reader.cpp:268]: Error: "Unexpected token: should_be_pinned_by_default, near line: 514" in file: "common/journal_entries/05_prestige_goods_mhmbd.txt" near line: 514
[09:01:36][pdx_persistent_reader.cpp:268]: Error: "Unknown trigger type: is_ruler, near line: 30" in file: "common/journal_entries/je_age_of_alexander_ii.txt" near line: 31
[09:01:36][pdx_persistent_reader.cpp:268]: Error: "Unknown trigger type: is_ruler, near line: 39" in file: "common/journal_entries/je_age_of_nicholas_i.txt" near line: 40
[09:01:36][pdx_persistent_reader.cpp:268]: Error: "Effect section already read earlier: on_complete, near line: 3" in file: "common/journal_entries/french_monarchy_mhmbd.txt" near line: 13
[09:01:36][pdx_persistent_reader.cpp:268]: Error: "Unknown trigger type: highest_ranked_commander, near line: 324" in file: "common/mobilization_options/00_mobilization_option.txt" near line: 331
[09:01:36][pdx_persistent_reader.cpp:268]: Error: "Failed to read key reference: STATE_GREATER_MASSACHUSETTS: STATE_GREATER_MASSACHUSETTS, near line: 645" in file: "common/company_types/00_companies_mp1.txt" near line: 645
[09:01:36][jomini_trigger.cpp:722]: Inconsistent trigger scopes (country vs. culture) incommon/company_types/companies_mhmbd.txt:306
[09:01:36][pdx_persistent_reader.cpp:268]: Error: "Unknown trigger type: count, near line: 1812" in file: "common/company_types/companies_mhmbd.txt" near line: 1819
[09:01:36][pdx_persistent_reader.cpp:268]: Error: "Unknown trigger type: ?=, near line: 1890" in file: "common/company_types/companies_mhmbd.txt" near line: 1893
[09:01:36][pdx_persistent_reader.cpp:268]: Error: "Unknown trigger type: count, near line: 1967" in file: "common/company_types/companies_mhmbd.txt" near line: 1974
[09:01:36][pdx_persistent_reader.cpp:268]: Error: "Unknown modifier type: bg_mining_throughput_add. It is either invalid, or a potential dynamic modifier type definition missing from the database.: bg_mining_throughput_add, near line: 2226" in file: "common/company_types/companies_mhmbd.txt" near line: 2226
[09:01:36][pdx_persistent_reader.cpp:268]: Error: "Unknown trigger type: ?=, near line: 2821" in file: "common/company_types/companies_mhmbd.txt" near line: 2824
[09:01:36][pdx_persistent_reader.cpp:268]: Error: "Unknown modifier type: country_war_exhaustion_casualties_mult. It is either invalid, or a potential dynamic modifier type definition missing from the database.: country_war_exhaustion_casualties_mult, near line: 455" in file: "common/power_bloc_principles/00_power_bloc_principles.txt" near line: 455
[09:01:36][pdx_persistent_reader.cpp:268]: Error: "Unknown modifier type: country_war_exhaustion_casualties_mult. It is either invalid, or a potential dynamic modifier type definition missing from the database.: country_war_exhaustion_casualties_mult, near line: 476" in file: "common/power_bloc_principles/00_power_bloc_principles.txt" near line: 476
[09:01:36][pdx_persistent_reader.cpp:268]: Error: "Unknown modifier type: power_bloc_religion_trade_route_competitiveness_mult. It is either invalid, or a potential dynamic modifier type definition missing from the database.: power_bloc_religion_trade_route_competitiveness_mult, near line: 1059" in file: "common/power_bloc_principles/00_power_bloc_principles.txt" near line: 1059
[09:01:36][pdx_persistent_reader.cpp:268]: Error: "Unknown modifier type: country_party_whip_impact_mult. It is either invalid, or a potential dynamic modifier type definition missing from the database.: country_party_whip_impact_mult, near line: 1347" in file: "common/power_bloc_principles/00_power_bloc_principles.txt" near line: 1347
[09:01:36][pdx_persistent_reader.cpp:268]: Error: "Unknown modifier type: country_party_whip_impact_mult. It is either invalid, or a potential dynamic modifier type definition missing from the database.: country_party_whip_impact_mult, near line: 1369" in file: "common/power_bloc_principles/00_power_bloc_principles.txt" near line: 1369
[09:01:36][pdx_persistent_reader.cpp:268]: Error: "Unknown modifier type: country_institution_size_change_speed_institution_health_system_mult. It is either invalid, or a potential dynamic modifier type definition missing from the database.: country_institution_size_change_speed_institution_health_system_mult, near line: 1521" in file: "common/power_bloc_principles/00_power_bloc_principles.txt" near line: 1521
[09:01:36][pdx_persistent_reader.cpp:268]: Error: "Unknown modifier type: country_institution_size_change_speed_institution_health_system_mult. It is either invalid, or a potential dynamic modifier type definition missing from the database.: country_institution_size_change_speed_institution_health_system_mult, near line: 1546" in file: "common/power_bloc_principles/00_power_bloc_principles.txt" near line: 1546
[09:01:36][pdx_persistent_reader.cpp:268]: Error: "Unknown modifier type: country_institution_size_change_speed_institution_health_system_mult. It is either invalid, or a potential dynamic modifier type definition missing from the database.: country_institution_size_change_speed_institution_health_system_mult, near line: 1562" in file: "common/power_bloc_principles/00_power_bloc_principles.txt" near line: 1562
[09:01:36][pdx_persistent_reader.cpp:268]: Error: "Unknown modifier type: building_group_building_rubber_plantation_unincorporated_throughput_add. It is either invalid, or a potential dynamic modifier type definition missing from the database.: building_group_building_rubber_plantation_unincorporated_throughput_add, near line: 1683" in file: "common/power_bloc_principles/00_power_bloc_principles.txt" near line: 1683
[09:01:36][pdx_persistent_reader.cpp:268]: Error: "Unknown modifier type: building_group_building_rubber_plantation_unincorporated_throughput_add. It is either invalid, or a potential dynamic modifier type definition missing from the database.: building_group_building_rubber_plantation_unincorporated_throughput_add, near line: 1712" in file: "common/power_bloc_principles/00_power_bloc_principles.txt" near line: 1712
[09:01:36][jomini_script_argument.cpp:217]: Compiling source for can_reach_target_country failed for missing arguments: TARGET_COUNTRY, TARGET_COUNTRY, TARGET_COUNTRY, TARGET_COUNTRY. At common/scripted_triggers/00_scripted_triggers.txt:1058
[09:01:36][jomini_script_argument.cpp:217]: Compiling source for can_reach_target_state failed for missing arguments: TARGET_STATE, TARGET_STATE, TARGET_STATE. At common/scripted_triggers/00_scripted_triggers.txt:1087
[09:01:36][pdx_persistent_reader.cpp:268]: Error: "Unexpected token: region_pacific_coast, near line: 5264" in file: "common/ai_strategies/00_default_strategy.txt" near line: 5271
[09:01:36][pdx_persistent_reader.cpp:268]: Error: "Unexpected token: region_great_plains, near line: 5272" in file: "common/ai_strategies/00_default_strategy.txt" near line: 5279
[09:01:36][pdx_persistent_reader.cpp:268]: Error: "Unexpected token: region_dixie, near line: 5280" in file: "common/ai_strategies/00_default_strategy.txt" near line: 5287
[09:01:36][pdx_persistent_reader.cpp:268]: Error: "Unexpected token: region_new_england, near line: 5288" in file: "common/ai_strategies/00_default_strategy.txt" near line: 5295
[09:01:36][pdx_persistent_reader.cpp:268]: Error: "Unexpected token: region_canada, near line: 5296" in file: "common/ai_strategies/00_default_strategy.txt" near line: 5303
[09:01:36][pdx_persistent_reader.cpp:268]: Error: "Unexpected token: region_the_midwest, near line: 5304" in file: "common/ai_strategies/00_default_strategy.txt" near line: 5311
[09:01:36][pdx_persistent_reader.cpp:268]: Error: "Unexpected token: region_central_america, near line: 5312" in file: "common/ai_strategies/00_default_strategy.txt" near line: 5326
[09:01:36][pdx_persistent_reader.cpp:268]: Error: "Unknown trigger type: ai_opium_dealer_no_alliance_trigger, near line: 430" in file: "common/treaty_articles/01_defensive_pact.txt" near line: 431
[09:01:36][pdx_persistent_reader.cpp:268]: Error: "Unknown trigger type: ai_opium_dealer_no_alliance_trigger, near line: 327" in file: "common/treaty_articles/02_guarantee_independence.txt" near line: 328
[09:01:36][pdx_persistent_reader.cpp:268]: Error: "Failed to read key reference: dp_sepoy_mutiny: dp_sepoy_mutiny, near line: 27" in file: "common/treaty_articles/03_support_independence.txt" near line: 28
[09:01:37][jomini_onaction.cpp:29]: No on_action scripted with tag spooky_halloween_events cannot link
[09:01:37][jomini_onaction.cpp:29]: No on_action scripted with tag HMPS_Check_for_GM cannot link
[09:01:37][jomini_onaction.cpp:789]: Couldn't find predefined on action named on_diplo_play_subject_backstab_overlord
[09:01:37][jomini_onaction.cpp:789]: Couldn't find predefined on action named on_amendment_timeout
[09:01:37][jomini_onaction.cpp:789]: Couldn't find predefined on action named on_commander_promoted
[09:01:37][jomini_onaction.cpp:789]: Couldn't find predefined on action named on_treaty_ports_inherited
[09:01:37][jomini_effect.cpp:542]: Unknown effect designate_character_as_regent at common/history/characters/brz - brazil.txt:20
[09:01:37][jomini_effect.cpp:542]: Unknown effect designate_character_as_regent at common/history/characters/ida - idar.txt:7
[09:01:37][jomini_effect.cpp:542]: Unknown effect designate_character_as_regent at common/history/characters/jai - jaipur.txt:7
[09:01:37][jomini_effect.cpp:542]: Unknown effect designate_character_as_regent at common/history/characters/joh - johore.txt:6
[09:01:37][jomini_effect.cpp:542]: Unknown effect designate_character_as_regent at common/history/characters/kor - korea.txt:6
[09:01:37][jomini_effect.cpp:542]: Unknown effect designate_character_as_regent at common/history/characters/mnp - manipur.txt:10
[09:01:37][jomini_effect.cpp:542]: Unknown effect designate_character_as_regent at common/history/characters/spa - spain.txt:6
[09:01:37][lexer.cpp:285]: File 'common/history/countries/sic - two sicilies.txt' should be in utf8-bom encoding (will try to use it anyways)
[09:01:38][lexer.cpp:285]: File 'common/history/global/italy_mhmbd.txt' should be in utf8-bom encoding (will try to use it anyways)
[09:01:38][pdx_persistent_reader.cpp:268]: Error: "Wrong type parsed in create_character effect: hq_region, near line: 1326" in file: "common/history/military_formations/05_military_formations_india.txt" near line: 1335
[09:01:38][lexer.cpp:285]: File 'common/history/political_movements/political_movements_mhmbd.txt' should be in utf8-bom encoding (will try to use it anyways)
[09:01:38][jomini_named_values.cpp:68]: The game expects the named value 'diplomatic_play_acceptance' to exist, but it does not
[09:01:38][pdx_online_telemetry.cpp:25]: [telemetry] quality:custom
[09:01:38][pdx_online_telemetry.cpp:25]: [telemetry] shadowmap_resolution:1024x1024
[09:01:38][pdx_online_telemetry.cpp:25]: [telemetry] texture_quality:ultra
[09:01:38][pdx_online_telemetry.cpp:25]: [telemetry] anti_aliasing:MSAAx4
[09:01:38][pdx_online_telemetry.cpp:25]: [telemetry] scale:1
[09:01:38][pdx_json_settings.cpp:425]: [SPdxJsonSettingsIO] Category:"System" Setting:"common" won't be written 
[09:01:38][jomini_trigger.cpp:224]: PostValidate of trigger 'has_template' returned false at gfx/portraits/portrait_modifiers/01_clothes.txt:4377
[09:01:38][jomini_trigger.cpp:224]: PostValidate of trigger 'has_template' returned false at gfx/portraits/portrait_modifiers/01_clothes.txt:4378
[09:01:38][jomini_trigger.cpp:224]: PostValidate of trigger 'has_template' returned false at gfx/portraits/portrait_modifiers/01_headgear.txt:45
[09:01:38][jomini_trigger.cpp:224]: PostValidate of trigger 'has_template' returned false at gfx/portraits/portrait_modifiers/01_headgear.txt:46
[09:01:38][jomini_trigger.cpp:224]: PostValidate of trigger 'has_technology_researched' returned false at events/soi_events/00_lobbies_events_03.txt:2147
[09:01:38][jomini_trigger.cpp:224]: PostValidate of trigger 'has_technology_researched' returned false at events/soi_events/00_lobbies_events_03.txt:2149
[09:01:38][jomini_trigger.cpp:224]: PostValidate of trigger 'can_research' returned false at events/soi_events/00_lobbies_events_03.txt:2150
[09:01:38][jomini_trigger.cpp:224]: PostValidate of trigger 'has_technology_researched' returned false at events/soi_events/00_lobbies_events_03.txt:2194
[09:01:38][jomini_trigger.cpp:224]: PostValidate of trigger 'has_technology_researched' returned false at events/soi_events/00_lobbies_events_03.txt:2196
[09:01:38][jomini_trigger.cpp:224]: PostValidate of trigger 'can_research' returned false at events/soi_events/00_lobbies_events_03.txt:2197
[09:01:38][jomini_trigger.cpp:224]: PostValidate of trigger 'has_technology_researched' returned false at events/soi_events/00_lobbies_events_03.txt:2264
[09:01:38][jomini_trigger.cpp:224]: PostValidate of trigger 'can_research' returned false at events/soi_events/00_lobbies_events_03.txt:2265
[09:01:38][jomini_trigger.cpp:224]: PostValidate of trigger 'has_technology_researched' returned false at common/character_templates/country_jap.txt:131
[09:01:38][jomini_trigger.cpp:224]: PostValidate of trigger 'is_company_type' returned false at common/on_actions/00_code_on_actions.txt:1416
[09:01:38][jomini_trigger.cpp:224]: PostValidate of trigger 'has_journal_entry' returned false at common/on_actions/00_code_on_actions.txt:5499
[09:01:38][jomini_trigger.cpp:224]: PostValidate of trigger 'has_active_production_method' returned false at gfx/map/city_data/city_centerpiece/balkan_centerpieces.txt:57
[09:01:38][jomini_trigger.cpp:224]: PostValidate of trigger 'has_active_production_method' returned false at gfx/map/city_data/city_centerpiece/balkan_centerpieces.txt:59
[09:01:38][jomini_trigger.cpp:224]: PostValidate of trigger 'has_active_production_method' returned false at gfx/map/city_data/city_centerpiece/japan_centerpieces.txt:57
[09:01:38][jomini_trigger.cpp:224]: PostValidate of trigger 'has_active_production_method' returned false at gfx/map/city_data/city_centerpiece/japan_centerpieces.txt:59
[09:01:38][jomini_trigger.cpp:224]: PostValidate of trigger 'has_active_production_method' returned false at gfx/map/spline_network/route_graphics/02_railroad_vehicles.txt:897
[09:01:38][jomini_trigger.cpp:224]: PostValidate of trigger 'has_active_production_method' returned false at gfx/map/spline_network/route_graphics/02_railroad_vehicles.txt:908
[09:01:38][jomini_trigger.cpp:224]: PostValidate of trigger 'has_journal_entry' returned false at common/journal_entries/00_abolish_monarchy.txt:70
[09:01:38][jomini_trigger.cpp:224]: PostValidate of trigger 'has_journal_entry' returned false at common/journal_entries/04_imperialism_of_promise.txt:63
[09:01:38][jomini_trigger.cpp:224]: PostValidate of trigger 'custom_tooltip' returned false at common/company_types/companies_mhmbd.txt:1078
[09:01:38][jomini_trigger.cpp:224]: PostValidate of trigger 'custom_tooltip' returned false at common/company_types/companies_mhmbd.txt:2030
[09:01:38][jomini_trigger.cpp:224]: PostValidate of trigger 'custom_tooltip' returned false at common/company_types/companies_mhmbd.txt:2520
[09:01:38][jomini_trigger.cpp:224]: PostValidate of trigger 'has_strategy' returned false at common/diplomatic_catalysts/00_diplomatic_catalysts.txt:1681
[09:01:38][jomini_trigger.cpp:224]: PostValidate of trigger 'can_reach_target_country' returned false at common/scripted_triggers/00_ai_triggers.txt:155
[09:01:38][jomini_trigger.cpp:224]: PostValidate of trigger 'has_journal_entry' returned false at common/scripted_triggers/00_ai_triggers.txt:172
[09:01:38][jomini_trigger.cpp:224]: PostValidate of trigger 'can_reach_target_country' returned false at common/scripted_triggers/00_ai_triggers.txt:297
[09:01:38][jomini_trigger.cpp:224]: PostValidate of trigger 'can_reach_target_country' returned false at common/scripted_triggers/00_ai_triggers.txt:367
[09:01:38][jomini_trigger.cpp:224]: PostValidate of trigger 'can_reach_target_country' returned false at common/scripted_triggers/00_ai_triggers.txt:426
[09:01:38][jomini_trigger.cpp:224]: PostValidate of trigger 'can_reach_target_country' returned false at common/scripted_triggers/00_ai_triggers.txt:498
[09:01:38][jomini_trigger.cpp:224]: PostValidate of trigger 'is_building_type' returned false at common/political_movements/00_ideological_movements.txt:998
[09:01:38][jomini_trigger.cpp:224]: PostValidate of trigger 'is_unification_candidate' returned false at common/political_movements/03_pan_national_movements.txt:1875
[09:01:38][jomini_trigger.cpp:224]: PostValidate of trigger 'is_unification_candidate' returned false at common/political_movements/03_pan_national_movements.txt:1877
[09:01:38][jomini_trigger.cpp:224]: PostValidate of trigger 'is_unification_candidate' returned false at common/political_movements/03_pan_national_movements.txt:1890
[09:01:38][jomini_trigger.cpp:224]: PostValidate of trigger 'is_unification_candidate' returned false at common/political_movements/03_pan_national_movements.txt:1893
[09:01:38][jomini_trigger.cpp:224]: PostValidate of trigger 'is_unification_candidate' returned false at common/political_movements/03_pan_national_movements.txt:1912
[09:01:38][jomini_trigger.cpp:224]: PostValidate of trigger 'can_reach_target_state' returned false at common/ai_strategies/00_default_strategy.txt:1320
[09:01:38][jomini_trigger.cpp:224]: PostValidate of trigger 'can_reach_target_state' returned false at common/scripted_triggers/00_ai_triggers.txt:22
[09:01:38][jomini_trigger.cpp:224]: PostValidate of trigger 'can_reach_target_state' returned false at common/scripted_triggers/00_ai_triggers.txt:54
[09:01:38][jomini_trigger.cpp:224]: PostValidate of trigger 'can_reach_target_state' returned false at common/scripted_triggers/00_ai_triggers.txt:64
[09:01:38][jomini_trigger.cpp:224]: PostValidate of trigger 'can_reach_target_state' returned false at common/ai_strategies/00_default_strategy.txt:2044
[09:01:38][jomini_trigger.cpp:224]: PostValidate of trigger 'can_reach_target_country' returned false at common/ai_strategies/00_default_strategy.txt:2065
[09:01:38][jomini_trigger.cpp:224]: PostValidate of trigger 'can_reach_target_country' returned false at common/ai_strategies/00_default_strategy.txt:3253
[09:01:38][jomini_trigger.cpp:224]: PostValidate of trigger 'can_reach_target_country' returned false at common/ai_strategies/00_default_strategy.txt:3272
[09:01:38][jomini_trigger.cpp:224]: PostValidate of trigger 'can_reach_target_country' returned false at common/ai_strategies/00_default_strategy.txt:3291
[09:01:38][jomini_trigger.cpp:224]: PostValidate of trigger 'can_reach_target_country' returned false at common/ai_strategies/00_default_strategy.txt:4830
[09:01:38][jomini_trigger.cpp:224]: PostValidate of trigger 'can_reach_target_country' returned false at common/ai_strategies/00_default_strategy.txt:6207
[09:01:38][jomini_trigger.cpp:224]: PostValidate of trigger 'can_reach_target_country' returned false at common/ai_strategies/00_default_strategy.txt:6379
[09:01:38][jomini_trigger.cpp:224]: PostValidate of trigger 'can_reach_target_country' returned false at common/ai_strategies/00_default_strategy.txt:6811
[09:01:38][jomini_trigger.cpp:224]: PostValidate of trigger 'can_reach_target_country' returned false at common/ai_strategies/00_default_strategy.txt:6858
[09:01:38][jomini_trigger.cpp:224]: PostValidate of trigger 'can_reach_target_country' returned false at common/ai_strategies/00_default_strategy.txt:6965
[09:01:38][jomini_trigger.cpp:224]: PostValidate of trigger 'can_reach_target_country' returned false at common/ai_strategies/00_default_strategy.txt:7377
[09:01:38][jomini_trigger.cpp:224]: PostValidate of trigger 'can_reach_target_country' returned false at common/ai_strategies/00_default_strategy.txt:7394
[09:01:38][jomini_trigger.cpp:224]: PostValidate of trigger 'can_reach_target_country' returned false at common/ai_strategies/00_default_strategy.txt:7693
[09:01:38][jomini_trigger.cpp:224]: PostValidate of trigger 'can_reach_target_country' returned false at common/ai_strategies/00_default_strategy.txt:8012
[09:01:38][jomini_trigger.cpp:224]: PostValidate of trigger 'can_reach_target_country' returned false at common/ai_strategies/02_diplomatic_strategies.txt:277
[09:01:38][jomini_trigger.cpp:224]: PostValidate of trigger 'can_reach_target_state' returned false at common/ai_strategies/02_diplomatic_strategies.txt:1206
[09:01:38][jomini_trigger.cpp:224]: PostValidate of trigger 'can_reach_target_country' returned false at common/ai_strategies/02_diplomatic_strategies.txt:1233
[09:01:38][jomini_trigger.cpp:224]: PostValidate of trigger 'can_reach_target_country' returned false at common/ai_strategies/02_diplomatic_strategies.txt:1266
[09:01:38][jomini_trigger.cpp:224]: PostValidate of trigger 'can_reach_target_state' returned false at common/ai_strategies/02_diplomatic_strategies.txt:1513
[09:01:38][jomini_trigger.cpp:224]: PostValidate of trigger 'can_reach_target_state' returned false at common/ai_strategies/02_diplomatic_strategies.txt:1805
[09:01:38][jomini_trigger.cpp:224]: PostValidate of trigger 'can_reach_target_state' returned false at common/ai_strategies/02_diplomatic_strategies.txt:2084
[09:01:38][jomini_trigger.cpp:224]: PostValidate of trigger 'can_reach_target_country' returned false at common/ai_strategies/02_diplomatic_strategies.txt:2097
[09:01:38][jomini_trigger.cpp:224]: PostValidate of trigger 'can_reach_target_country' returned false at common/ai_strategies/02_diplomatic_strategies.txt:2122
[09:01:38][jomini_trigger.cpp:224]: PostValidate of trigger 'can_reach_target_country' returned false at common/ai_strategies/02_diplomatic_strategies.txt:2139
[09:01:38][jomini_trigger.cpp:224]: PostValidate of trigger 'can_reach_target_country' returned false at common/ai_strategies/02_diplomatic_strategies.txt:2911
[09:01:38][jomini_trigger.cpp:224]: PostValidate of trigger 'can_reach_target_state' returned false at common/ai_strategies/02_diplomatic_strategies.txt:3151
[09:01:38][jomini_trigger.cpp:224]: PostValidate of trigger 'can_reach_target_country' returned false at common/treaty_articles/07_foreign_investment_rights.txt:468
[09:01:39][jomini_eventmanager.cpp:118]: 'raj.1' does not have a valid namespace
[09:01:39][jomini_eventmanager.cpp:118]: 'raj.1' does not have a valid namespace
[09:01:39][jomini_eventmanager.cpp:118]: 'india_home_rule_events.2' does not have a valid namespace
[09:01:39][jomini_eventmanager.cpp:118]: 'india_home_rule_events.9' does not have a valid namespace
[09:01:39][jomini_eventmanager.cpp:118]: 'india_home_rule_events.10' does not have a valid namespace
[09:01:39][jomini_eventmanager.cpp:118]: 'india_home_rule_events.7' does not have a valid namespace
[09:01:39][jomini_eventmanager.cpp:118]: 'india_home_rule_events.3' does not have a valid namespace
[09:01:39][jomini_eventmanager.cpp:118]: 'india_home_rule_events.1' does not have a valid namespace
[09:01:39][jomini_eventmanager.cpp:118]: 'india_home_rule_events.8' does not have a valid namespace
[09:01:39][jomini_eventmanager.cpp:118]: 'india_home_rule_events.10' does not have a valid namespace
[09:01:39][jomini_effect.cpp:141]: PostValidate of effect 'change_variable' returned false at common/scripted_effects/scripted_effects_mhmbd.txt:30
[09:01:39][jomini_effect.cpp:141]: PostValidate of effect 'change_variable' returned false at common/scripted_effects/scripted_effects_mhmbd.txt:46
[09:01:39][jomini_effect.cpp:141]: PostValidate of effect 'change_variable' returned false at common/scripted_effects/scripted_effects_mhmbd.txt:62
[09:01:39][jomini_effect.cpp:141]: PostValidate of effect 'add_technology_progress' returned false at events/soi_events/00_lobbies_events_03.txt:2267
[09:01:39][jomini_effect.cpp:141]: PostValidate of effect 'custom_tooltip' returned false at common/journal_entries/05_prestige_goods_mhmbd.txt:99
[09:01:39][jomini_effect.cpp:141]: PostValidate of effect 'post_notification' returned false at common/journal_entries/05_prestige_goods_mhmbd.txt:106
[09:01:39][jomini_effect.cpp:141]: PostValidate of effect 'custom_tooltip' returned false at common/journal_entries/05_prestige_goods_mhmbd.txt:228
[09:01:39][jomini_effect.cpp:141]: PostValidate of effect 'post_notification' returned false at common/journal_entries/05_prestige_goods_mhmbd.txt:235
[09:01:39][jomini_effect.cpp:141]: PostValidate of effect 'custom_tooltip' returned false at common/journal_entries/05_prestige_goods_mhmbd.txt:357
[09:01:39][jomini_effect.cpp:141]: PostValidate of effect 'post_notification' returned false at common/journal_entries/05_prestige_goods_mhmbd.txt:364
[09:01:39][jomini_effect.cpp:141]: PostValidate of effect 'custom_tooltip' returned false at common/journal_entries/05_prestige_goods_mhmbd.txt:486
[09:01:39][jomini_effect.cpp:141]: PostValidate of effect 'post_notification' returned false at common/journal_entries/05_prestige_goods_mhmbd.txt:493
[09:01:39][jomini_effect.cpp:141]: PostValidate of effect 'create_building' returned false at common/history/buildings/00_west_europe.txt:3240
[09:01:39][jomini_effect.cpp:141]: PostValidate of effect 'create_character' returned false at common/history/characters/gbr - great britain.txt:39
[09:01:39][jomini_effect.cpp:141]: PostValidate of effect 'create_character' returned false at common/history/characters/gbr - great britain.txt:43
[09:01:39][jomini_effect.cpp:141]: PostValidate of effect 'create_character' returned false at common/history/characters/rus - russia.txt:47
[09:01:39][jomini_effect.cpp:141]: PostValidate of effect 'create_character' returned false at common/history/characters/tur - ottomans.txt:118
[09:01:39][jomini_effect.cpp:141]: PostValidate of effect 'create_character' returned false at common/history/characters/tur - ottomans.txt:134
[09:01:39][jomini_effect.cpp:141]: PostValidate of effect 'add_journal_entry' returned false at common/history/countries/bic - british east india company.txt:42
[09:01:39][jomini_effect.cpp:141]: PostValidate of effect 'create_character' returned false at common/history/military_formations/00_military_formations_europe.txt:1092
[09:01:39][jomini_effect.cpp:141]: PostValidate of effect 'create_character' returned false at common/history/military_formations/00_military_formations_europe.txt:1255
[09:01:39][jomini_effect.cpp:141]: PostValidate of effect 'create_character' returned false at common/history/military_formations/00_military_formations_europe.txt:1718
[09:01:39][jomini_effect.cpp:141]: PostValidate of effect 'create_character' returned false at common/history/military_formations/00_military_formations_europe.txt:1902
[09:01:39][jomini_effect.cpp:141]: PostValidate of effect 'create_character' returned false at common/history/military_formations/00_military_formations_europe.txt:1991
[09:01:39][jomini_effect.cpp:141]: PostValidate of effect 'create_character' returned false at common/history/military_formations/00_military_formations_europe.txt:2171
[09:01:39][jomini_effect.cpp:141]: PostValidate of effect 'create_character' returned false at common/history/military_formations/01_military_formations_north_america.txt:231
[09:01:39][jomini_effect.cpp:141]: PostValidate of effect 'create_character' returned false at common/history/military_formations/military_formations_ethiopia.txt:17
[09:01:39][jomini_effect.cpp:1135]: Variable 'wants_treaty_port_revenge_against' is set but is never used. Note that use in localization doesn't count due to technical limitations. Use in unused scripted triggers and effects also does not count
[09:01:39][jomini_effect.cpp:1139]: Variable 'britain_granted_dop_permission' is used but is never set. Setting it in an unused scripted trigger or effect does not count
[09:01:39][jomini_effect.cpp:1139]: Variable 'usa_state_flag_block' is used but is never set. Setting it in an unused scripted trigger or effect does not count
[09:01:39][jomini_effect.cpp:1135]: Variable 'coup_loc_law_var' is set but is never used. Note that use in localization doesn't count due to technical limitations. Use in unused scripted triggers and effects also does not count
[09:01:39][jomini_effect.cpp:1139]: Variable 'doctrine_of_lapse_cooldown' is used but is never set. Setting it in an unused scripted trigger or effect does not count
[09:01:39][jomini_effect.cpp:1139]: Variable 'achievement_everyone_disliked_that_var' is used but is never set. Setting it in an unused scripted trigger or effect does not count
[09:01:39][jomini_effect.cpp:1139]: Variable 'company_rule_enduring' is used but is never set. Setting it in an unused scripted trigger or effect does not count
[09:01:39][jomini_effect.cpp:1139]: Variable 'dyer_disciplined' is used but is never set. Setting it in an unused scripted trigger or effect does not count
[09:01:39][jomini_effect.cpp:1135]: Variable 'reject_russo-turkish_war' is set but is never used. Note that use in localization doesn't count due to technical limitations. Use in unused scripted triggers and effects also does not count
[09:01:39][jomini_effect.cpp:1139]: Variable 'china_shatters' is used but is never set. Setting it in an unused scripted trigger or effect does not count
[09:01:39][jomini_effect.cpp:1135]: Variable 'failed_uprisings_culture_list' is set but is never used. Note that use in localization doesn't count due to technical limitations. Use in unused scripted triggers and effects also does not count
[09:01:39][jomini_effect.cpp:1135]: Variable 'memento_mori_immunity' is set but is never used. Note that use in localization doesn't count due to technical limitations. Use in unused scripted triggers and effects also does not count
[09:01:39][jomini_effect.cpp:1139]: Variable 'simon_var' is used but is never set. Setting it in an unused scripted trigger or effect does not count
[09:01:39][jomini_effect.cpp:1139]: Variable 'louise_michel_spawn' is used but is never set. Setting it in an unused scripted trigger or effect does not count
[09:01:39][jomini_effect.cpp:1135]: Variable 'coup_loc_char_var' is set but is never used. Note that use in localization doesn't count due to technical limitations. Use in unused scripted triggers and effects also does not count
[09:01:39][jomini_effect.cpp:1139]: Variable 'simon_commission_var' is used but is never set. Setting it in an unused scripted trigger or effect does not count
[09:01:39][jomini_effect.cpp:1139]: Variable 'lawrence_var' is used but is never set. Setting it in an unused scripted trigger or effect does not count
[09:01:39][jomini_effect.cpp:1135]: Variable 'truce_funny' is set but is never used. Note that use in localization doesn't count due to technical limitations. Use in unused scripted triggers and effects also does not count
[09:01:39][jomini_effect.cpp:1135]: Variable 'utilitarianism_done' is set but is never used. Note that use in localization doesn't count due to technical limitations. Use in unused scripted triggers and effects also does not count
[09:01:39][jomini_effect.cpp:1139]: Variable 'canning_var' is used but is never set. Setting it in an unused scripted trigger or effect does not count
[09:01:39][jomini_effect.cpp:1139]: Variable 'years_since_opening_of_japan_var' is used but is never set. Setting it in an unused scripted trigger or effect does not count
[09:01:39][jomini_effect.cpp:1139]: Variable 'british_raj_var' is used but is never set. Setting it in an unused scripted trigger or effect does not count
[09:01:39][jomini_effect.cpp:1139]: Variable 'district_of_columbia' is used but is never set. Setting it in an unused scripted trigger or effect does not count
[09:01:39][jomini_effect.cpp:1139]: Variable 'cult_center' is used but is never set. Setting it in an unused scripted trigger or effect does not count
[09:01:39][jomini_effect.cpp:1135]: Variable 'china_warlord_abolished_monarchy' is set but is never used. Note that use in localization doesn't count due to technical limitations. Use in unused scripted triggers and effects also does not count
[09:01:39][jomini_effect.cpp:1139]: Variable 'chinese_central_government' is used but is never set. Setting it in an unused scripted trigger or effect does not count
[09:01:39][jomini_effect.cpp:1139]: Variable 'lost_opium_wars' is used but is never set. Setting it in an unused scripted trigger or effect does not count
[09:01:39][jomini_effect.cpp:1139]: Variable 'regent_immortality_var' is used but is never set. Setting it in an unused scripted trigger or effect does not count
[09:01:39][jomini_effect.cpp:1135]: Variable 'east_indies_revolt_var' is set but is never used. Note that use in localization doesn't count due to technical limitations. Use in unused scripted triggers and effects also does not count
[09:01:39][jomini_effect.cpp:1135]: Variable 'coup_loc_lobby_country_var' is set but is never used. Note that use in localization doesn't count due to technical limitations. Use in unused scripted triggers and effects also does not count
[09:01:39][jomini_effect.cpp:1139]: Variable 'frankenstein_happened_global_var' is used but is never set. Setting it in an unused scripted trigger or effect does not count
[09:01:39][jomini_effect.cpp:1139]: Event target 'heavenly_kingdom_spawn' is used but is never set. Setting it in an unused scripted trigger or effect does not count
[09:01:39][jomini_effect.cpp:1139]: Event target 'annexing_overlord' is used but is never set. Setting it in an unused scripted trigger or effect does not count
[09:01:39][jomini_effect.cpp:1139]: Event target 'egyptian_crisis_scope' is used but is never set. Setting it in an unused scripted trigger or effect does not count
[09:01:39][jomini_effect.cpp:1139]: Event target 'dixie_acw_scope' is used but is never set. Setting it in an unused scripted trigger or effect does not count
[09:01:39][jomini_eventmanager.cpp:376]: Event treaty_port_inheritance_events.1 is orphaned
[09:01:39][jomini_eventmanager.cpp:376]: Event india_events.11 is orphaned
[09:01:39][jomini_eventmanager.cpp:376]: Event ezo_republic.2 is orphaned
[09:01:39][jomini_eventmanager.cpp:376]: Event japan_earthquakes.1 is orphaned
[09:01:39][jomini_eventmanager.cpp:376]: Event tenpo_events.6 is orphaned
[09:01:42][pdx_transition_task.cpp:328]: Transition Empty->Game took: 29.09937 seconds
[09:01:42][pdx_legal_documents.cpp:110]: 0 legal docs to download.
[09:01:42][player.cpp:153]: CJominiPlayers:::DeleteAllPlayers - #0 players
[09:01:42][pdx_account.cpp:461]: Login succeeded
[09:01:42][pdx_social_profile.cpp:90]: Getting social profile
[09:01:42][portraitmanager.cpp:1056]: Initializing portrait color palettes.
[09:01:42][pdx_persistent_reader.cpp:268]: Error: "Failed to read key reference: ec_construction_points_100: ec_construction_points_100, near line: 1
Failed to read key reference: ec_subject_construction_same: ec_subject_construction_same, near line: 1
Failed to read key reference: ec_building_priorities_roleplay: ec_building_priorities_roleplay, near line: 1
Failed to read key reference: rs_default: rs_default, near line: 1
Failed to read key reference: ec_allow_autobuild: ec_allow_autobuild, near line: 1
Failed to read key reference: si_economic_system_automation: si_economic_system_automation, near line: 1
Failed to read key reference: si_medium_time_prefrence: si_medium_time_prefrence, near line: 1" in file: "" near line: 1
[09:01:42][pdx_persistent_reader.cpp:268]: Error: "Failed to read key reference: ec_construction_points_100: ec_construction_points_100, near line: 1
Failed to read key reference: ec_subject_construction_same: ec_subject_construction_same, near line: 1
Failed to read key reference: rs_default: rs_default, near line: 1
Failed to read key reference: ec_allow_autobuild: ec_allow_autobuild, near line: 1" in file: "" near line: 1
[09:01:42][pdx_persistent_reader.cpp:268]: Error: "Failed to read key reference: ec_construction_points_100: ec_construction_points_100, near line: 1
Failed to read key reference: ec_subject_construction_same: ec_subject_construction_same, near line: 1
Failed to read key reference: ec_building_priorities_roleplay: ec_building_priorities_roleplay, near line: 1
Failed to read key reference: rs_default: rs_default, near line: 1
Failed to read key reference: ec_allow_autobuild: ec_allow_autobuild, near line: 1
Failed to read key reference: si_economic_system_automation: si_economic_system_automation, near line: 1
Failed to read key reference: si_medium_time_prefrence: si_medium_time_prefrence, near line: 1" in file: "" near line: 1
[09:01:42][pdx_persistent_reader.cpp:268]: Error: "Failed to read key reference: ec_construction_points_100: ec_construction_points_100, near line: 1
Failed to read key reference: ec_subject_construction_same: ec_subject_construction_same, near line: 1
Failed to read key reference: ec_building_priorities_roleplay: ec_building_priorities_roleplay, near line: 1
Failed to read key reference: rs_default: rs_default, near line: 1
Failed to read key reference: ec_allow_autobuild: ec_allow_autobuild, near line: 1
Failed to read key reference: si_economic_system_automation: si_economic_system_automation, near line: 1
Failed to read key reference: si_medium_time_prefrence: si_medium_time_prefrence, near line: 1" in file: "" near line: 1
[09:01:42][pdx_persistent_reader.cpp:268]: Error: "Failed to read key reference: ec_construction_points_100: ec_construction_points_100, near line: 1
Failed to read key reference: ec_subject_construction_same: ec_subject_construction_same, near line: 1
Failed to read key reference: ec_building_priorities_roleplay: ec_building_priorities_roleplay, near line: 1
Failed to read key reference: rs_default: rs_default, near line: 1
Failed to read key reference: ec_allow_autobuild: ec_allow_autobuild, near line: 1
Failed to read key reference: si_economic_system_automation: si_economic_system_automation, near line: 1
Failed to read key reference: si_medium_time_prefrence: si_medium_time_prefrence, near line: 1" in file: "" near line: 1
[09:01:42][pdx_persistent_reader.cpp:268]: Error: "Failed to read key reference: ec_construction_points_100: ec_construction_points_100, near line: 1
Failed to read key reference: ec_subject_construction_same: ec_subject_construction_same, near line: 1
Failed to read key reference: rs_default: rs_default, near line: 1
Failed to read key reference: ec_allow_autobuild: ec_allow_autobuild, near line: 1
Failed to read key reference: si_economic_system_automation: si_economic_system_automation, near line: 1
Failed to read key reference: si_medium_time_prefrence: si_medium_time_prefrence, near line: 1" in file: "" near line: 1
[09:01:42][pdx_persistent_reader.cpp:268]: Error: "Failed to read key reference: ec_construction_points_100: ec_construction_points_100, near line: 1
Failed to read key reference: ec_subject_construction_same: ec_subject_construction_same, near line: 1
Failed to read key reference: rs_default: rs_default, near line: 1
Failed to read key reference: ec_allow_autobuild: ec_allow_autobuild, near line: 1
Failed to read key reference: si_economic_system_automation: si_economic_system_automation, near line: 1
Failed to read key reference: si_medium_time_prefrence: si_medium_time_prefrence, near line: 1" in file: "" near line: 1
[09:01:42][pdx_account.cpp:1076]: GetAccountInfo succeeded
[09:01:42][pdx_persistent_reader.cpp:268]: Error: "Failed to read key reference: si_economic_system_automation: si_economic_system_automation, near line: 1
Failed to read key reference: si_medium_time_prefrence: si_medium_time_prefrence, near line: 1" in file: "" near line: 1
[09:01:42][pdx_persistent_reader.cpp:268]: Error: "Failed to read key reference: autonomous_investment_pool: autonomous_investment_pool, near line: 1
Failed to read key reference: ec_construction_points_100: ec_construction_points_100, near line: 1
Failed to read key reference: ec_subject_construction_same: ec_subject_construction_same, near line: 1
Failed to read key reference: ec_building_priorities_roleplay: ec_building_priorities_roleplay, near line: 1
Failed to read key reference: rs_default: rs_default, near line: 1
Failed to read key reference: ec_allow_autobuild: ec_allow_autobuild, near line: 1" in file: "" near line: 1
[09:01:42][pdx_social_profile.cpp:129]: Getting social profile succeeded
[09:01:42][pdx_persistent_reader.cpp:268]: Error: "Failed to read key reference: ec_construction_points_100: ec_construction_points_100, near line: 1
Failed to read key reference: ec_subject_construction_same: ec_subject_construction_same, near line: 1
Failed to read key reference: ec_building_priorities_roleplay: ec_building_priorities_roleplay, near line: 1
Failed to read key reference: rs_default: rs_default, near line: 1
Failed to read key reference: ec_allow_autobuild: ec_allow_autobuild, near line: 1
Failed to read key reference: si_economic_system_automation: si_economic_system_automation, near line: 1
Failed to read key reference: si_medium_time_prefrence: si_medium_time_prefrence, near line: 1" in file: "" near line: 1
[09:01:42][pdx_persistent_reader.cpp:268]: Error: "Failed to read key reference: ec_construction_points_100: ec_construction_points_100, near line: 1
Failed to read key reference: ec_subject_construction_same: ec_subject_construction_same, near line: 1
Failed to read key reference: ec_building_priorities_roleplay: ec_building_priorities_roleplay, near line: 1
Failed to read key reference: rs_default: rs_default, near line: 1
Failed to read key reference: ec_allow_autobuild: ec_allow_autobuild, near line: 1
Failed to read key reference: si_economic_system_automation: si_economic_system_automation, near line: 1
Failed to read key reference: si_medium_time_prefrence: si_medium_time_prefrence, near line: 1" in file: "" near line: 1
[09:01:42][pdx_persistent_reader.cpp:268]: Error: "Failed to read key reference: autonomous_investment_pool: autonomous_investment_pool, near line: 1
Failed to read key reference: ec_construction_points_100: ec_construction_points_100, near line: 1
Failed to read key reference: ec_subject_construction_same: ec_subject_construction_same, near line: 1
Failed to read key reference: ec_building_priorities_roleplay: ec_building_priorities_roleplay, near line: 1
Failed to read key reference: rs_default: rs_default, near line: 1
Failed to read key reference: ec_allow_autobuild: ec_allow_autobuild, near line: 1" in file: "" near line: 1
[09:01:42][pdx_persistent_reader.cpp:268]: Error: "Failed to read key reference: ec_construction_points_100: ec_construction_points_100, near line: 1
Failed to read key reference: ec_subject_construction_same: ec_subject_construction_same, near line: 1
Failed to read key reference: rs_default: rs_default, near line: 1
Failed to read key reference: ec_allow_autobuild: ec_allow_autobuild, near line: 1
Failed to read key reference: si_economic_system_automation: si_economic_system_automation, near line: 1
Failed to read key reference: si_medium_time_prefrence: si_medium_time_prefrence, near line: 1" in file: "" near line: 1
[09:01:42][pdx_persistent_reader.cpp:268]: Error: "Failed to read key reference: ec_construction_points_100: ec_construction_points_100, near line: 1
Failed to read key reference: ec_subject_construction_same: ec_subject_construction_same, near line: 1
Failed to read key reference: ec_building_priorities_roleplay: ec_building_priorities_roleplay, near line: 1
Failed to read key reference: rs_default: rs_default, near line: 1
Failed to read key reference: ec_allow_autobuild: ec_allow_autobuild, near line: 1
Failed to read key reference: si_economic_system_automation: si_economic_system_automation, near line: 1
Failed to read key reference: si_medium_time_prefrence: si_medium_time_prefrence, near line: 1" in file: "" near line: 1
[09:01:42][pdx_persistent_reader.cpp:268]: Error: "Failed to read key reference: ec_construction_points_100: ec_construction_points_100, near line: 1
Failed to read key reference: ec_subject_construction_same: ec_subject_construction_same, near line: 1
Failed to read key reference: ec_building_priorities_roleplay: ec_building_priorities_roleplay, near line: 1
Failed to read key reference: rs_default: rs_default, near line: 1
Failed to read key reference: ec_allow_autobuild: ec_allow_autobuild, near line: 1
Failed to read key reference: si_economic_system_automation: si_economic_system_automation, near line: 1
Failed to read key reference: si_medium_time_prefrence: si_medium_time_prefrence, near line: 1" in file: "" near line: 1
[09:01:42][pdx_persistent_reader.cpp:268]: Error: "Failed to read key reference: autonomous_investment_pool: autonomous_investment_pool, near line: 1
Failed to read key reference: ec_construction_points_100: ec_construction_points_100, near line: 1
Failed to read key reference: ec_subject_construction_same: ec_subject_construction_same, near line: 1
Failed to read key reference: ec_building_priorities_roleplay: ec_building_priorities_roleplay, near line: 1
Failed to read key reference: rs_default: rs_default, near line: 1
Failed to read key reference: ec_allow_autobuild: ec_allow_autobuild, near line: 1" in file: "" near line: 1
[09:01:42][pdx_persistent_reader.cpp:268]: Error: "Failed to read key reference: ec_construction_points_100: ec_construction_points_100, near line: 1
Failed to read key reference: ec_subject_construction_same: ec_subject_construction_same, near line: 1
Failed to read key reference: ec_building_priorities_roleplay: ec_building_priorities_roleplay, near line: 1
Failed to read key reference: rs_default: rs_default, near line: 1
Failed to read key reference: ec_allow_autobuild: ec_allow_autobuild, near line: 1
Failed to read key reference: si_economic_system_automation: si_economic_system_automation, near line: 1
Failed to read key reference: si_medium_time_prefrence: si_medium_time_prefrence, near line: 1" in file: "" near line: 1
[09:01:42][pdx_persistent_reader.cpp:268]: Error: "Failed to read key reference: ec_construction_points_100: ec_construction_points_100, near line: 1
Failed to read key reference: ec_subject_construction_same: ec_subject_construction_same, near line: 1
Failed to read key reference: rs_default: rs_default, near line: 1
Failed to read key reference: ec_allow_autobuild: ec_allow_autobuild, near line: 1" in file: "" near line: 1
[09:01:42][pdx_persistent_reader.cpp:268]: Error: "Failed to read key reference: ec_construction_points_100: ec_construction_points_100, near line: 1
Failed to read key reference: ec_subject_construction_same: ec_subject_construction_same, near line: 1
Failed to read key reference: rs_default: rs_default, near line: 1
Failed to read key reference: ec_allow_autobuild: ec_allow_autobuild, near line: 1" in file: "" near line: 1
[09:01:42][pdx_persistent_reader.cpp:268]: Error: "Failed to read key reference: ec_construction_points_100: ec_construction_points_100, near line: 1
Failed to read key reference: ec_subject_construction_same: ec_subject_construction_same, near line: 1
Failed to read key reference: rs_default: rs_default, near line: 1
Failed to read key reference: ec_allow_autobuild: ec_allow_autobuild, near line: 1" in file: "" near line: 1
[09:01:42][pdx_persistent_reader.cpp:268]: Error: "Failed to read key reference: ec_construction_points_100: ec_construction_points_100, near line: 1
Failed to read key reference: ec_subject_construction_same: ec_subject_construction_same, near line: 1
Failed to read key reference: rs_default: rs_default, near line: 1
Failed to read key reference: ec_allow_autobuild: ec_allow_autobuild, near line: 1" in file: "" near line: 1
[09:01:42][pdx_persistent_reader.cpp:268]: Error: "Failed to read key reference: ec_construction_points_100: ec_construction_points_100, near line: 1
Failed to read key reference: ec_subject_construction_same: ec_subject_construction_same, near line: 1
Failed to read key reference: rs_default: rs_default, near line: 1
Failed to read key reference: ec_allow_autobuild: ec_allow_autobuild, near line: 1" in file: "" near line: 1
[09:01:42][pdx_persistent_reader.cpp:268]: Error: "Failed to read key reference: ec_construction_points_100: ec_construction_points_100, near line: 1
Failed to read key reference: ec_subject_construction_same: ec_subject_construction_same, near line: 1
Failed to read key reference: rs_default: rs_default, near line: 1
Failed to read key reference: ec_allow_autobuild: ec_allow_autobuild, near line: 1" in file: "" near line: 1
[09:01:42][pdx_persistent_reader.cpp:268]: Error: "Failed to read key reference: ec_construction_points_100: ec_construction_points_100, near line: 1
Failed to read key reference: ec_subject_construction_same: ec_subject_construction_same, near line: 1
Failed to read key reference: rs_default: rs_default, near line: 1
Failed to read key reference: ec_allow_autobuild: ec_allow_autobuild, near line: 1
Failed to read key reference: si_economic_system_automation: si_economic_system_automation, near line: 1
Failed to read key reference: si_medium_time_prefrence: si_medium_time_prefrence, near line: 1" in file: "" near line: 1
[09:01:42][pdx_persistent_reader.cpp:268]: Error: "Failed to read key reference: ec_construction_points_100: ec_construction_points_100, near line: 1
Failed to read key reference: ec_subject_construction_same: ec_subject_construction_same, near line: 1
Failed to read key reference: rs_default: rs_default, near line: 1
Failed to read key reference: ec_allow_autobuild: ec_allow_autobuild, near line: 1
Failed to read key reference: si_economic_system_automation: si_economic_system_automation, near line: 1
Failed to read key reference: si_medium_time_prefrence: si_medium_time_prefrence, near line: 1" in file: "" near line: 1
[09:01:42][pdx_persistent_reader.cpp:268]: Error: "Failed to read key reference: ec_construction_points_100: ec_construction_points_100, near line: 1
Failed to read key reference: ec_subject_construction_same: ec_subject_construction_same, near line: 1
Failed to read key reference: rs_default: rs_default, near line: 1
Failed to read key reference: ec_allow_autobuild: ec_allow_autobuild, near line: 1
Failed to read key reference: si_economic_system_automation: si_economic_system_automation, near line: 1
Failed to read key reference: si_medium_time_prefrence: si_medium_time_prefrence, near line: 1" in file: "" near line: 1
[09:01:42][pdx_persistent_reader.cpp:268]: Error: "Failed to read key reference: ec_construction_points_100: ec_construction_points_100, near line: 1
Failed to read key reference: ec_subject_construction_same: ec_subject_construction_same, near line: 1
Failed to read key reference: rs_default: rs_default, near line: 1
Failed to read key reference: ec_allow_autobuild: ec_allow_autobuild, near line: 1
Failed to read key reference: si_economic_system_automation: si_economic_system_automation, near line: 1
Failed to read key reference: si_medium_time_prefrence: si_medium_time_prefrence, near line: 1" in file: "" near line: 1
[09:01:42][pdx_persistent_reader.cpp:268]: Error: "Failed to read key reference: ec_construction_points_100: ec_construction_points_100, near line: 1
Failed to read key reference: ec_subject_construction_same: ec_subject_construction_same, near line: 1
Failed to read key reference: rs_default: rs_default, near line: 1
Failed to read key reference: ec_allow_autobuild: ec_allow_autobuild, near line: 1
Failed to read key reference: si_economic_system_automation: si_economic_system_automation, near line: 1
Failed to read key reference: si_medium_time_prefrence: si_medium_time_prefrence, near line: 1" in file: "" near line: 1
[09:01:42][pdx_persistent_reader.cpp:268]: Error: "Failed to read key reference: ec_construction_points_100: ec_construction_points_100, near line: 1
Failed to read key reference: ec_subject_construction_same: ec_subject_construction_same, near line: 1
Failed to read key reference: rs_default: rs_default, near line: 1
Failed to read key reference: ec_allow_autobuild: ec_allow_autobuild, near line: 1
Failed to read key reference: si_economic_system_automation: si_economic_system_automation, near line: 1
Failed to read key reference: si_medium_time_prefrence: si_medium_time_prefrence, near line: 1" in file: "" near line: 1
[09:01:42][pdx_persistent_reader.cpp:268]: Error: "Failed to read key reference: ec_construction_points_100: ec_construction_points_100, near line: 1
Failed to read key reference: ec_subject_construction_same: ec_subject_construction_same, near line: 1
Failed to read key reference: rs_default: rs_default, near line: 1
Failed to read key reference: ec_allow_autobuild: ec_allow_autobuild, near line: 1
Failed to read key reference: si_economic_system_automation: si_economic_system_automation, near line: 1
Failed to read key reference: si_medium_time_prefrence: si_medium_time_prefrence, near line: 1" in file: "" near line: 1
[09:01:42][pdx_persistent_reader.cpp:268]: Error: "Failed to read key reference: autonomous_investment_pool: autonomous_investment_pool, near line: 1
Failed to read key reference: ec_construction_points_100: ec_construction_points_100, near line: 1
Failed to read key reference: ec_subject_construction_same: ec_subject_construction_same, near line: 1
Failed to read key reference: ec_building_priorities_roleplay: ec_building_priorities_roleplay, near line: 1
Failed to read key reference: rs_default: rs_default, near line: 1
Failed to read key reference: ec_allow_autobuild: ec_allow_autobuild, near line: 1" in file: "" near line: 1
[09:01:42][pdx_persistent_reader.cpp:268]: Error: "Failed to read key reference: autonomous_investment_pool: autonomous_investment_pool, near line: 1
Failed to read key reference: ec_construction_points_100: ec_construction_points_100, near line: 1
Failed to read key reference: ec_subject_construction_same: ec_subject_construction_same, near line: 1
Failed to read key reference: ec_building_priorities_roleplay: ec_building_priorities_roleplay, near line: 1
Failed to read key reference: rs_default: rs_default, near line: 1
Failed to read key reference: ec_allow_autobuild: ec_allow_autobuild, near line: 1" in file: "" near line: 1
[09:01:42][pdx_persistent_reader.cpp:268]: Error: "Failed to read key reference: autonomous_investment_pool: autonomous_investment_pool, near line: 1
Failed to read key reference: ec_construction_points_100: ec_construction_points_100, near line: 1
Failed to read key reference: ec_subject_construction_same: ec_subject_construction_same, near line: 1
Failed to read key reference: ec_building_priorities_roleplay: ec_building_priorities_roleplay, near line: 1
Failed to read key reference: rs_default: rs_default, near line: 1
Failed to read key reference: ec_allow_autobuild: ec_allow_autobuild, near line: 1" in file: "" near line: 1
[09:01:42][pdx_persistent_reader.cpp:268]: Error: "Failed to read key reference: autonomous_investment_pool: autonomous_investment_pool, near line: 1
Failed to read key reference: ec_construction_points_100: ec_construction_points_100, near line: 1
Failed to read key reference: ec_subject_construction_same: ec_subject_construction_same, near line: 1
Failed to read key reference: ec_building_priorities_roleplay: ec_building_priorities_roleplay, near line: 1
Failed to read key reference: rs_default: rs_default, near line: 1
Failed to read key reference: ec_allow_autobuild: ec_allow_autobuild, near line: 1" in file: "" near line: 1
[09:01:42][pdx_persistent_reader.cpp:268]: Error: "Failed to read key reference: autonomous_investment_pool: autonomous_investment_pool, near line: 1
Failed to read key reference: ec_construction_points_100: ec_construction_points_100, near line: 1
Failed to read key reference: ec_subject_construction_same: ec_subject_construction_same, near line: 1
Failed to read key reference: ec_building_priorities_roleplay: ec_building_priorities_roleplay, near line: 1
Failed to read key reference: rs_default: rs_default, near line: 1
Failed to read key reference: ec_allow_autobuild: ec_allow_autobuild, near line: 1" in file: "" near line: 1
[09:01:42][pdx_persistent_reader.cpp:268]: Error: "Failed to read key reference: autonomous_investment_pool: autonomous_investment_pool, near line: 1
Failed to read key reference: ec_construction_points_100: ec_construction_points_100, near line: 1
Failed to read key reference: ec_subject_construction_same: ec_subject_construction_same, near line: 1
Failed to read key reference: ec_building_priorities_roleplay: ec_building_priorities_roleplay, near line: 1
Failed to read key reference: rs_default: rs_default, near line: 1
Failed to read key reference: ec_allow_autobuild: ec_allow_autobuild, near line: 1" in file: "" near line: 1
[09:01:42][pdx_persistent_reader.cpp:268]: Error: "Failed to read key reference: autonomous_investment_pool: autonomous_investment_pool, near line: 1
Failed to read key reference: ec_construction_points_100: ec_construction_points_100, near line: 1
Failed to read key reference: ec_subject_construction_same: ec_subject_construction_same, near line: 1
Failed to read key reference: ec_building_priorities_roleplay: ec_building_priorities_roleplay, near line: 1
Failed to read key reference: rs_default: rs_default, near line: 1
Failed to read key reference: ec_allow_autobuild: ec_allow_autobuild, near line: 1" in file: "" near line: 1
[09:01:42][pdx_persistent_reader.cpp:268]: Error: "Failed to read key reference: autonomous_investment_pool: autonomous_investment_pool, near line: 1
Failed to read key reference: ec_construction_points_100: ec_construction_points_100, near line: 1
Failed to read key reference: ec_subject_construction_same: ec_subject_construction_same, near line: 1
Failed to read key reference: ec_building_priorities_roleplay: ec_building_priorities_roleplay, near line: 1
Failed to read key reference: rs_default: rs_default, near line: 1
Failed to read key reference: ec_allow_autobuild: ec_allow_autobuild, near line: 1" in file: "" near line: 1
[09:01:42][pdx_persistent_reader.cpp:268]: Error: "Failed to read key reference: ec_construction_points_100: ec_construction_points_100, near line: 1
Failed to read key reference: ec_subject_construction_same: ec_subject_construction_same, near line: 1
Failed to read key reference: rs_default: rs_default, near line: 1
Failed to read key reference: ec_allow_autobuild: ec_allow_autobuild, near line: 1" in file: "" near line: 1
[09:01:42][pdx_persistent_reader.cpp:268]: Error: "Failed to read key reference: ec_construction_points_100: ec_construction_points_100, near line: 1
Failed to read key reference: ec_subject_construction_same: ec_subject_construction_same, near line: 1
Failed to read key reference: rs_default: rs_default, near line: 1
Failed to read key reference: ec_allow_autobuild: ec_allow_autobuild, near line: 1" in file: "" near line: 1
[09:01:42][pdx_persistent_reader.cpp:268]: Error: "Failed to read key reference: ec_construction_points_100: ec_construction_points_100, near line: 1
Failed to read key reference: ec_subject_construction_same: ec_subject_construction_same, near line: 1
Failed to read key reference: rs_default: rs_default, near line: 1
Failed to read key reference: ec_allow_autobuild: ec_allow_autobuild, near line: 1" in file: "" near line: 1
[09:01:42][pdx_persistent_reader.cpp:268]: Error: "Failed to read key reference: ec_construction_points_100: ec_construction_points_100, near line: 1
Failed to read key reference: ec_subject_construction_same: ec_subject_construction_same, near line: 1
Failed to read key reference: rs_default: rs_default, near line: 1
Failed to read key reference: ec_allow_autobuild: ec_allow_autobuild, near line: 1" in file: "" near line: 1
[09:01:42][pdx_persistent_reader.cpp:268]: Error: "Failed to read key reference: ec_construction_points_100: ec_construction_points_100, near line: 1
Failed to read key reference: ec_subject_construction_same: ec_subject_construction_same, near line: 1
Failed to read key reference: ec_building_priorities_roleplay: ec_building_priorities_roleplay, near line: 1
Failed to read key reference: rs_default: rs_default, near line: 1
Failed to read key reference: ec_allow_autobuild: ec_allow_autobuild, near line: 1
Failed to read key reference: si_economic_system_automation: si_economic_system_automation, near line: 1
Failed to read key reference: si_medium_time_prefrence: si_medium_time_prefrence, near line: 1" in file: "" near line: 1
[09:01:42][pdx_persistent_reader.cpp:268]: Error: "Failed to read key reference: ec_construction_points_100: ec_construction_points_100, near line: 1
Failed to read key reference: ec_subject_construction_same: ec_subject_construction_same, near line: 1
Failed to read key reference: rs_default: rs_default, near line: 1
Failed to read key reference: ec_allow_autobuild: ec_allow_autobuild, near line: 1" in file: "" near line: 1
[09:01:42][pdx_persistent_reader.cpp:268]: Error: "Failed to read key reference: ec_construction_points_100: ec_construction_points_100, near line: 1
Failed to read key reference: ec_subject_construction_same: ec_subject_construction_same, near line: 1
Failed to read key reference: ec_building_priorities_roleplay: ec_building_priorities_roleplay, near line: 1
Failed to read key reference: rs_default: rs_default, near line: 1
Failed to read key reference: ec_allow_autobuild: ec_allow_autobuild, near line: 1
Failed to read key reference: si_economic_system_automation: si_economic_system_automation, near line: 1
Failed to read key reference: si_medium_time_prefrence: si_medium_time_prefrence, near line: 1" in file: "" near line: 1
[09:01:43][pdx_persistent_reader.cpp:268]: Error: "Failed to read key reference: ec_construction_points_100: ec_construction_points_100, near line: 1
Failed to read key reference: ec_subject_construction_same: ec_subject_construction_same, near line: 1
Failed to read key reference: ec_building_priorities_roleplay: ec_building_priorities_roleplay, near line: 1
Failed to read key reference: rs_default: rs_default, near line: 1
Failed to read key reference: ec_allow_autobuild: ec_allow_autobuild, near line: 1
Failed to read key reference: si_economic_system_automation: si_economic_system_automation, near line: 1
Failed to read key reference: si_medium_time_prefrence: si_medium_time_prefrence, near line: 1" in file: "" near line: 1
[09:01:43][pdx_persistent_reader.cpp:268]: Error: "Failed to read key reference: ec_construction_points_100: ec_construction_points_100, near line: 1
Failed to read key reference: ec_subject_construction_same: ec_subject_construction_same, near line: 1
Failed to read key reference: ec_building_priorities_roleplay: ec_building_priorities_roleplay, near line: 1
Failed to read key reference: rs_default: rs_default, near line: 1
Failed to read key reference: ec_allow_autobuild: ec_allow_autobuild, near line: 1
Failed to read key reference: si_economic_system_automation: si_economic_system_automation, near line: 1
Failed to read key reference: si_medium_time_prefrence: si_medium_time_prefrence, near line: 1" in file: "" near line: 1
[09:01:43][pdx_persistent_reader.cpp:268]: Error: "Failed to read key reference: ec_construction_points_100: ec_construction_points_100, near line: 1
Failed to read key reference: ec_subject_construction_same: ec_subject_construction_same, near line: 1
Failed to read key reference: ec_building_priorities_roleplay: ec_building_priorities_roleplay, near line: 1
Failed to read key reference: rs_default: rs_default, near line: 1
Failed to read key reference: ec_allow_autobuild: ec_allow_autobuild, near line: 1
Failed to read key reference: si_economic_system_automation: si_economic_system_automation, near line: 1
Failed to read key reference: si_medium_time_prefrence: si_medium_time_prefrence, near line: 1" in file: "" near line: 1
[09:01:43][pdx_persistent_reader.cpp:268]: Error: "Failed to read key reference: ec_construction_points_100: ec_construction_points_100, near line: 1
Failed to read key reference: ec_subject_construction_same: ec_subject_construction_same, near line: 1
Failed to read key reference: ec_building_priorities_roleplay: ec_building_priorities_roleplay, near line: 1
Failed to read key reference: rs_default: rs_default, near line: 1
Failed to read key reference: ec_allow_autobuild: ec_allow_autobuild, near line: 1
Failed to read key reference: si_economic_system_automation: si_economic_system_automation, near line: 1
Failed to read key reference: si_medium_time_prefrence: si_medium_time_prefrence, near line: 1" in file: "" near line: 1
[09:01:43][pdx_persistent_reader.cpp:268]: Error: "Failed to read key reference: ec_construction_points_100: ec_construction_points_100, near line: 1
Failed to read key reference: ec_subject_construction_same: ec_subject_construction_same, near line: 1
Failed to read key reference: rs_default: rs_default, near line: 1
Failed to read key reference: ec_allow_autobuild: ec_allow_autobuild, near line: 1
Failed to read key reference: si_economic_system_automation: si_economic_system_automation, near line: 1
Failed to read key reference: si_medium_time_prefrence: si_medium_time_prefrence, near line: 1" in file: "" near line: 1
[09:01:43][pdx_persistent_reader.cpp:268]: Error: "Failed to read key reference: ec_construction_points_100: ec_construction_points_100, near line: 1
Failed to read key reference: ec_subject_construction_same: ec_subject_construction_same, near line: 1
Failed to read key reference: rs_default: rs_default, near line: 1
Failed to read key reference: ec_allow_autobuild: ec_allow_autobuild, near line: 1
Failed to read key reference: si_economic_system_automation: si_economic_system_automation, near line: 1
Failed to read key reference: si_medium_time_prefrence: si_medium_time_prefrence, near line: 1" in file: "" near line: 1
[09:01:43][pdx_persistent_reader.cpp:268]: Error: "Failed to read key reference: ec_construction_points_100: ec_construction_points_100, near line: 1
Failed to read key reference: ec_subject_construction_same: ec_subject_construction_same, near line: 1
Failed to read key reference: ec_building_priorities_roleplay: ec_building_priorities_roleplay, near line: 1
Failed to read key reference: rs_default: rs_default, near line: 1
Failed to read key reference: ec_allow_autobuild: ec_allow_autobuild, near line: 1
Failed to read key reference: si_economic_system_automation: si_economic_system_automation, near line: 1
Failed to read key reference: si_medium_time_prefrence: si_medium_time_prefrence, near line: 1" in file: "" near line: 1
[09:01:43][pdx_persistent_reader.cpp:268]: Error: "Failed to read key reference: ec_construction_points_100: ec_construction_points_100, near line: 1
Failed to read key reference: ec_subject_construction_same: ec_subject_construction_same, near line: 1
Failed to read key reference: ec_building_priorities_roleplay: ec_building_priorities_roleplay, near line: 1
Failed to read key reference: rs_default: rs_default, near line: 1
Failed to read key reference: ec_allow_autobuild: ec_allow_autobuild, near line: 1
Failed to read key reference: si_economic_system_automation: si_economic_system_automation, near line: 1
Failed to read key reference: si_medium_time_prefrence: si_medium_time_prefrence, near line: 1" in file: "" near line: 1
[09:01:43][pdx_persistent_reader.cpp:268]: Error: "Failed to read key reference: ec_construction_points_100: ec_construction_points_100, near line: 1
Failed to read key reference: ec_subject_construction_same: ec_subject_construction_same, near line: 1
Failed to read key reference: rs_default: rs_default, near line: 1
Failed to read key reference: ec_allow_autobuild: ec_allow_autobuild, near line: 1" in file: "" near line: 1
[09:01:43][pdx_persistent_reader.cpp:268]: Error: "Failed to read key reference: ec_construction_points_100: ec_construction_points_100, near line: 1
Failed to read key reference: ec_subject_construction_same: ec_subject_construction_same, near line: 1
Failed to read key reference: ec_building_priorities_roleplay: ec_building_priorities_roleplay, near line: 1
Failed to read key reference: rs_default: rs_default, near line: 1
Failed to read key reference: ec_allow_autobuild: ec_allow_autobuild, near line: 1
Failed to read key reference: si_economic_system_automation: si_economic_system_automation, near line: 1
Failed to read key reference: si_medium_time_prefrence: si_medium_time_prefrence, near line: 1" in file: "" near line: 1
[09:01:43][pdx_persistent_reader.cpp:268]: Error: "Failed to read key reference: ec_construction_points_100: ec_construction_points_100, near line: 1
Failed to read key reference: ec_subject_construction_same: ec_subject_construction_same, near line: 1
Failed to read key reference: rs_default: rs_default, near line: 1
Failed to read key reference: ec_allow_autobuild: ec_allow_autobuild, near line: 1" in file: "" near line: 1
[09:01:43][pdx_persistent_reader.cpp:268]: Error: "Failed to read key reference: ec_construction_points_100: ec_construction_points_100, near line: 1
Failed to read key reference: ec_subject_construction_same: ec_subject_construction_same, near line: 1
Failed to read key reference: ec_building_priorities_roleplay: ec_building_priorities_roleplay, near line: 1
Failed to read key reference: rs_default: rs_default, near line: 1
Failed to read key reference: ec_allow_autobuild: ec_allow_autobuild, near line: 1
Failed to read key reference: si_economic_system_automation: si_economic_system_automation, near line: 1
Failed to read key reference: si_medium_time_prefrence: si_medium_time_prefrence, near line: 1" in file: "" near line: 1
[09:01:43][pdx_persistent_reader.cpp:268]: Error: "Failed to read key reference: autonomous_investment_pool: autonomous_investment_pool, near line: 1
Failed to read key reference: ec_construction_points_100: ec_construction_points_100, near line: 1
Failed to read key reference: ec_subject_construction_same: ec_subject_construction_same, near line: 1
Failed to read key reference: ec_building_priorities_roleplay: ec_building_priorities_roleplay, near line: 1
Failed to read key reference: rs_default: rs_default, near line: 1
Failed to read key reference: ec_allow_autobuild: ec_allow_autobuild, near line: 1" in file: "" near line: 1
[09:01:43][pdx_persistent_reader.cpp:268]: Error: "Failed to read key reference: autonomous_investment_pool: autonomous_investment_pool, near line: 1
Failed to read key reference: ec_construction_points_100: ec_construction_points_100, near line: 1
Failed to read key reference: ec_subject_construction_same: ec_subject_construction_same, near line: 1
Failed to read key reference: ec_building_priorities_roleplay: ec_building_priorities_roleplay, near line: 1
Failed to read key reference: rs_default: rs_default, near line: 1
Failed to read key reference: ec_allow_autobuild: ec_allow_autobuild, near line: 1" in file: "" near line: 1
[09:01:43][pdx_persistent_reader.cpp:268]: Error: "Failed to read key reference: ec_construction_points_100: ec_construction_points_100, near line: 1
Failed to read key reference: ec_subject_construction_same: ec_subject_construction_same, near line: 1
Failed to read key reference: ec_building_priorities_roleplay: ec_building_priorities_roleplay, near line: 1
Failed to read key reference: rs_default: rs_default, near line: 1
Failed to read key reference: ec_allow_autobuild: ec_allow_autobuild, near line: 1
Failed to read key reference: si_economic_system_automation: si_economic_system_automation, near line: 1
Failed to read key reference: si_medium_time_prefrence: si_medium_time_prefrence, near line: 1" in file: "" near line: 1
[09:01:43][pdx_persistent_reader.cpp:268]: Error: "Failed to read key reference: ec_construction_points_100: ec_construction_points_100, near line: 1
Failed to read key reference: ec_subject_construction_same: ec_subject_construction_same, near line: 1
Failed to read key reference: rs_default: rs_default, near line: 1
Failed to read key reference: ec_allow_autobuild: ec_allow_autobuild, near line: 1" in file: "" near line: 1
[09:01:43][pdx_persistent_reader.cpp:268]: Error: "Failed to read key reference: ec_construction_points_100: ec_construction_points_100, near line: 1
Failed to read key reference: ec_subject_construction_same: ec_subject_construction_same, near line: 1
Failed to read key reference: rs_default: rs_default, near line: 1
Failed to read key reference: ec_allow_autobuild: ec_allow_autobuild, near line: 1
Failed to read key reference: si_economic_system_automation: si_economic_system_automation, near line: 1
Failed to read key reference: si_medium_time_prefrence: si_medium_time_prefrence, near line: 1" in file: "" near line: 1
[09:01:43][pdx_persistent_reader.cpp:268]: Error: "Failed to read key reference: ec_construction_points_100: ec_construction_points_100, near line: 1
Failed to read key reference: ec_subject_construction_same: ec_subject_construction_same, near line: 1
Failed to read key reference: rs_default: rs_default, near line: 1
Failed to read key reference: ec_allow_autobuild: ec_allow_autobuild, near line: 1" in file: "" near line: 1
[09:01:43][pdx_persistent_reader.cpp:268]: Error: "Failed to read key reference: ec_construction_points_100: ec_construction_points_100, near line: 1
Failed to read key reference: ec_subject_construction_same: ec_subject_construction_same, near line: 1
Failed to read key reference: rs_default: rs_default, near line: 1
Failed to read key reference: ec_allow_autobuild: ec_allow_autobuild, near line: 1" in file: "" near line: 1
[09:01:43][pdx_persistent_reader.cpp:268]: Error: "Failed to read key reference: si_economic_system_automation: si_economic_system_automation, near line: 1
Failed to read key reference: si_medium_time_prefrence: si_medium_time_prefrence, near line: 1" in file: "" near line: 1
[09:01:43][pdx_persistent_reader.cpp:268]: Error: "Failed to read key reference: ec_construction_points_100: ec_construction_points_100, near line: 1
Failed to read key reference: ec_subject_construction_same: ec_subject_construction_same, near line: 1
Failed to read key reference: rs_default: rs_default, near line: 1
Failed to read key reference: ec_allow_autobuild: ec_allow_autobuild, near line: 1
Failed to read key reference: si_economic_system_automation: si_economic_system_automation, near line: 1
Failed to read key reference: si_medium_time_prefrence: si_medium_time_prefrence, near line: 1" in file: "" near line: 1
[09:01:43][pdx_persistent_reader.cpp:268]: Error: "Failed to read key reference: ec_construction_points_100: ec_construction_points_100, near line: 1
Failed to read key reference: ec_subject_construction_same: ec_subject_construction_same, near line: 1
Failed to read key reference: rs_default: rs_default, near line: 1
Failed to read key reference: ec_allow_autobuild: ec_allow_autobuild, near line: 1" in file: "" near line: 1
[09:01:43][pdx_persistent_reader.cpp:268]: Error: "Failed to read key reference: ec_construction_points_100: ec_construction_points_100, near line: 1
Failed to read key reference: ec_subject_construction_same: ec_subject_construction_same, near line: 1
Failed to read key reference: rs_default: rs_default, near line: 1
Failed to read key reference: ec_allow_autobuild: ec_allow_autobuild, near line: 1" in file: "" near line: 1
[09:01:43][pdx_persistent_reader.cpp:268]: Error: "Failed to read key reference: si_economic_system_automation: si_economic_system_automation, near line: 1
Failed to read key reference: si_medium_time_prefrence: si_medium_time_prefrence, near line: 1" in file: "" near line: 1
[09:01:43][pdx_persistent_reader.cpp:268]: Error: "Failed to read key reference: si_economic_system_automation: si_economic_system_automation, near line: 1
Failed to read key reference: si_medium_time_prefrence: si_medium_time_prefrence, near line: 1" in file: "" near line: 1
[09:01:43][pdx_persistent_reader.cpp:268]: Error: "Failed to read key reference: si_economic_system_automation: si_economic_system_automation, near line: 1
Failed to read key reference: si_medium_time_prefrence: si_medium_time_prefrence, near line: 1" in file: "" near line: 1
[09:01:43][pdx_persistent_reader.cpp:268]: Error: "Failed to read key reference: si_economic_system_automation: si_economic_system_automation, near line: 1
Failed to read key reference: si_medium_time_prefrence: si_medium_time_prefrence, near line: 1" in file: "" near line: 1
[09:01:43][pdx_persistent_reader.cpp:268]: Error: "Failed to read key reference: ec_construction_points_100: ec_construction_points_100, near line: 1
Failed to read key reference: ec_subject_construction_same: ec_subject_construction_same, near line: 1
Failed to read key reference: rs_default: rs_default, near line: 1
Failed to read key reference: ec_allow_autobuild: ec_allow_autobuild, near line: 1
Failed to read key reference: si_economic_system_automation: si_economic_system_automation, near line: 1
Failed to read key reference: si_medium_time_prefrence: si_medium_time_prefrence, near line: 1" in file: "" near line: 1
[09:01:43][pdx_persistent_reader.cpp:268]: Error: "Failed to read key reference: ec_construction_points_100: ec_construction_points_100, near line: 1
Failed to read key reference: ec_subject_construction_same: ec_subject_construction_same, near line: 1
Failed to read key reference: ec_building_priorities_roleplay: ec_building_priorities_roleplay, near line: 1
Failed to read key reference: rs_default: rs_default, near line: 1
Failed to read key reference: ec_allow_autobuild: ec_allow_autobuild, near line: 1
Failed to read key reference: si_economic_system_automation: si_economic_system_automation, near line: 1
Failed to read key reference: si_medium_time_prefrence: si_medium_time_prefrence, near line: 1" in file: "" near line: 1
[09:01:43][pdx_persistent_reader.cpp:268]: Error: "Failed to read key reference: ec_construction_points_100: ec_construction_points_100, near line: 1
Failed to read key reference: ec_subject_construction_same: ec_subject_construction_same, near line: 1
Failed to read key reference: ec_building_priorities_roleplay: ec_building_priorities_roleplay, near line: 1
Failed to read key reference: rs_default: rs_default, near line: 1
Failed to read key reference: ec_allow_autobuild: ec_allow_autobuild, near line: 1
Failed to read key reference: si_economic_system_automation: si_economic_system_automation, near line: 1
Failed to read key reference: si_medium_time_prefrence: si_medium_time_prefrence, near line: 1" in file: "" near line: 1
[09:02:19][pdx_assert.cpp:641]: Assertion failed: Attempted to create relations for invalid countries!
[09:02:26][jomini_effect_impl.cpp:454]: common/on_actions/00_code_on_actions.txt:7232: Democratic Party Created
[09:02:26][jomini_effect_impl.cpp:454]: common/on_actions/00_code_on_actions.txt:7232: Whig Party Created
[09:02:26][jomini_effect_impl.cpp:454]: common/on_actions/00_code_on_actions.txt:7232: Tory Party Created
[09:02:26][jomini_effect_impl.cpp:454]: common/on_actions/00_code_on_actions.txt:7232: Whig Party Created
[09:02:26][jomini_effect_impl.cpp:454]: common/on_actions/00_code_on_actions.txt:7232: Resistance Party Created
[09:02:26][jomini_effect_impl.cpp:454]: common/on_actions/00_code_on_actions.txt:7232: Movement Party Created
[09:02:26][jomini_effect_impl.cpp:454]: common/on_actions/00_code_on_actions.txt:7232: Republican Union Created
[09:02:26][jomini_effect_impl.cpp:454]: common/on_actions/00_code_on_actions.txt:7232: Legitimist Party Created
[09:02:26][jomini_effect_impl.cpp:454]: common/on_actions/00_code_on_actions.txt:7232: Høyre Created
[09:02:26][jomini_effect_impl.cpp:454]: common/on_actions/00_code_on_actions.txt:7232: Venstre Created
[09:02:26][jomini_effect_impl.cpp:454]: common/on_actions/00_code_on_actions.txt:7232: Catholic Party Created
[09:02:26][jomini_effect_impl.cpp:454]: common/on_actions/00_code_on_actions.txt:7232: Liberal Party Created
[09:02:26][jomini_effect_impl.cpp:454]: common/on_actions/00_code_on_actions.txt:7232: Conservative Party Created
[09:02:26][jomini_effect_impl.cpp:454]: common/on_actions/00_code_on_actions.txt:7232: Liberal Union Created
[09:02:26][jomini_effect_impl.cpp:454]: common/on_actions/00_code_on_actions.txt:7232: Patriotic Party Created
[09:02:26][jomini_effect_impl.cpp:454]: common/on_actions/00_code_on_actions.txt:7232: Cartist Party Created
[09:02:26][jomini_effect_impl.cpp:454]: common/on_actions/00_code_on_actions.txt:7232: Independent Party Created
[09:02:26][jomini_effect_impl.cpp:454]: common/on_actions/00_code_on_actions.txt:7232: Vintist Party Created
[09:02:26][jomini_effect_impl.cpp:454]: common/on_actions/00_code_on_actions.txt:7232: Moderate Party Created
[09:02:26][jomini_effect_impl.cpp:454]: common/on_actions/00_code_on_actions.txt:7232: Progressive Party Created
[09:02:26][jomini_effect_impl.cpp:454]: common/on_actions/00_code_on_actions.txt:7232: Conservative Party Created
[09:02:26][jomini_effect_impl.cpp:454]: common/on_actions/00_code_on_actions.txt:7232: Progress Party Created
[09:02:26][jomini_effect_impl.cpp:454]: common/on_actions/00_code_on_actions.txt:7232: Conservative Party Created
[09:02:26][jomini_effect_impl.cpp:454]: common/on_actions/00_code_on_actions.txt:7232: Progress Party Created
[09:02:26][jomini_effect_impl.cpp:454]: common/on_actions/00_code_on_actions.txt:7232: Conservative Party Created
[09:02:26][jomini_effect_impl.cpp:454]: common/on_actions/00_code_on_actions.txt:7232: Free Conservative Party Created
[09:02:26][jomini_effect_impl.cpp:454]: common/on_actions/00_code_on_actions.txt:7232: Progress Party Created
[09:02:26][jomini_effect_impl.cpp:454]: common/on_actions/00_code_on_actions.txt:7232: Conservative Party Created
[09:02:26][jomini_effect_impl.cpp:454]: common/on_actions/00_code_on_actions.txt:7232: Progress Party Created
[09:02:26][jomini_effect_impl.cpp:454]: common/on_actions/00_code_on_actions.txt:7232: National People’s Party Created
[09:02:26][jomini_effect_impl.cpp:454]: common/on_actions/00_code_on_actions.txt:7232: Conservative Party Created
[09:02:26][jomini_effect_impl.cpp:454]: common/on_actions/00_code_on_actions.txt:7232: Conservative Party Created
[09:02:26][jomini_effect_impl.cpp:454]: common/on_actions/00_code_on_actions.txt:7232: Free Trade Party Created
[09:02:26][jomini_effect_impl.cpp:454]: common/on_actions/00_code_on_actions.txt:7232: Liberal Party Created
[09:02:26][jomini_effect_impl.cpp:454]: common/on_actions/00_code_on_actions.txt:7232: Conservative Party Created
[09:02:26][jomini_effect_impl.cpp:454]: common/on_actions/00_code_on_actions.txt:7232: Liberal Democrats Created
[09:02:26][jomini_effect_impl.cpp:454]: common/on_actions/00_code_on_actions.txt:7232: Conservative Party Created
[09:02:26][jomini_effect_impl.cpp:454]: common/on_actions/00_code_on_actions.txt:7232: Patriotic Party Created
[09:02:26][jomini_effect_impl.cpp:454]: common/on_actions/00_code_on_actions.txt:7232: Conservative Party Created
[09:02:26][jomini_effect_impl.cpp:454]: common/on_actions/00_code_on_actions.txt:7232: Liberal Party Created
[09:02:26][jomini_effect_impl.cpp:454]: common/on_actions/00_code_on_actions.txt:7232: Patriotic Party Created
[09:02:26][jomini_effect_impl.cpp:454]: common/on_actions/00_code_on_actions.txt:7232: Conservative Party Created
[09:02:26][jomini_effect_impl.cpp:454]: common/on_actions/00_code_on_actions.txt:7232: Free Trade Party Created
[09:02:26][jomini_effect_impl.cpp:454]: common/on_actions/00_code_on_actions.txt:7232: Liberal Party Created
[09:02:26][jomini_effect_impl.cpp:454]: common/on_actions/00_code_on_actions.txt:7232: Patriotic Party Created
[09:02:26][jomini_effect_impl.cpp:454]: common/on_actions/00_code_on_actions.txt:7232: Liberal-Conservative Party Created
[09:02:26][jomini_effect_impl.cpp:454]: common/on_actions/00_code_on_actions.txt:7232: Free Trade Party Created
[09:02:26][jomini_effect_impl.cpp:454]: common/on_actions/00_code_on_actions.txt:7232: Liberal Party Created
[09:02:26][jomini_effect_impl.cpp:454]: common/on_actions/00_code_on_actions.txt:7232: Liberal-Conservative Party Created
[09:02:26][jomini_effect_impl.cpp:454]: common/on_actions/00_code_on_actions.txt:7232: Free Trade Party Created
[09:02:26][jomini_effect_impl.cpp:454]: common/on_actions/00_code_on_actions.txt:7232: Liberal Party Created
[09:02:26][jomini_effect_impl.cpp:454]: common/on_actions/00_code_on_actions.txt:7232: Patriotic Party Created
[09:02:26][jomini_effect_impl.cpp:454]: common/on_actions/00_code_on_actions.txt:7232: Liberal-Conservative Party Created
[09:02:26][jomini_effect_impl.cpp:454]: common/on_actions/00_code_on_actions.txt:7232: Liberal Party Created
[09:02:26][jomini_effect_impl.cpp:454]: common/on_actions/00_code_on_actions.txt:7232: Patriotic Party Created
[09:02:26][jomini_effect_impl.cpp:454]: common/on_actions/00_code_on_actions.txt:7232: Democratic Party Created
[09:02:26][jomini_effect_impl.cpp:454]: common/on_actions/00_code_on_actions.txt:7232: Conservative Party Created
[09:02:26][jomini_effect_impl.cpp:454]: common/on_actions/00_code_on_actions.txt:7232: Liberal Party Created
[09:02:26][jomini_effect_impl.cpp:454]: common/on_actions/00_code_on_actions.txt:7232: Moderate Party Created
[09:02:26][jomini_effect_impl.cpp:454]: common/on_actions/00_code_on_actions.txt:7232: Exalted Liberal Party Created
[09:02:26][jomini_effect_impl.cpp:454]: common/on_actions/00_code_on_actions.txt:7232: Conservative Party Created
[09:02:26][jomini_effect_impl.cpp:454]: common/on_actions/00_code_on_actions.txt:7232: Liberal Party Created
[09:02:26][jomini_effect_impl.cpp:454]: common/on_actions/00_code_on_actions.txt:7232: Conservative Party Created
[09:02:26][jomini_effect_impl.cpp:454]: common/on_actions/00_code_on_actions.txt:7232: Liberal Party Created
[09:02:26][jomini_effect_impl.cpp:454]: common/on_actions/00_code_on_actions.txt:7232: Blanco Party Created
[09:02:26][jomini_effect_impl.cpp:454]: common/on_actions/00_code_on_actions.txt:7232: Colorado Party Created
[09:02:26][jomini_effect_impl.cpp:454]: common/on_actions/00_code_on_actions.txt:7232: Conservative Party Created
[09:02:26][jomini_effect_impl.cpp:454]: common/on_actions/00_code_on_actions.txt:7232: Free Trade Party Created
[09:02:26][jomini_effect_impl.cpp:454]: common/on_actions/00_code_on_actions.txt:7232: Liberal Party Created
[09:02:26][jomini_effect_impl.cpp:454]: common/on_actions/00_code_on_actions.txt:7232: Patriotic Party Created
[09:02:26][jomini_effect_impl.cpp:454]: common/on_actions/00_code_on_actions.txt:7232: Liberal-Conservative Party Created
[09:02:26][jomini_effect_impl.cpp:454]: common/on_actions/00_code_on_actions.txt:7232: Liberal Party Created
[09:02:26][jomini_effect_impl.cpp:454]: common/on_actions/00_code_on_acti